id,timestamp,solution_name,hv_position,target_voltage,actual_voltage,actual_current_ps,flow_rate,mean_na,deviation_na,median_na,rms_na,variance_na,qty_max,pct_max,band_power_v_low,band_power_low,band_power_mid,band_power_high,band_power_v_high,rf_spray_mode,xgb_spray_mode,image_classification,manual_classification,video_file,raw_data_file
1,"2026-04-14T11:32:28,236",experiment,0,3000,3001.15,-6.21336e-08,1,-12.7910747528076,16.1389408111572,-14.8735733032227,20.5931301116943,260.465393066406,0,0,0.586876946194973,13.4739424332598,17.4888413084828,73.1132176312131,36.0723597522761,dripping (83%),dripping (100%),dripping,,,experiment_0_sample_0.npy
2,"2026-04-14T11:32:33,560",experiment,0,3200,3201.18,-6.44898e-08,1,8.20852756500244,16.3177642822266,9.91571617126465,18.2660694122314,266.269409179688,0,0,0.670132530362363,17.1197603066425,18.6610856841818,71.3638410459507,37.385218930395,dripping (86%),dripping (100%),dripping,,,experiment_0_sample_1.npy
3,"2026-04-14T11:32:38,618",experiment,0,3400,3401.06,-6.34426e-08,1,11.6947937011719,16.4889698028564,9.91571617126465,20.2152004241943,271.886108398438,0,0,0.446899775921152,25.2149622320399,20.4691540354116,73.1522884026027,35.64631794755,dripping (90%),dripping (100%),intermitent,,,experiment_0_sample_2.npy
4,"2026-04-14T11:32:43,687",experiment,0,3600,3600.97,-5.40178e-08,1,-25.6809101104736,16.2899990081787,-24.7892913818359,30.4117298126221,265.364074707031,0,0,0.510216501247616,22.2484069108671,16.3296278619029,72.1349393525566,36.0718109269129,intermitent (49%),dripping (77%),intermitent,,,experiment_0_sample_3.npy
5,"2026-04-14T11:32:48,727",experiment,0,3800,3800.97,-5.33197e-08,1,-20.5102634429932,16.1718711853027,-19.8314323425293,26.1189632415771,261.529388427734,0,0,0.756218332097738,18.7332563233259,17.3399168247162,72.5295496180078,35.3123754086347,intermitent (53%),dripping (72%),intermitent,,,experiment_0_sample_4.npy
6,"2026-04-14T11:32:53,788",experiment,0,4000,4001.17,-5.49778e-08,1,44.5769958496094,18.1473197937012,44.6207237243652,48.1293411254883,329.325225830078,0,0,0.697605922768297,15.1375700971242,16.4096295295532,71.6672424773646,36.328421668011,intermitent (71%),intermitent (98%),intermitent,,,experiment_0_sample_5.npy
7,"2026-04-14T11:32:58,850",experiment,0,4200,4201.06,-5.58504e-08,1,52.8546295166016,18.9222087860107,54.5364379882813,56.1396675109863,358.049987792969,0,0,0.827100664905951,23.424569322011,16.1676960610098,74.906157249261,35.5428447542958,intermitent (77%),intermitent (100%),intermitent,,,experiment_0_sample_6.npy
8,"2026-04-14T11:33:03,898",experiment,0,4400,4401.12,-5.6374e-08,1,-22.0382747650146,16.0021572113037,-19.8314323425293,27.2351722717285,256.069030761719,0,0,0.562292535964793,14.8144645167219,17.3276022648844,70.4144928452932,36.9524114178086,intermitent (43%),cone_jet (77%),intermitent,,,experiment_0_sample_7.npy
9,"2026-04-14T11:33:08,929",experiment,0,4600,4601.01,-5.00909e-08,1,47.1390151977539,16.1211795806885,49.5785827636719,49.819465637207,259.892456054688,0,0,0.731676711526249,14.362286213882,17.486890325881,73.7010162622976,36.3825775604307,cone_jet (47%),intermitent (68%),cone_jet,,,experiment_0_sample_8.npy
10,"2026-04-14T11:33:13,990",experiment,0,4800,4800.9,-4.76474e-08,1,32.5095672607422,16.2323112487793,34.705005645752,36.3367576599121,263.487915039063,0,0,0.708657202900456,18.9307086105788,13.962088065423,71.2445202335938,34.8079891236632,cone_jet (55%),cone_jet (70%),undefined,,,experiment_0_sample_9.npy
11,"2026-04-14T11:33:19,087",experiment,0,5000,5001.13,-4.88691e-08,1,-2.61745166778564,16.0183925628662,0,16.2308330535889,256.588928222656,0,0,0.706911579069674,14.4729978947652,14.5132175028855,70.7202162114188,36.4873053448603,cone_jet (31%),multi_jet (81%),undefined,,,experiment_0_sample_10.npy
12,"2026-04-14T11:33:24,146",experiment,0,5200,5201.11,-4.44185e-08,1,48.3626136779785,15.7319850921631,49.5785827636719,50.8570365905762,247.495361328125,0,0,0.534411581440799,10.7848491609497,11.6162345960876,69.4688311217145,35.2845818763897,cone_jet (44%),multi_jet (54%),undefined,,,experiment_0_sample_11.npy
13,"2026-04-14T11:33:29,186",experiment,0,5400,5400.97,-4.93055e-08,1,25.5566673278809,16.2929611206055,24.7892913818359,30.3084774017334,265.460571289063,0,0,0.584027164455437,23.3287307191771,16.3787504204764,73.1666823752885,35.6026123508993,cone_jet (45%),cone_jet (91%),multi_jet,,,experiment_0_sample_12.npy
14,"2026-04-14T11:33:34,248",experiment,0,5600,5600.9,-4.74729e-08,1,8.48021793365479,16.0509281158447,9.91571617126465,18.1534118652344,257.632293701172,0,0,0.6579009512224,13.1729564511494,14.9866986361423,73.576569123096,37.4161733780236,dripping (37%),multi_jet (80%),multi_jet,,,experiment_0_sample_13.npy
15,"2026-04-14T11:33:39,332",experiment,0,5800,5800.93,-4.02297e-08,1,20.2572116851807,16.3537368774414,19.8314323425293,26.0345802307129,267.444732666016,0,0,0.522840036775687,27.554790594288,15.9975668976847,71.140941686015,35.4196502813947,cone_jet (51%),cone_jet (82%),multi_jet,,,experiment_0_sample_14.npy
16,"2026-04-14T11:33:44,384",experiment,0,6000,6001.11,-1.81514e-08,1,43.2009887695313,15.9599905014038,44.6207237243652,46.0548248291016,254.721282958984,0,0,0.756064276641815,16.8747866257186,16.2807251810446,68.4403351366573,36.1940878042468,cone_jet (57%),cone_jet (89%),multi_jet,,,experiment_0_sample_15.npy
17,"2026-04-14T11:33:49,466",experiment,0,6200,6201.05,7.36602e-08,1,30.9295997619629,15.7671251296997,29.7471466064453,34.7165985107422,248.602233886719,0,0,0.842041781501088,12.042972160033,14.6818388297486,66.6815581448228,34.6790976588761,cone_jet (46%),multi_jet (94%),multi_jet,,,experiment_0_sample_16.npy
18,"2026-04-14T11:33:54,507",experiment,0,6400,6400.99,1.06475e-07,1,76.3909759521484,16.1647663116455,74.3678741455078,78.0825271606445,261.299682617188,0,0,0.514525512438011,16.4693499834201,17.1392712603107,70.5778703506032,36.464156267918,cone_jet (66%),cone_jet (76%),multi_jet,,,experiment_0_sample_17.npy
19,"2026-04-14T11:33:59,552",experiment,0,6600,6600.86,2.15569e-07,1,131.936233520508,19.3287563323975,133.862167358398,133.34455871582,373.600799560547,0,0,1.27939662536336,15.8341912847098,17.1515265458096,70.5663006476434,34.6835290226869,multi_jet (72%),multi_jet (99%),multi_jet,,,experiment_0_sample_18.npy
20,"2026-04-14T11:34:04,587",experiment,0,6800,6800.79,3.22307e-07,1,221.978881835938,16.4604721069336,223.103607177734,222.588317871094,270.947113037109,0,0,1.06221984420922,16.9473690967386,15.4312195515417,70.8592678193526,36.2900626129306,multi_jet (100%),multi_jet (100%),multi_jet,,,experiment_0_sample_19.npy
21,"2026-04-14T11:34:09,652",experiment,0,7000,7001.12,4.17262e-07,1,519.393188476563,16.3807830810547,520.575134277344,519.6513671875,268.330078125,0,0,1.08050679721977,12.0620586850944,14.2706040640886,68.4597771008087,36.0669610704451,multi_jet (100%),multi_jet (100%),multi_jet,,,experiment_0_sample_20.npy
22,"2026-04-14T11:34:14,709",experiment,0,7200,7201.06,5.91638e-07,1,476.936279296875,16.5569324493408,475.954345703125,477.223602294922,274.132019042969,0,0,1.56969013488965,11.6068589580003,14.8327983975773,70.8078836195775,37.0039005837764,multi_jet (100%),multi_jet (100%),multi_jet,,,experiment_0_sample_21.npy
23,"2026-04-14T11:34:19,770",experiment,0,7400,7400.95,8.24401e-07,1,798.091369628906,16.8354606628418,798.215148925781,798.268859863281,283.432708740234,0,0,1.42628805666674,17.0676192030404,17.4645066084254,71.2315566156642,36.6448521688362,multi_jet (100%),multi_jet (100%),multi_jet,,,experiment_0_sample_22.npy
24,"2026-04-14T11:34:24,796",experiment,0,7600,7600.86,9.97729e-07,1,852.2724609375,16.7649784088135,852.751525878906,852.437255859375,281.064483642578,0,0,1.12724411113255,15.2023311069207,15.6995705570895,69.6788635408254,35.0954632220191,multi_jet (100%),multi_jet (100%),multi_jet,,,experiment_0_sample_23.npy
25,"2026-04-14T11:34:29,851",experiment,0,7800,7800.78,1.15569e-06,1,1160.05212402344,16.4631214141846,1160.138671875,1160.1689453125,271.034393310547,0,0,1.05303860404827,22.5664042170716,18.0199637504137,74.490010018201,36.7089799511256,multi_jet (99%),multi_jet (100%),multi_jet,,,experiment_0_sample_24.npy
26,"2026-04-14T11:34:34,918",experiment,0,8000,8000.9,1.42249e-06,1,1168.71350097656,17.2143936157227,1170.05444335938,1168.84020996094,296.335327148438,0,0,1.39351707889662,20.4648068962764,15.8070506761825,69.5343788471903,35.0151536701379,multi_jet (100%),multi_jet (100%),multi_jet,,,experiment_0_sample_25.npy
27,"2026-04-14T11:34:39,981",experiment,0,8200,8200.95,1.3847e-06,1,1526.93664550781,16.700553894043,1527.02026367188,1527.02795410156,278.908477783203,0,0,1.01903235226503,17.7750251128322,15.9295387305149,72.5014962005737,35.6398183389274,multi_jet (100%),multi_jet (100%),multi_jet,,,experiment_0_sample_26.npy
28,"2026-04-14T11:34:45,008",experiment,0,8400,8400.9,1.86262e-06,1,1817.82788085938,16.4787101745605,1819.53393554688,1817.90258789063,271.547912597656,0,0,1.25686158333113,13.6441116102645,16.8035417018712,74.5176279071523,36.056726216856,multi_jet (100%),multi_jet (100%),multi_jet,,,experiment_0_sample_27.npy
29,"2026-04-14T11:34:50,036",experiment,0,8600,8600.75,1.94108e-06,1,1899.58435058594,16.8893814086914,1898.85961914063,1899.65942382813,285.251220703125,0,0,2.16700038379468,12.9478013322621,16.6821380278022,71.4405079618377,36.3762345219074,multi_jet (100%),multi_jet (100%),multi_jet,,,experiment_0_sample_28.npy
30,"2026-04-14T11:34:55,065",experiment,0,8800,8800.66,2.16887e-06,1,1883.51489257813,17.9451541900635,1883.98596191406,1883.6005859375,322.028533935547,0,0,1.18007968604152,15.2785378223002,15.5787719246297,72.2357475918931,37.5375083761424,multi_jet (100%),multi_jet (100%),multi_jet,,,experiment_0_sample_29.npy
31,"2026-04-14T11:35:00,109",experiment,0,9000,9000.89,2.21198e-06,1,2304.81567382813,16.1657562255859,2305.40405273438,2304.87231445313,261.331665039063,0,0,1.17935285503941,13.3079833313152,13.8238228842297,68.8222307615244,36.2207830290427,multi_jet (100%),multi_jet (100%),multi_jet,,,experiment_0_sample_30.npy
32,"2026-04-14T11:35:22,294",experiment,0,3000,3001.33,-7.16456e-08,2,-26.8767471313477,16.0789413452148,-24.7892913818359,31.3191947937012,258.532379150391,0,0,0.702949972164886,16.7424309246442,16.2032061563667,71.4990709481506,35.7060155179338,intermitent (48%),dripping (98%),undefined,,,experiment_0_sample_31.npy
33,"2026-04-14T11:35:27,366",experiment,0,3200,3201.25,-5.82939e-08,2,-19.414176940918,15.9156951904297,-19.8314323425293,25.104175567627,253.309356689453,0,0,0.415041905217043,12.070942977344,14.0145777460197,71.9813427902371,35.8237906273488,intermitent (51%),dripping (98%),dripping,,,experiment_0_sample_32.npy
34,"2026-04-14T11:35:32,432",experiment,0,3400,3401.11,-4.0317e-08,2,13.0579071044922,18.3205451965332,14.8735733032227,22.4978065490723,335.642395019531,0,0,0.541015290783203,12.8525215504476,14.4050360073104,72.6760966492976,36.6575155490439,intermitent (50%),dripping (85%),intermitent,,,experiment_0_sample_33.npy
35,"2026-04-14T11:35:37,517",experiment,0,3600,3601.01,-2.70525e-08,2,66.8181381225586,16.856746673584,64.4521560668945,68.9116439819336,284.149932861328,0,0,0.706493881403143,13.6362796641796,13.6154218681819,70.051570911202,35.2102893008951,intermitent (74%),intermitent (100%),intermitent,,,experiment_0_sample_34.npy
36,"2026-04-14T11:35:42,551",experiment,0,3800,3800.99,-3.56046e-08,2,38.0648460388184,15.9376363754272,39.6628646850586,41.2667045593262,254.008239746094,0,0,0.654222161348015,16.1502754621705,14.6002957099948,68.9237703790575,35.1132425056765,intermitent (64%),intermitent (89%),intermitent,,,experiment_0_sample_35.npy
37,"2026-04-14T11:35:47,620",experiment,0,4000,4001.16,-4.20623e-08,2,23.9499244689941,16.4227409362793,24.7892913818359,29.0397186279297,269.706420898438,0,0,0.658845928599542,20.6303826492905,19.5821560579858,70.3602947523441,34.1580379624946,intermitent (66%),intermitent (81%),intermitent,,,experiment_0_sample_36.npy
38,"2026-04-14T11:35:52,677",experiment,0,4200,4201.09,-3.07177e-08,2,2.21051073074341,16.2978820800781,0,16.4471073150635,265.620971679688,0,0,0.545821938365229,16.2470294784651,15.5773561550753,74.6820821854135,36.1269115270885,dripping (41%),cone_jet (85%),intermitent,,,experiment_0_sample_37.npy
39,"2026-04-14T11:35:57,727",experiment,0,4400,4401.14,-1.78896e-08,2,31.5203742980957,15.8162508010864,29.7471466064453,35.2659606933594,250.153778076172,0,0,0.543647775782475,13.0051385182624,15.1007975362692,69.1948050629423,35.9747931423215,cone_jet (47%),cone_jet (53%),cone_jet,,,experiment_0_sample_38.npy
40,"2026-04-14T11:36:02,789",experiment,0,4600,4601.02,-1.30899e-09,2,4.146653175354,16.2211894989014,4.95785808563232,16.7428112030029,263.127014160156,0,0,0.76576314124296,16.4510032689332,15.2722133913351,69.619211079677,35.7617673035834,dripping (35%),cone_jet (78%),cone_jet,,,experiment_0_sample_39.npy
41,"2026-04-14T11:36:07,852",experiment,0,4800,4800.92,2.70552e-09,2,16.6219120025635,16.1415596008301,14.8735733032227,23.1697616577148,260.549926757813,0,0,0.472515622271605,19.1912919642461,17.6201337674924,71.1607518138766,35.6209090348914,intermitent (47%),cone_jet (92%),cone_jet,,,experiment_0_sample_40.npy
42,"2026-04-14T11:36:12,895",experiment,0,5000,5001.16,2.21678e-08,2,25.0931072235107,16.0878677368164,24.7892913818359,29.8074398040771,258.819488525391,0,0,0.644397891554409,14.2046741868451,15.9489129682056,71.7355596253358,34.9770018168722,cone_jet (46%),cone_jet (35%),cone_jet,,,experiment_0_sample_41.npy
43,"2026-04-14T11:36:17,961",experiment,0,5200,5201.12,-2.35619e-09,2,28.0006923675537,16.2001171112061,29.7471466064453,32.3493843078613,262.443786621094,0,0,0.539787262119636,21.1285541463509,16.9930838827142,71.9294510325421,36.2610408057109,cone_jet (66%),cone_jet (98%),undefined,,,experiment_0_sample_42.npy
44,"2026-04-14T11:36:23,010",experiment,0,5400,5400.99,1.78914e-08,2,10.0291509628296,16.2725296020508,9.91571617126465,19.1148929595947,264.795227050781,0,0,0.870615134862756,15.5837326706494,15.1677832372445,69.7193554220744,35.8203386296944,dripping (54%),multi_jet (88%),multi_jet,,,experiment_0_sample_43.npy
45,"2026-04-14T11:36:28,126",experiment,0,5600,5600.94,2.35642e-09,2,12.6612796783447,16.2125053405762,14.8735733032227,20.5706901550293,262.845306396484,0,0,0.689831435002099,15.3089026214567,13.2669333079422,72.9611699770428,35.5416291233584,dripping (33%),multi_jet (93%),multi_jet,,,experiment_0_sample_44.npy
46,"2026-04-14T11:36:33,187",experiment,0,5800,5800.91,3.06335e-08,2,2.92017841339111,16.0339298248291,4.95785808563232,16.297679901123,257.0869140625,0,0,0.85860999120782,13.0733804735173,15.0906638571362,70.643851798846,35.7275341813256,intermitent (27%),multi_jet (98%),multi_jet,,,experiment_0_sample_45.npy
47,"2026-04-14T11:36:38,240",experiment,0,6000,6001.15,2.99353e-08,2,5.74863624572754,16.508207321167,4.95785808563232,17.4804954528809,272.520935058594,0,0,0.708875384232666,19.3574709357461,18.0053618917522,72.8106939208945,35.1035433309951,dripping (43%),multi_jet (98%),multi_jet,,,experiment_0_sample_46.npy
48,"2026-04-14T11:36:43,453",experiment,0,6200,6201.08,1.05253e-07,2,71.0156631469727,16.3569755554199,69.4100112915039,72.8750610351563,267.550659179688,0,0,0.557857769081211,20.6991558895717,17.6461937979757,71.969519866787,37.2543970532707,cone_jet (59%),cone_jet (96%),multi_jet,,,experiment_0_sample_47.npy
49,"2026-04-14T11:36:48,547",experiment,0,6400,6401.01,2.02391e-07,2,35.6889419555664,16.1217422485352,34.705005645752,39.1613502502441,259.910552978516,0,0,0.70400052808629,16.1901019697709,14.6421419534498,69.5837652655282,34.9113222627338,cone_jet (46%),multi_jet (92%),multi_jet,,,experiment_0_sample_48.npy
50,"2026-04-14T11:36:53,594",experiment,0,6600,6600.88,3.02408e-07,2,257.264038085938,17.231517791748,257.808624267578,257.840484619141,296.925231933594,0,0,1.2785364497849,18.683848100545,16.5317352960663,67.7653729535809,34.3943553629988,multi_jet (98%),multi_jet (100%),multi_jet,,,experiment_0_sample_49.npy
51,"2026-04-14T11:36:58,668",experiment,0,6800,6800.84,4.79315e-07,2,361.246307373047,17.1014881134033,361.923645019531,361.65087890625,292.460876464844,0,0,1.6430763637868,12.6304786331867,15.4017224851054,65.8028040706879,35.914184874704,multi_jet (100%),multi_jet (100%),multi_jet,,,experiment_0_sample_50.npy
52,"2026-04-14T11:37:03,735",experiment,0,7000,7001.17,6.2262e-07,2,592.165222167969,16.694091796875,589.985107421875,592.400451660156,278.692687988281,0,0,1.30442115761592,14.5266012984791,15.164359723217,70.8456567231511,35.7837601351453,multi_jet (100%),multi_jet (100%),multi_jet,,,experiment_0_sample_51.npy
53,"2026-04-14T11:37:08,801",experiment,0,7200,7201.08,6.80135e-07,2,717.439331054688,16.8854522705078,718.889404296875,717.638061523438,285.118530273438,0,0,0.720095443060993,16.3905751699455,17.0205154404521,71.1234941652023,36.810066213812,multi_jet (100%),multi_jet (100%),multi_jet,,,experiment_0_sample_52.npy
54,"2026-04-14T11:37:13,845",experiment,0,7400,7400.99,8.46045e-07,2,818.875366210938,18.1814060211182,818.046569824219,819.077209472656,330.563507080078,0,0,1.58121579555346,11.1687107271913,14.3042549157189,68.5807307607847,34.7489185375029,multi_jet (100%),multi_jet (100%),multi_jet,,,experiment_0_sample_53.npy
55,"2026-04-14T11:37:18,910",experiment,0,7600,7600.89,1.11319e-06,2,988.893432617188,16.6517543792725,986.61376953125,989.033569335938,277.280914306641,0,0,0.875958916321704,14.807898531068,14.7798348806929,70.1369922405621,35.5535840318788,multi_jet (100%),multi_jet (100%),multi_jet,,,experiment_0_sample_54.npy
56,"2026-04-14T11:37:23,897",experiment,0,7800,7800.79,1.20684e-06,2,1117.50549316406,16.5679187774658,1115.51806640625,1117.62841796875,274.495910644531,0,0,0.792576676698368,20.5370729530023,17.8330705196219,71.019854962199,36.2475667624794,multi_jet (100%),multi_jet (100%),multi_jet,,,experiment_0_sample_55.npy
57,"2026-04-14T11:37:29,001",experiment,0,8000,8000.94,1.35817e-06,2,1394.48400878906,16.330005645752,1393.15808105469,1394.57958984375,266.669067382813,0,0,1.18498833321966,15.421341327811,16.2150757309157,69.1882503393344,36.0475093541395,multi_jet (100%),multi_jet (100%),multi_jet,,,experiment_0_sample_56.npy
58,"2026-04-14T11:37:34,063",experiment,0,8200,8201,1.59416e-06,2,1579.8505859375,16.3308353424072,1581.556640625,1579.93505859375,266.696166992188,0,0,1.26480964097417,10.4107721073767,14.1909999067221,70.459384348999,35.8009340144402,multi_jet (100%),multi_jet (100%),multi_jet,,,experiment_0_sample_57.npy
59,"2026-04-14T11:37:39,103",experiment,0,8400,8400.92,1.81724e-06,2,1727.43969726563,16.2952728271484,1725.33459472656,1727.51647949219,265.535919189453,0,0,1.58430917391164,13.8908483122211,13.431334585593,68.6167645275618,35.7207977905747,multi_jet (100%),multi_jet (100%),multi_jet,,,experiment_0_sample_58.npy
60,"2026-04-14T11:37:44,169",experiment,0,8600,8600.74,2.25414e-06,2,2124.67114257813,17.4404544830322,2126.92114257813,2124.74267578125,304.16943359375,0,0,1.59743627642489,17.7043927861929,14.7227141858783,69.5616289315837,35.872920416484,multi_jet (100%),multi_jet (100%),multi_jet,,,experiment_0_sample_59.npy
61,"2026-04-14T11:37:49,204",experiment,0,8800,8800.68,2.45068e-06,2,2123.7529296875,18.3622512817383,2121.96337890625,2123.83227539063,337.172271728516,0,0,1.87648183890734,17.8746657923132,16.2300137310552,67.5274389954703,35.761433228358,multi_jet (100%),multi_jet (100%),multi_jet,,,experiment_0_sample_60.npy
62,"2026-04-14T11:37:54,239",experiment,0,9000,9000.9,2.69907e-06,2,2474.07006835938,17.6090297698975,2473.97119140625,2474.13256835938,310.077911376953,0,0,1.45548545366495,21.8884384225727,17.8457310193408,69.2375755028407,36.7196202550093,multi_jet (100%),multi_jet (100%),multi_jet,,,experiment_0_sample_61.npy
63,"2026-04-14T11:38:16,424",experiment,0,3000,3001.33,-6.51007e-08,3,8.90441226959229,16.3158988952637,9.91571617126465,18.5875511169434,266.208526611328,0,0,0.53684813772885,19.6165019421119,18.5136046378624,70.9361950960526,36.3337628790796,dripping (90%),dripping (100%),undefined,,,experiment_0_sample_62.npy
64,"2026-04-14T11:38:21,460",experiment,0,3200,3201.26,-5.06144e-08,3,-15.1904802322388,16.0015468597412,-14.8735733032227,22.063549041748,256.049499511719,0,0,0.582345422308391,13.2632592948791,13.8204678209228,70.1945339758126,37.2933740678212,intermitent (46%),dripping (94%),dripping,,,experiment_0_sample_63.npy
65,"2026-04-14T11:38:26,519",experiment,0,3400,3401.15,-3.64773e-08,3,-15.8071374893188,16.0695514678955,-14.8735733032227,22.5409870147705,258.23046875,0,0,0.548376876707537,17.1129749096413,17.0560048427089,70.7678959628407,36.0601620622227,intermitent (47%),dripping (97%),intermitent,,,experiment_0_sample_64.npy
66,"2026-04-14T11:38:31,582",experiment,0,3600,3601.04,-2.14675e-08,3,36.8025779724121,16.0911655426025,34.705005645752,40.1665916442871,258.925628662109,0,0,0.865899184296781,18.6968556001693,17.2004907673601,68.4903311842195,34.185279419515,intermitent (73%),intermitent (95%),intermitent,,,experiment_0_sample_65.npy
67,"2026-04-14T11:38:36,636",experiment,0,3800,3801.02,-1.9024e-08,3,56.092113494873,16.7494335174561,54.5364379882813,58.5394668579102,280.543518066406,0,0,0.628435648272685,14.391698299924,14.0187131056329,71.1124616818963,35.9169474936954,intermitent (71%),intermitent (100%),intermitent,,,experiment_0_sample_66.npy
68,"2026-04-14T11:38:41,699",experiment,0,4000,4001.21,1.13457e-09,3,-5.82746648788452,16.0867900848389,-4.95785808563232,17.1097679138184,258.784790039063,0,0,0.555975763643135,14.0699639094124,12.5001330471254,70.9434581028434,36.5096346389749,dripping (42%),intermitent (72%),intermitent,,,experiment_0_sample_67.npy
69,"2026-04-14T11:38:46,745",experiment,0,4200,4201.09,1.3964e-09,3,-1.11541891098022,16.2637424468994,0,16.3019466400146,264.509307861328,0,0,0.513273889378707,14.8832486346586,15.6236137004605,74.5647953782315,37.4732847064525,dripping (45%),dripping (69%),intermitent,,,experiment_0_sample_68.npy
70,"2026-04-14T11:38:51,788",experiment,0,4400,4401.16,3.22918e-09,3,54.5938491821289,15.8652439117432,54.5364379882813,56.8523902893066,251.705963134766,0,0,0.789788880902641,14.7095439093599,13.6861681008683,65.5412386209624,35.0455119592136,intermitent (41%),cone_jet (79%),cone_jet,,,experiment_0_sample_69.npy
71,"2026-04-14T11:38:56,885",experiment,0,4600,4601.04,2.87135e-08,3,59.5316734313965,15.9074506759644,59.4942932128906,61.6203536987305,253.046981811523,0,0,0.527402543572301,15.3361367711938,15.2160941272033,68.3100619950984,35.8008640440837,cone_jet (50%),cone_jet (89%),cone_jet,,,experiment_0_sample_70.npy
72,"2026-04-14T11:39:01,941",experiment,0,4800,4800.92,6.36235e-08,3,14.8090229034424,15.9090938568115,14.8735733032227,21.7349128723145,253.099273681641,0,0,0.490796015808821,10.9586426149571,14.6218780595885,69.9206324585038,36.3276993053247,intermitent (35%),cone_jet (99%),cone_jet,,,experiment_0_sample_71.npy
73,"2026-04-14T11:39:06,993",experiment,0,5000,5001.19,3.91865e-08,3,57.4387702941895,15.8926286697388,59.4942932128906,59.5968780517578,252.575637817383,0,0,0.932596965554063,11.0421035426168,13.5992374600979,68.1411314994867,36.0059816850285,cone_jet (38%),multi_jet (53%),cone_jet,,,experiment_0_sample_72.npy
74,"2026-04-14T11:39:12,043",experiment,0,5200,5201.14,8.42205e-08,3,14.4948921203613,16.2386817932129,14.8735733032227,21.7668704986572,263.694763183594,0,0,0.643364547109838,21.8750536555654,16.8307880365702,71.9839424182282,35.1889983272178,dripping (38%),multi_jet (68%),cone_jet,,,experiment_0_sample_73.npy
75,"2026-04-14T11:39:17,071",experiment,0,5400,5400.99,5.86488e-08,3,63.9954414367676,15.9570903778076,64.4521560668945,65.9548721313477,254.62873840332,0,0,0.74931972464469,13.7071326601575,12.9261733763152,66.9555047856296,35.2998076192506,cone_jet (43%),multi_jet (67%),multi_jet,,,experiment_0_sample_74.npy
76,"2026-04-14T11:39:22,132",experiment,0,5600,5600.92,7.16528e-08,3,43.4971733093262,16.5002574920654,44.6207237243652,46.5216331481934,272.258514404297,0,0,0.70140579976916,19.7384991064393,18.0283566900735,73.778263385841,36.574841718441,cone_jet (38%),multi_jet (91%),multi_jet,,,experiment_0_sample_75.npy
77,"2026-04-14T11:39:27,210",experiment,0,5800,5800.92,1.03159e-07,3,20.8666324615479,15.7274351119995,19.8314323425293,26.1298389434814,247.352203369141,0,0,1.00603114937339,11.2375719218852,14.5006852040773,67.984649860602,34.7182277227688,cone_jet (51%),multi_jet (65%),multi_jet,,,experiment_0_sample_76.npy
78,"2026-04-14T11:39:32,265",experiment,0,6000,6001.15,8.5355e-08,3,47.6513595581055,16.9764595031738,49.5785827636719,50.5851020812988,288.2001953125,0,0,0.59708193831577,20.4243949229113,14.7209059529031,68.5765796223304,35.9175278325744,multi_jet (55%),multi_jet (100%),multi_jet,,,experiment_0_sample_77.npy
79,"2026-04-14T11:39:37,336",experiment,0,6200,6201.09,1.09268e-07,3,74.1048126220703,16.1275424957275,74.3678741455078,75.8394317626953,260.097625732422,0,0,0.633505275883908,14.7227455182597,16.7565944470157,68.7577358046009,35.6372125715025,cone_jet (45%),multi_jet (80%),multi_jet,,,experiment_0_sample_78.npy
80,"2026-04-14T11:39:42,392",experiment,0,6400,6401.01,3.04415e-07,3,232.870681762695,19.4322261810303,233.019317626953,233.680053710938,377.611389160156,0,0,1.82905878501749,13.0447098707473,13.6192338218395,68.6644879531578,35.4572223312884,multi_jet (92%),multi_jet (100%),multi_jet,,,experiment_0_sample_79.npy
81,"2026-04-14T11:39:47,434",experiment,0,6600,6600.89,4.05131e-07,3,275.867126464844,16.3238716125488,277.640045166016,276.349670410156,266.468811035156,0,0,0.968050415299593,14.6661598293032,16.9688794572423,69.1380586740201,34.4465511921336,multi_jet (98%),multi_jet (100%),multi_jet,,,experiment_0_sample_80.npy
82,"2026-04-14T11:39:52,491",experiment,0,6800,6800.84,4.63081e-07,3,323.601684570313,19.1212673187256,322.260772705078,324.166137695313,365.622833251953,0,0,1.14892162403448,14.9063760251168,19.4562622716181,71.4859340673897,35.4055827380806,multi_jet (100%),multi_jet (100%),multi_jet,,,experiment_0_sample_81.npy
83,"2026-04-14T11:39:57,545",experiment,0,7000,7001.13,5.40844e-07,3,507.102447509766,16.596529006958,505.701538085938,507.373931884766,275.444793701172,0,0,1.25155868509837,12.2841119700652,13.694825873291,66.5837466728181,35.5718537838228,multi_jet (100%),multi_jet (100%),multi_jet,,,experiment_0_sample_82.npy
84,"2026-04-14T11:40:02,617",experiment,0,7200,7201.1,7.27787e-07,3,523.509338378906,20.08229637146,525.532958984375,523.894409179688,403.298645019531,0,0,1.94708301229225,19.6411719156685,18.0234988866759,69.7431390180182,35.3466605805485,multi_jet (100%),multi_jet (100%),multi_jet,,,experiment_0_sample_83.npy
85,"2026-04-14T11:40:07,669",experiment,0,7400,7400.97,8.17418e-07,3,788.052185058594,15.8964700698853,788.299438476563,788.212463378906,252.69775390625,0,0,0.583874594208182,10.5125981833161,14.4033420053495,68.2170455154291,35.1960017676151,multi_jet (100%),multi_jet (100%),multi_jet,,,experiment_0_sample_84.npy
86,"2026-04-14T11:40:12,764",experiment,0,7600,7600.86,1.08997e-06,3,836.614318847656,16.1542720794678,837.877990722656,836.770263671875,260.960479736328,0,0,0.835735218950994,13.4155293476993,16.5246489983142,68.694269322959,35.4002564314822,multi_jet (100%),multi_jet (100%),multi_jet,,,experiment_0_sample_85.npy
87,"2026-04-14T11:40:17,842",experiment,0,7800,7800.81,1.11589e-06,3,1151.58862304688,17.9972667694092,1150.22302246094,1151.72924804688,323.901580810547,0,0,1.01235702059823,17.9851443626457,13.5858917150988,68.8937024787147,36.5387470740429,multi_jet (100%),multi_jet (100%),multi_jet,,,experiment_0_sample_86.npy
88,"2026-04-14T11:40:22,938",experiment,0,8000,8000.92,1.48969e-06,3,1079.9130859375,19.9592113494873,1080.81311035156,1080.09753417969,398.3701171875,0,0,1.24196978967229,21.5456717452041,19.8825641880907,71.0742278081183,36.7519951572791,multi_jet (100%),multi_jet (100%),multi_jet,,,experiment_0_sample_87.npy
89,"2026-04-14T11:40:27,996",experiment,0,8200,8200.98,1.74087e-06,3,1562.716796875,16.5355987548828,1561.72521972656,1562.80432128906,273.426025390625,0,0,1.22050017192137,19.3412255484695,18.0388395470335,67.3932939433194,36.0778417138585,multi_jet (100%),multi_jet (100%),multi_jet,,,experiment_0_sample_88.npy
90,"2026-04-14T11:40:33,036",experiment,0,8400,8400.89,2.0075e-06,3,1610.1484375,15.9377317428589,1611.30383300781,1610.22741699219,254.011306762695,0,0,0.906886400454086,13.8013131807884,14.794528514185,70.9061567596802,35.3712279870117,multi_jet (97%),multi_jet (100%),multi_jet,,,experiment_0_sample_89.npy
91,"2026-04-14T11:40:38,115",experiment,0,8600,8600.77,2.40905e-06,3,1966.91845703125,16.8070220947266,1968.26953125,1966.99011230469,282.476013183594,0,0,1.07253640755797,15.3915252609726,17.5369355575298,70.7934987776725,35.2970201584325,multi_jet (100%),multi_jet (100%),multi_jet,,,experiment_0_sample_90.npy
92,"2026-04-14T11:40:43,145",experiment,0,8800,8800.67,2.43593e-06,3,2310.98315429688,16.2917747497559,2310.36181640625,2311.04052734375,265.421905517578,0,0,1.51508310760899,14.9470705950518,14.7458656898413,65.6027547784578,34.5250724127096,multi_jet (100%),multi_jet (100%),multi_jet,,,experiment_0_sample_91.npy
93,"2026-04-14T11:40:48,211",experiment,0,9000,9000.9,2.95609e-06,3,2481.75415039063,18.7679386138916,2483.88696289063,2481.8251953125,352.235534667969,0,0,1.49243195125738,11.9494568933652,13.5375318413619,67.1767015862109,37.9113884584677,multi_jet (100%),multi_jet (100%),multi_jet,,,experiment_0_sample_92.npy
94,"2026-04-14T11:47:08,732",experiment,1,3000,3001.18,-5.20107e-08,4,26.0552291870117,16.0883083343506,24.7892913818359,30.6220283508301,258.833648681641,0,0,0.46716832661673,17.9014356406323,16.4208893256268,72.7121792039759,34.6738425134564,intermitent (69%),intermitent (94%),dripping,,,experiment_1_sample_0.npy
95,"2026-04-14T11:47:13,998",experiment,1,3200,3201.19,-4.31095e-08,4,8.63063907623291,16.0643901824951,9.91571617126465,18.2360229492188,258.064605712891,0,0,0.710979681280499,17.1600006974017,15.6792764737865,71.5119134214571,35.9608691199973,dripping (88%),dripping (99%),dripping,,,experiment_1_sample_1.npy
96,"2026-04-14T11:47:19,064",experiment,1,3400,3401.1,-2.58308e-08,4,54.9621200561523,16.2354888916016,54.5364379882813,57.3099060058594,263.591094970703,0,0,0.50641952631747,24.2056729068757,16.4083158617315,70.4377147164292,35.3333204563974,intermitent (67%),intermitent (97%),intermitent,,,experiment_1_sample_2.npy
97,"2026-04-14T11:47:24,130",experiment,1,3600,3600.97,-1.12573e-08,4,75.0519561767578,15.653223991394,74.3678741455078,76.6669387817383,245.023406982422,0,0,0.423800228242755,9.32652158395615,12.8718731276423,67.3947834364273,34.9298120995424,intermitent (60%),intermitent (100%),intermitent,,,experiment_1_sample_3.npy
98,"2026-04-14T11:47:29,173",experiment,1,3800,3800.95,-2.05075e-08,4,35.7919692993164,15.7182512283325,34.705005645752,39.0912818908691,247.063415527344,0,0,0.493404654938731,11.1547945901265,15.2765406223343,67.9863342068877,34.2724459001317,intermitent (70%),intermitent (99%),intermitent,,,experiment_1_sample_4.npy
99,"2026-04-14T11:47:34,241",experiment,1,4000,4001.17,3.22918e-08,4,2.45136332511902,15.594090461731,0,15.7855892181396,243.175643920898,0,0,0.468410580663749,8.26141486216041,13.1381515264139,68.0860559734047,36.523946626458,dripping (33%),intermitent (55%),intermitent,,,experiment_1_sample_5.npy
100,"2026-04-14T11:47:39,339",experiment,1,4200,4201.06,4.02338e-08,4,58.5592460632324,20.3363285064697,59.4942932128906,61.9899291992188,413.566253662109,0,0,0.671440107654273,15.733470453186,16.0360075938345,69.3635221095243,36.2867401119042,intermitent (72%),intermitent (100%),intermitent,,,experiment_1_sample_6.npy
101,"2026-04-14T11:47:44,391",experiment,1,4400,4401.09,1.43131e-08,4,85.3704528808594,18.1292552947998,84.2835845947266,87.2741851806641,328.669891357422,0,0,0.921210964669845,16.524869223403,15.4239114874713,65.6583833612261,35.2994635754418,intermitent (68%),intermitent (100%),intermitent,,,experiment_1_sample_7.npy
102,"2026-04-14T11:47:49,456",experiment,1,4600,4601.01,6.07434e-08,4,30.0975704193115,16.3063068389893,29.7471466064453,34.2309722900391,265.895660400391,0,0,0.778031675063836,27.823511959804,16.0636407562003,72.1167127316818,34.4355288898253,cone_jet (43%),cone_jet (80%),intermitent,,,experiment_1_sample_8.npy
103,"2026-04-14T11:47:54,493",experiment,1,4800,4800.88,2.42624e-08,4,42.315315246582,16.1215763092041,44.6207237243652,45.2823524475098,259.905212402344,0,0,0.496554861088628,19.5964125723275,15.8071439853312,69.5022898743951,35.2150176521962,cone_jet (51%),cone_jet (91%),intermitent,,,experiment_1_sample_9.npy
104,"2026-04-14T11:47:59,531",experiment,1,5000,5001.15,1.02722e-07,4,82.5752105712891,15.8936004638672,84.2835845947266,84.0908508300781,252.606536865234,0,0,0.784875427139576,15.9902784612951,13.825353949114,67.2289991559531,35.6433122860315,cone_jet (39%),cone_jet (63%),cone_jet,,,experiment_1_sample_10.npy
105,"2026-04-14T11:48:04,598",experiment,1,5200,5201.11,1.02897e-07,4,39.2301406860352,15.8524532318115,39.6628646850586,42.3119888305664,251.300277709961,0,0,0.527578793591594,14.7055387775416,13.4833020069248,66.9710321987647,35.3049535416495,cone_jet (62%),cone_jet (74%),cone_jet,,,experiment_1_sample_11.npy
106,"2026-04-14T11:48:09,668",experiment,1,5400,5400.95,1.26898e-07,4,87.3851165771484,15.6578140258789,89.2414474487305,88.7768325805664,245.167144775391,0,0,0.726885201478426,14.2774819425692,15.1694283586673,64.1623649766067,35.326341832445,cone_jet (44%),multi_jet (45%),cone_jet,,,experiment_1_sample_12.npy
107,"2026-04-14T11:48:14,745",experiment,1,5600,5600.9,1.01588e-07,4,83.6164627075195,15.8505239486694,84.2835845947266,85.1055221557617,251.239120483398,0,0,0.694876535742514,12.3987291818709,13.975944446612,69.1445343042475,35.1648977983251,cone_jet (48%),cone_jet (64%),multi_jet,,,experiment_1_sample_13.npy
108,"2026-04-14T11:48:19,801",experiment,1,5800,5800.93,1.80048e-07,4,59.5233497619629,15.9169836044312,59.4942932128906,61.6147689819336,253.350357055664,0,0,0.609717699414836,16.1374304874491,15.804180627292,68.9514137564796,34.7177205934505,cone_jet (58%),cone_jet (94%),multi_jet,,,experiment_1_sample_14.npy
109,"2026-04-14T11:48:24,829",experiment,1,6000,6001.12,1.38418e-07,4,88.3780822753906,16.1518268585205,89.2414474487305,89.8419036865234,260.881500244141,0,0,0.548821411005189,17.740587381771,14.4619340409972,69.5788042400527,34.7533119087895,cone_jet (56%),cone_jet (92%),multi_jet,,,experiment_1_sample_15.npy
110,"2026-04-14T11:48:29,934",experiment,1,6200,6201.07,1.77866e-07,4,61.3222618103027,16.0406436920166,59.4942932128906,63.3855018615723,257.30224609375,0,0,0.615857471237701,13.0310049743812,16.2820374883888,70.1550440722458,35.5316087431039,cone_jet (56%),cone_jet (78%),multi_jet,,,experiment_1_sample_16.npy
111,"2026-04-14T11:48:34,990",experiment,1,6400,6401.01,1.83801e-07,4,247.851745605469,16.4742946624756,247.89289855957,248.398666381836,271.402404785156,0,0,0.951049984420668,13.6254900214741,13.6750475543031,67.2783599745753,36.2382976856377,multi_jet (92%),multi_jet (100%),multi_jet,,,experiment_1_sample_17.npy
112,"2026-04-14T11:48:40,036",experiment,1,6600,6600.89,2.90364e-07,4,55.4630584716797,16.0527820587158,54.5364379882813,57.739444732666,257.691802978516,0,0,0.707876918253715,17.1922326942019,15.7808924227317,68.6694175643802,35.8967305304445,cone_jet (47%),multi_jet (98%),multi_jet,,,experiment_1_sample_18.npy
113,"2026-04-14T11:48:45,071",experiment,1,6800,6800.82,3.39674e-07,4,325.813751220703,16.6366596221924,327.218627929688,326.238220214844,276.778472900391,0,0,1.29410458587722,13.5475633616669,15.4325613818105,68.4961216557811,34.3905063307858,multi_jet (100%),multi_jet (100%),multi_jet,,,experiment_1_sample_19.npy
114,"2026-04-14T11:48:50,115",experiment,1,7000,7001.11,6.84411e-07,4,353.403198242188,16.4480972290039,352.007934570313,353.785705566406,270.539886474609,0,0,0.749791151185014,18.4346561290182,14.6163609535687,65.8372367143268,34.8254830670347,multi_jet (100%),multi_jet (100%),multi_jet,,,experiment_1_sample_20.npy
115,"2026-04-14T11:48:55,148",experiment,1,7200,7201.09,7.39133e-07,4,525.148010253906,16.3111305236816,525.532958984375,525.401306152344,266.052947998047,0,0,1.16785966169543,12.5678995815918,12.8675025614026,65.7153762492103,34.8199192099459,multi_jet (100%),multi_jet (100%),multi_jet,,,experiment_1_sample_21.npy
116,"2026-04-14T11:49:00,191",experiment,1,7400,7400.97,9.55924e-07,4,430.154754638672,18.3365669250488,431.333648681641,430.54541015625,336.229675292969,0,0,1.60630422008693,14.0702652145935,17.0497378779212,69.6250963850807,35.8234100005223,multi_jet (100%),multi_jet (100%),multi_jet,,,experiment_1_sample_22.npy
117,"2026-04-14T11:49:05,233",experiment,1,7600,7600.86,1.1947e-06,4,609.829345703125,17.0289363861084,609.816528320313,610.067077636719,289.984649658203,0,0,1.04610197561313,20.4535038944627,17.1360467674606,69.7149097812801,36.5243903228332,multi_jet (100%),multi_jet (100%),multi_jet,,,experiment_1_sample_23.npy
118,"2026-04-14T11:49:10,331",experiment,1,7800,7800.78,1.21713e-06,4,773.275451660156,18.0194511413574,773.425903320313,773.4853515625,324.700592041016,0,0,1.83182365118047,14.4807916809866,14.9359137671009,70.1089732450245,36.4873902956217,multi_jet (100%),multi_jet (100%),multi_jet,,,experiment_1_sample_24.npy
119,"2026-04-14T11:49:15,378",experiment,1,8000,8000.96,1.54136e-06,4,1032.09753417969,17.4560012817383,1031.23449707031,1032.2451171875,304.711975097656,0,0,1.78888674035923,21.4785045172644,20.3831966547784,70.2034645917052,34.7166489849098,multi_jet (100%),multi_jet (100%),multi_jet,,,experiment_1_sample_25.npy
120,"2026-04-14T11:49:20,453",experiment,1,8200,8200.97,1.88592e-06,4,1362.43530273438,20.5962467193604,1363.41088867188,1362.59106445313,424.205352783203,0,0,1.61632026594865,12.884951587855,15.4698771219483,70.9771796208248,35.5611807105033,multi_jet (100%),multi_jet (100%),multi_jet,,,experiment_1_sample_26.npy
121,"2026-04-14T11:49:25,500",experiment,1,8400,8400.9,1.98262e-06,4,1724.01965332031,18.0465888977051,1725.33459472656,1724.11413574219,325.679351806641,0,0,0.598133530245826,11.6094134962408,12.7009150548195,65.8797761636508,35.5523151765424,multi_jet (100%),multi_jet (100%),multi_jet,,,experiment_1_sample_27.npy
122,"2026-04-14T11:49:30,602",experiment,1,8600,8600.74,2.24951e-06,4,1829.69580078125,17.4790916442871,1829.44970703125,1829.77941894531,305.518646240234,0,0,0.961576022035999,15.08775018699,15.2061860823089,66.9098649741532,35.70151424336,multi_jet (100%),multi_jet (100%),multi_jet,,,experiment_1_sample_28.npy
123,"2026-04-14T11:49:35,642",experiment,1,8800,8800.66,2.56161e-06,4,2075.74609375,19.8081321716309,2077.34252929688,2075.84057617188,392.362121582031,0,0,1.64938116469994,18.6210319504447,18.7373496426005,70.7224167640451,36.5257581586299,multi_jet (100%),multi_jet (100%),multi_jet,,,experiment_1_sample_29.npy
124,"2026-04-14T11:49:40,735",experiment,1,9000,9000.87,3.15316e-06,4,2413.703125,19.8022155761719,2414.47680664063,2413.78442382813,392.127746582031,0,0,1.7398607118979,17.6866260041503,17.5514244007219,72.4258749603465,36.6911615222932,multi_jet (100%),multi_jet (100%),multi_jet,,,experiment_1_sample_30.npy
125,"2026-04-14T11:50:02,937",experiment,1,3000,3001.3,-6.67587e-08,5,23.8373794555664,15.5901546478271,24.7892913818359,28.4828662872314,243.052917480469,0,0,0.381819355038637,9.97766957657283,12.9872974108745,69.0277006622348,35.5292792943106,intermitent (65%),intermitent (96%),undefined,,,experiment_1_sample_31.npy
126,"2026-04-14T11:50:08,003",experiment,1,3200,3201.25,-3.64773e-08,5,-11.2240953445435,15.8205060958862,-9.91571617126465,19.397647857666,250.288421630859,0,0,0.525471173397264,10.2715781298471,12.9635002098055,68.5022081494861,36.9906628238735,dripping (61%),intermitent (56%),dripping,,,experiment_1_sample_32.npy
127,"2026-04-14T11:50:13,064",experiment,1,3400,3401.13,-2.43473e-08,5,-8.56360912322998,15.971095085144,-9.91571617126465,18.1221199035645,255.075866699219,0,0,0.582557325428406,12.4162037757244,13.2553635906381,71.5225991616345,37.1072226542224,dripping (55%),intermitent (82%),intermitent,,,experiment_1_sample_33.npy
128,"2026-04-14T11:50:18,107",experiment,1,3600,3600.99,1.55349e-08,5,-14.9103622436523,16.3066101074219,-14.8735733032227,22.0958003997803,265.905517578125,0,0,0.511922847020979,22.1731439623958,16.9736612225687,70.2181481003097,36.1202594333297,dripping (60%),dripping (90%),intermitent,,,experiment_1_sample_34.npy
129,"2026-04-14T11:50:23,168",experiment,1,3800,3800.98,5.82997e-08,5,-14.8537425994873,16.3728141784668,-14.8735733032227,22.1066226959229,268.069030761719,0,0,0.575284071335966,20.3624311579551,17.4626551445648,71.7128229613035,36.6032105565427,dripping (65%),dripping (78%),intermitent,,,experiment_1_sample_35.npy
130,"2026-04-14T11:50:28,249",experiment,1,4000,4001.18,6.51072e-08,5,-8.07426834106445,15.9810676574707,-9.91571617126465,17.9049797058105,255.394515991211,0,0,0.469692959129982,14.8320295648791,15.2673744696055,69.6441876914324,36.4268978528252,dripping (52%),intermitent (89%),intermitent,,,experiment_1_sample_36.npy
131,"2026-04-14T11:50:33,323",experiment,1,4200,4201.06,4.52085e-08,5,116.723739624023,15.6786375045776,118.988586425781,117.772033691406,245.819686889648,0,0,0.39734426224314,12.0811717911405,13.3078983220465,64.4373651430994,36.43219423934,intermitent (41%),intermitent (60%),intermitent,,,experiment_1_sample_37.npy
132,"2026-04-14T11:50:38,391",experiment,1,4400,4401.15,6.07434e-08,5,-2.32146739959717,16.2125968933105,0,16.3779582977295,262.848327636719,0,0,0.659501077637416,23.9170300066674,17.5706742702108,69.3317454619872,35.3318501273736,dripping (39%),intermitent (67%),intermitent,,,experiment_1_sample_38.npy
133,"2026-04-14T11:50:43,445",experiment,1,4600,4601.01,8.72751e-08,5,37.7532958984375,15.5915384292603,39.6628646850586,40.8461418151855,243.096084594727,0,0,0.516815126578423,11.8600813116646,13.8260750801051,66.627073458645,35.5295116484577,cone_jet (53%),cone_jet (99%),intermitent,,,experiment_1_sample_39.npy
134,"2026-04-14T11:50:48,504",experiment,1,4800,4800.93,1.59102e-07,5,42.3349494934082,16.0205898284912,44.6207237243652,45.2648582458496,256.659271240234,0,0,0.707782696771009,15.6103434153692,15.6959127126267,70.2157996591243,36.0084535257401,cone_jet (50%),cone_jet (92%),intermitent,,,experiment_1_sample_40.npy
135,"2026-04-14T11:50:53,584",experiment,1,5000,5001.15,1.83539e-07,5,40.879524230957,15.7408819198608,39.6628646850586,43.8053741455078,247.775360107422,0,0,0.512422367559898,12.585623048273,15.0718868975605,66.772289292174,35.4933642296061,cone_jet (51%),cone_jet (61%),intermitent,,,experiment_1_sample_41.npy
136,"2026-04-14T11:50:58,638",experiment,1,5200,5201.11,1.46971e-07,5,4.30104112625122,16.1272125244141,4.95785808563232,16.6908912658691,260.086975097656,0,0,0.389387934437791,16.0277846294731,12.6915556738495,70.6368292193599,36.4252617123695,dripping (37%),intermitent (67%),intermitent,,,experiment_1_sample_42.npy
137,"2026-04-14T11:51:03,734",experiment,1,5400,5400.97,2.83382e-07,5,90.1997985839844,16.0005474090576,89.2414474487305,91.6079788208008,256.017547607422,0,0,0.656693877796679,18.1698282014613,16.3187080221493,68.2382529585022,34.8543728278388,cone_jet (47%),cone_jet (51%),cone_jet,,,experiment_1_sample_43.npy
138,"2026-04-14T11:51:08,858",experiment,1,5600,5600.9,2.33024e-07,5,123.546348571777,16.0174789428711,123.946449279785,124.580337524414,256.559631347656,0,0,0.803567360734732,17.2613175157317,14.2381781200476,68.1960627536339,35.7861881817607,cone_jet (46%),cone_jet (84%),cone_jet,,,experiment_1_sample_44.npy
139,"2026-04-14T11:51:13,928",experiment,1,5800,5800.92,3.19077e-07,5,126.13842010498,15.8857164382935,123.946449279785,127.134796142578,252.355987548828,0,0,0.448613113885955,14.2284246119665,16.8246660213617,70.0965491432418,33.7026113635048,cone_jet (63%),cone_jet (58%),cone_jet,,,experiment_1_sample_45.npy
140,"2026-04-14T11:51:18,922",experiment,1,6000,6001.12,2.65229e-07,5,88.4018783569336,16.0884914398193,89.2414474487305,89.8539505004883,258.839569091797,0,0,0.576462827534768,18.6575216032091,17.9073465379289,69.8509300338323,34.4950859691546,cone_jet (52%),cone_jet (70%),undefined,,,experiment_1_sample_46.npy
141,"2026-04-14T11:51:23,963",experiment,1,6200,6201.07,3.06335e-07,5,45.0742645263672,18.0683498382568,44.6207237243652,48.5608367919922,326.465270996094,0,0,0.692800732613209,18.0112364452422,15.0547261226748,70.6311335122814,33.9390009379153,multi_jet (56%),multi_jet (100%),multi_jet,,,experiment_1_sample_47.npy
142,"2026-04-14T11:51:29,023",experiment,1,6400,6400.99,3.80781e-07,5,106.951309204102,15.6769342422485,109.072875976563,108.094169616699,245.76628112793,0,0,0.52728061167494,11.3516640920136,15.0455617261483,66.4295222000073,35.3305761851097,cone_jet (51%),cone_jet (86%),multi_jet,,,experiment_1_sample_48.npy
143,"2026-04-14T11:51:34,115",experiment,1,6600,6600.87,3.57653e-07,5,106.785118103027,16.3965530395508,109.072875976563,108.036613464355,268.846954345703,0,0,0.637992863198916,26.2922674079565,20.5823218895499,71.8190353475989,35.2116208805564,multi_jet (54%),multi_jet (86%),multi_jet,,,experiment_1_sample_49.npy
144,"2026-04-14T11:51:39,150",experiment,1,6800,6800.81,3.79297e-07,5,109.354278564453,16.0230560302734,109.072875976563,110.521934509277,256.738311767578,0,0,1.04886184532584,13.4939656835875,17.2722897262598,70.5489104427963,35.4453459109325,multi_jet (50%),multi_jet (98%),multi_jet,,,experiment_1_sample_50.npy
145,"2026-04-14T11:51:44,202",experiment,1,7000,7001.12,4.41088e-07,5,124.540702819824,15.90758228302,123.946449279785,125.552528381348,253.051177978516,0,0,0.91330631638645,14.0280056393359,14.9804597464175,66.7533449199759,35.9959790735375,multi_jet (58%),multi_jet (100%),multi_jet,,,experiment_1_sample_51.npy
146,"2026-04-14T11:51:49,238",experiment,1,7200,7201.08,4.59416e-07,5,464.665679931641,17.314525604248,466.038635253906,464.988220214844,299.792785644531,0,0,1.33453852662713,18.1420460251958,16.8585188475694,68.8153532991805,35.8142578057124,multi_jet (100%),multi_jet (100%),multi_jet,,,experiment_1_sample_52.npy
147,"2026-04-14T11:51:54,297",experiment,1,7400,7400.98,8.55383e-07,5,544.558166503906,15.8804998397827,545.364379882813,544.789611816406,252.19026184082,0,0,0.779491368490134,14.1149906966377,14.6089580556139,66.2487453649053,35.516026272635,multi_jet (97%),multi_jet (100%),multi_jet,,,experiment_1_sample_53.npy
148,"2026-04-14T11:51:59,360",experiment,1,7600,7600.88,8.40808e-07,5,589.702819824219,17.0571632385254,589.985107421875,589.949401855469,290.946807861328,0,0,1.67076034689468,19.7743283979084,15.9076862712747,68.1147626059777,35.7803134619622,multi_jet (100%),multi_jet (100%),multi_jet,,,experiment_1_sample_54.npy
149,"2026-04-14T11:52:04,423",experiment,1,7800,7800.77,1.16032e-06,5,585.983703613281,16.3823413848877,585.027221679688,586.212707519531,268.381134033203,0,0,0.924517141928067,12.8359467306033,14.4239301604924,70.8320965508025,35.7164658241536,multi_jet (100%),multi_jet (100%),multi_jet,,,experiment_1_sample_55.npy
150,"2026-04-14T11:52:09,461",experiment,1,8000,8000.89,1.21338e-06,5,868.326538085938,17.8669815063477,867.625183105469,868.510314941406,319.229034423828,0,0,1.44683525506828,9.8220265661169,13.6967262654884,68.5218928694668,35.1937888372716,multi_jet (99%),multi_jet (100%),multi_jet,,,experiment_1_sample_56.npy
151,"2026-04-14T11:52:14,497",experiment,1,8200,8200.97,1.41158e-06,5,1138.47668457031,16.7744884490967,1140.30725097656,1138.60021972656,281.383453369141,0,0,1.16015723087177,15.5047681407099,13.923172341321,67.6517200556527,35.7739243311445,multi_jet (100%),multi_jet (100%),multi_jet,,,experiment_1_sample_57.npy
152,"2026-04-14T11:52:19,545",experiment,1,8400,8400.89,1.57566e-06,5,1238.65368652344,17.6150321960449,1239.46447753906,1238.77893066406,310.289337158203,0,0,0.777966116261014,14.2007868105424,14.763902747932,67.0041705817543,36.7360069800371,multi_jet (100%),multi_jet (100%),multi_jet,,,experiment_1_sample_58.npy
153,"2026-04-14T11:52:24,598",experiment,1,8600,8600.74,1.90338e-06,5,1475.84924316406,17.0825843811035,1477.44165039063,1475.94812011719,291.814666748047,0,0,0.922587341562052,17.2997874044427,16.9625251170409,68.7403633717503,35.4253898300175,multi_jet (100%),multi_jet (100%),multi_jet,,,experiment_1_sample_59.npy
154,"2026-04-14T11:52:29,561",experiment,1,8800,8800.63,2.25108e-06,5,1714.4716796875,16.0630016326904,1715.41882324219,1714.54699707031,258.020050048828,0,0,1.02516447099313,13.9463781825292,13.5225653321166,66.4368514498355,36.3531948341703,multi_jet (100%),multi_jet (100%),multi_jet,,,experiment_1_sample_60.npy
155,"2026-04-14T11:52:34,579",experiment,1,9000,9000.87,2.53534e-06,5,2008.0361328125,21.6840476989746,2007.93237304688,2008.15319824219,470.197906494141,0,0,1.69784797204964,15.853770171587,15.9759743083273,72.447739393878,35.6197470017405,multi_jet (100%),multi_jet (100%),multi_jet,,,experiment_1_sample_61.npy
156,"2026-04-14T11:52:56,786",experiment,1,3000,3001.31,-6.71951e-08,6,-4.12047576904297,16.4414215087891,-4.95785808563232,16.9498863220215,270.3203125,0,0,0.451363858935395,19.9479487494584,18.7802867950453,69.9436853962062,36.6250307175028,dripping (86%),dripping (100%),dripping,,,experiment_1_sample_62.npy
157,"2026-04-14T11:53:01,823",experiment,1,3200,3201.23,-2.46091e-08,6,3.05919694900513,16.0796279907227,4.95785808563232,16.3680515289307,258.554412841797,0,0,0.641719391129494,18.3673874911724,16.9488603302683,66.8403210002761,35.0688009820417,dripping (90%),dripping (100%),dripping,,,experiment_1_sample_63.npy
158,"2026-04-14T11:53:06,861",experiment,1,3400,3401.09,-2.11184e-08,6,7.20416450500488,15.9970636367798,4.95785808563232,17.5444011688232,255.906036376953,0,0,0.658145672691826,17.4734851797214,15.5540655233412,71.1498920138269,35.2227638995581,dripping (87%),dripping (90%),intermitent,,,experiment_1_sample_64.npy
159,"2026-04-14T11:53:11,891",experiment,1,3600,3600.99,1.85023e-08,6,24.1246395111084,15.9787759780884,24.7892913818359,28.9364738464355,255.321273803711,0,0,0.521383678711036,16.8532645609676,14.2358715202431,65.7388436707424,34.9814647551129,intermitent (72%),intermitent (100%),intermitent,,,experiment_1_sample_65.npy
160,"2026-04-14T11:53:16,949",experiment,1,3800,3800.99,4.10193e-09,6,9.53257274627686,15.8672122955322,9.91571617126465,18.5104942321777,251.768417358398,0,0,0.590879297387619,11.8497059849365,14.9429510062134,68.3311635381362,36.0631765723217,dripping (63%),intermitent (78%),intermitent,,,experiment_1_sample_66.npy
161,"2026-04-14T11:53:22,024",experiment,1,4000,4001.16,6.25762e-08,6,34.2986602783203,17.2214908599854,34.705005645752,38.37939453125,296.579772949219,0,0,0.659116794441989,20.2165374574789,16.9176389253761,70.3086161501637,36.2129235509435,intermitent (72%),intermitent (99%),intermitent,,,experiment_1_sample_67.npy
162,"2026-04-14T11:53:27,046",experiment,1,4200,4201.07,4.86122e-08,6,-9.03341579437256,16.169132232666,-9.91571617126465,18.5214309692383,261.440826416016,0,0,0.57620630557912,20.6793059949222,16.0464049460875,66.9193676646336,36.5867537395593,dripping (60%),intermitent (80%),intermitent,,,experiment_1_sample_68.npy
163,"2026-04-14T11:53:32,112",experiment,1,4400,4401.12,1.48367e-07,6,88.9190826416016,15.9743013381958,89.2414474487305,90.3425827026367,255.178298950195,0,0,0.55689069086104,12.7384872106657,13.6842706826572,68.2747566059624,35.5291416682189,cone_jet (43%),intermitent (90%),intermitent,,,experiment_1_sample_69.npy
164,"2026-04-14T11:53:37,140",experiment,1,4600,4601.02,1.21836e-07,6,39.6932067871094,19.0567092895508,39.6628646850586,44.0307693481445,363.158172607422,0,0,0.804907122747311,25.3837169718568,16.2609488043769,65.758656993022,34.8762702698989,intermitent (60%),intermitent (100%),intermitent,,,experiment_1_sample_70.npy
165,"2026-04-14T11:53:42,191",experiment,1,4800,4800.91,1.42171e-07,6,36.9496269226074,16.1380577087402,34.705005645752,40.3201179504395,260.436889648438,0,0,0.677580058569593,19.7191243001451,15.6245214918302,71.367280704925,35.6130828844706,cone_jet (60%),cone_jet (97%),intermitent,,,experiment_1_sample_71.npy
166,"2026-04-14T11:53:47,235",experiment,1,5000,5001.16,1.89823e-07,6,1.73534941673279,16.2676277160645,0,16.3599262237549,264.635711669922,0,0,0.60960858727036,21.3402678099399,18.4895580054407,71.0317174371423,36.3126483531573,dripping (38%),cone_jet (75%),intermitent,,,experiment_1_sample_72.npy
167,"2026-04-14T11:53:52,303",experiment,1,5200,5201.12,2.43148e-07,6,87.397216796875,15.8463640213013,89.2414474487305,88.8221893310547,251.10725402832,0,0,0.884552737392651,16.4651338051276,16.3795062610273,67.0515875981099,35.7568411300986,cone_jet (41%),intermitent (75%),cone_jet,,,experiment_1_sample_73.npy
168,"2026-04-14T11:53:57,344",experiment,1,5400,5400.97,2.46726e-07,6,112.766479492188,16.0726509094238,114.030731201172,113.906135559082,258.330078125,0,0,0.487355850476143,22.133815125245,15.2657157091251,67.2413743448525,35.643899840316,cone_jet (45%),cone_jet (88%),cone_jet,,,experiment_1_sample_74.npy
169,"2026-04-14T11:54:02,375",experiment,1,5600,5600.91,1.98725e-07,6,90.2641372680664,16.0155906677246,89.2414474487305,91.6739654541016,256.499145507813,0,0,0.535192616732107,17.722938991943,15.4260606300153,73.5911360361108,35.26781074793,cone_jet (60%),cone_jet (92%),cone_jet,,,experiment_1_sample_75.npy
170,"2026-04-14T11:54:07,443",experiment,1,5800,5800.94,2.5205e-07,6,76.1941528320313,16.2588958740234,74.3678741455078,77.9095611572266,264.351684570313,0,0,0.614691754849277,24.1362874495621,17.9200532246402,71.3774755934034,35.0407992501496,cone_jet (55%),cone_jet (93%),undefined,,,experiment_1_sample_76.npy
171,"2026-04-14T11:54:12,515",experiment,1,6000,6001.14,2.53272e-07,6,132.164398193359,16.0153522491455,133.862167358398,133.131210327148,256.491485595703,0,0,0.533208125487109,20.3772552594423,16.9510265158849,72.2436637452482,34.7717843283873,cone_jet (50%),cone_jet (97%),undefined,,,experiment_1_sample_77.npy
172,"2026-04-14T11:54:17,561",experiment,1,6200,6201.08,3.7633e-07,6,114.227073669434,15.8662548065186,114.030731201172,115.323722839355,251.738037109375,0,0,0.741444562117698,11.715851827619,16.8148359783694,71.0647842800073,35.4033077527931,cone_jet (46%),multi_jet (88%),multi_jet,,,experiment_1_sample_78.npy
173,"2026-04-14T11:54:22,608",experiment,1,6400,6401.01,4.08098e-07,6,61.1220588684082,18.4070568084717,59.4942932128906,63.8335800170898,338.819732666016,0,0,0.61703675069899,18.5319082989385,14.8087471355088,65.8717858307755,34.8140164253263,multi_jet (66%),multi_jet (100%),multi_jet,,,experiment_1_sample_79.npy
174,"2026-04-14T11:54:27,666",experiment,1,6600,6600.88,4.10978e-07,6,75.7383193969727,15.9350309371948,74.3678741455078,77.3965072631836,253.925216674805,0,0,0.788225965722754,14.9917369329415,13.5959652344453,70.8040158639109,35.1570051477146,multi_jet (49%),multi_jet (89%),multi_jet,,,experiment_1_sample_80.npy
175,"2026-04-14T11:54:32,741",experiment,1,6800,6800.82,3.74061e-07,6,81.5279083251953,15.9718799591064,79.3257293701172,83.0776824951172,255.100936889648,0,0,0.933061770090504,18.8892624543903,15.2982612413222,66.0570653657876,35.5797849643024,multi_jet (56%),multi_jet (99%),multi_jet,,,experiment_1_sample_81.npy
176,"2026-04-14T11:54:37,781",experiment,1,7000,7001.14,4.75038e-07,6,101.117202758789,16.1705570220947,99.1571655273438,102.40202331543,261.486907958984,0,0,0.591837276018147,17.2058280962565,17.1437086981915,70.4701371100075,35.5416868240405,multi_jet (56%),multi_jet (99%),multi_jet,,,experiment_1_sample_82.npy
177,"2026-04-14T11:54:42,828",experiment,1,7200,7201.07,4.79838e-07,6,168.126525878906,16.1878604888916,168.567169189453,168.904037475586,262.046813964844,0,0,0.819527979789539,19.6849533638491,15.4963450581497,69.1884397254186,36.0091674091066,multi_jet (97%),multi_jet (100%),multi_jet,,,experiment_1_sample_83.npy
178,"2026-04-14T11:54:47,904",experiment,1,7400,7400.98,5.89281e-07,6,357.731079101563,16.0326538085938,356.965789794922,358.090179443359,257.045959472656,0,0,1.44205626202222,14.9341058148434,15.8339075248406,69.6339109492952,35.844901317056,multi_jet (100%),multi_jet (100%),multi_jet,,,experiment_1_sample_84.npy
179,"2026-04-14T11:54:52,981",experiment,1,7600,7600.85,8.0424e-07,6,481.606842041016,16.1564769744873,480.912231445313,481.877716064453,261.03173828125,0,0,1.21874213832996,10.3583940020976,13.6744940104768,70.0951690832601,35.3180415612481,multi_jet (100%),multi_jet (100%),multi_jet,,,experiment_1_sample_85.npy
180,"2026-04-14T11:54:58,033",experiment,1,7800,7800.78,1.0589e-06,6,535.965454101563,16.7681427001953,535.448669433594,536.227722167969,281.170593261719,0,0,1.08359537293463,15.6904964723602,15.6577662737427,67.3249862426631,34.5133445962567,multi_jet (100%),multi_jet (100%),multi_jet,,,experiment_1_sample_86.npy
181,"2026-04-14T11:55:03,078",experiment,1,8000,8000.93,1.27002e-06,6,827.375671386719,16.3499126434326,827.962280273438,827.537170410156,267.319671630859,0,0,1.03255628243477,14.4988990401616,17.7196267972281,67.2560110932281,35.7044463989389,multi_jet (100%),multi_jet (100%),multi_jet,,,experiment_1_sample_87.npy
182,"2026-04-14T11:55:08,117",experiment,1,8200,8200.95,1.4478e-06,6,1004.84381103516,16.2919101715088,1006.44519042969,1004.97583007813,265.426361083984,0,0,0.971806893908928,21.3569921822717,16.1652719657642,67.2249360537164,35.6219128453442,multi_jet (100%),multi_jet (100%),multi_jet,,,experiment_1_sample_88.npy
183,"2026-04-14T11:55:13,215",experiment,1,8400,8400.9,1.69235e-06,6,1197.09533691406,16.365270614624,1194.84375,1197.20703125,267.822052001953,0,0,1.05127208325001,11.9250477223226,13.3187023215763,68.9463818516319,35.6669201164102,multi_jet (100%),multi_jet (100%),multi_jet,,,experiment_1_sample_89.npy
184,"2026-04-14T11:55:18,239",experiment,1,8600,8600.74,1.68685e-06,6,1382.70739746094,16.0277309417725,1383.24230957031,1382.80017089844,256.888153076172,0,0,1.11991622728549,14.2141715216357,15.247413640158,68.414344181067,35.8555952045559,multi_jet (100%),multi_jet (100%),multi_jet,,,experiment_1_sample_90.npy
185,"2026-04-14T11:55:23,305",experiment,1,8800,8800.67,2.17219e-06,6,1643.69580078125,15.9924259185791,1646.0087890625,1643.77355957031,255.757675170898,0,0,0.842176296091742,18.0104620013735,15.376722540588,66.2242985965944,35.2280844576073,multi_jet (100%),multi_jet (100%),multi_jet,,,experiment_1_sample_91.npy
186,"2026-04-14T11:55:28,356",experiment,1,9000,9000.87,2.42668e-06,6,1765.38720703125,16.0689163208008,1764.99743652344,1765.46032714844,258.210052490234,0,0,1.3190550712202,17.5229041574308,13.4626038650885,68.4523579191445,35.6264639990478,multi_jet (100%),multi_jet (100%),multi_jet,,,experiment_1_sample_92.npy
187,"2026-04-15T09:14:34,071",experiment,10,3000,3001.39,-5.82066e-08,100,-31.0670299530029,15.2672300338745,-29.7471466064453,34.6157302856445,233.088317871094,0,0,0.524962654288224,9.32701857062148,13.4524501143589,64.813120108475,32.8079153948237,intermitent (64%),dripping (77%),dripping,,,experiment_10_sample_0.npy
188,"2026-04-15T09:14:39,378",experiment,10,3200,3201.39,-5.75085e-08,100,-33.0116996765137,15.1498146057129,-34.705005645752,36.322021484375,229.516876220703,0,0,0.495304247342946,7.90096852554878,12.1827833325648,60.6397381897214,32.5616838046763,intermitent (62%),intermitent (72%),dripping,,,experiment_10_sample_1.npy
189,"2026-04-15T09:14:44,436",experiment,10,3400,3401.26,-5.6025e-08,100,-16.4532470703125,15.595929145813,-14.8735733032227,22.670295715332,243.233001708984,0,0,0.535085898370491,10.7756005057686,15.8159654635559,67.5545679735253,33.6633704256303,intermitent (53%),intermitent (74%),dripping,,,experiment_10_sample_2.npy
190,"2026-04-15T09:14:49,504",experiment,10,3600,3601.15,-3.62155e-08,100,-16.315616607666,15.5684480667114,-14.8735733032227,22.551628112793,242.376586914063,0,0,0.543735455358474,12.0034494442253,12.7329062949725,63.765249802495,33.2239801535387,intermitent (66%),intermitent (86%),intermitent,,,experiment_10_sample_3.npy
191,"2026-04-15T09:14:54,574",experiment,10,3800,3801.16,-3.66518e-08,100,-18.4542369842529,15.5507526397705,-19.8314323425293,24.1326503753662,241.825912475586,0,0,0.610429590476804,12.1075199950651,14.3040333613888,64.0125424557529,33.5733454740816,intermitent (65%),intermitent (90%),intermitent,,,experiment_10_sample_4.npy
192,"2026-04-15T09:14:59,617",experiment,10,4000,4001.34,-3.4732e-08,100,-20.8230018615723,15.6259860992432,-19.8314323425293,26.0339965820313,244.171432495117,0,0,0.586558800269842,14.4279295197223,15.8000477905279,64.0794767157428,33.6834826906043,intermitent (65%),intermitent (89%),intermitent,,,experiment_10_sample_5.npy
193,"2026-04-15T09:15:04,681",experiment,10,4200,4201.24,-2.53945e-08,100,6.00446128845215,15.3883934020996,4.95785808563232,16.5183601379395,236.802642822266,0,0,0.538969386786023,8.58462565497321,12.6212467698937,61.8369173671659,33.5755153491485,dripping (66%),dripping (66%),intermitent,,,experiment_10_sample_6.npy
194,"2026-04-15T09:15:09,728",experiment,10,4400,4401.31,-1.7366e-08,100,-0.624392628669739,15.9154806137085,0,15.9277238845825,253.302520751953,0,0,0.728982730567043,19.7504727923258,17.0747358045712,67.282221707402,33.1453362648108,dripping (53%),dripping (78%),intermitent,,,experiment_10_sample_7.npy
195,"2026-04-15T09:15:14,807",experiment,10,4600,4601.17,2.70552e-09,100,47.688549041748,15.3335990905762,49.5785827636719,50.0930786132813,235.119262695313,0,0,0.637836970112966,15.1221708249503,14.3161374176126,59.8509491730277,32.1436090370851,intermitent (70%),intermitent (100%),intermitent,,,experiment_10_sample_8.npy
196,"2026-04-15T09:15:19,873",experiment,10,4800,4801.08,1.0473e-08,100,48.2562217712402,15.1776704788208,49.5785827636719,50.586799621582,230.361694335938,0,0,0.570858902736028,10.8390779445384,14.1322886665423,59.9416437196884,31.2715517822934,intermitent (60%),intermitent (99%),intermitent,,,experiment_10_sample_9.npy
197,"2026-04-15T09:15:24,916",experiment,10,5000,5001.32,5.15796e-08,100,13.0344076156616,15.3783359527588,14.8735733032227,20.1590900421143,236.493225097656,0,0,0.442517218896843,9.81584301461911,15.4224885990439,62.4627869915963,32.0384998353017,intermitent (42%),intermitent (71%),undefined,,,experiment_10_sample_10.npy
198,"2026-04-15T09:15:29,959",experiment,10,5200,5201.32,4.99213e-08,100,71.1946487426758,15.3120851516724,69.4100112915039,72.822639465332,234.459945678711,0,0,0.701672426656052,12.1960147398259,14.3324371806489,62.9530277264395,31.4744870691926,intermitent (52%),intermitent (99%),undefined,,,experiment_10_sample_11.npy
199,"2026-04-15T09:15:35,018",experiment,10,5400,5401.17,4.0932e-08,100,22.9505195617676,15.5926389694214,24.7892913818359,27.7462940216064,243.130401611328,0,0,0.539108791459937,12.8070820299334,14.1247010573001,63.4954474921295,32.0952603840986,intermitent (57%),intermitent (98%),undefined,,,experiment_10_sample_12.npy
200,"2026-04-15T09:15:40,093",experiment,10,5600,5601.09,7.50566e-08,100,41.275260925293,15.5451526641846,39.6628646850586,44.105541229248,241.651763916016,0,0,0.560593232657271,16.9092020494509,15.4336623754251,62.4675291709837,31.6066973218221,intermitent (54%),intermitent (73%),undefined,,,experiment_10_sample_13.npy
201,"2026-04-15T09:15:45,156",experiment,10,5800,5801.1,1.08744e-07,100,73.0110015869141,15.3373556137085,74.3678741455078,74.6045608520508,235.234481811523,0,0,0.745097138802285,10.2335612394203,15.1183524374338,62.0824181462296,31.4620132726113,multi_jet (39%),intermitent (73%),undefined,,,experiment_10_sample_14.npy
202,"2026-04-15T09:15:50,201",experiment,10,6000,6001.33,1.44091e-07,100,16.5882968902588,15.3880615234375,14.8735733032227,22.6266231536865,236.792434692383,0,0,0.812207753102219,12.5756688589714,13.1408343225529,59.7413770846977,32.5626135374306,intermitent (40%),intermitent (86%),undefined,,,experiment_10_sample_15.npy
203,"2026-04-15T09:15:55,264",experiment,10,6200,6201.29,1.24541e-07,100,110.260383605957,15.4965772628784,109.072875976563,111.344047546387,240.143920898438,0,0,0.506930714753905,11.3207005464277,15.3177953752018,64.8291596101365,32.2647028515947,multi_jet (44%),multi_jet (50%),undefined,,,experiment_10_sample_16.npy
204,"2026-04-15T09:16:00,286",experiment,10,6400,6401.2,1.52993e-07,100,63.4032707214355,15.5334701538086,64.4521560668945,65.2783584594727,241.288696289063,0,0,0.619188604862468,9.74325456336179,12.1192139127726,61.9504157837975,33.3170809550737,multi_jet (48%),multi_jet (97%),undefined,,,experiment_10_sample_17.npy
205,"2026-04-15T09:16:05,333",experiment,10,6600,6601.09,1.57531e-07,100,69.4779281616211,15.5688047409058,69.4100112915039,71.2009201049805,242.387680053711,0,0,0.898807651792215,11.9723955237789,14.2226492773745,62.1668629018061,32.129635576321,multi_jet (49%),multi_jet (69%),undefined,,,experiment_10_sample_18.npy
206,"2026-04-15T09:16:10,367",experiment,10,6800,6801.03,2.11904e-07,100,70.5614242553711,17.1487884521484,69.4100112915039,72.6153945922852,294.080963134766,0,0,1.14857820148914,9.88245154764032,12.5347498786026,62.6465366634991,32.4278824767718,multi_jet (60%),multi_jet (52%),undefined,,,experiment_10_sample_19.npy
207,"2026-04-15T09:16:15,407",experiment,10,7000,7001.32,2.18275e-07,100,104.105003356934,15.0607080459595,104.115013122559,105.188758850098,226.824935913086,0,0,0.577326365736163,6.15415870797886,12.9346082334203,60.2332156852735,32.127949175522,multi_jet (75%),multi_jet (100%),undefined,,,experiment_10_sample_20.npy
208,"2026-04-15T09:16:20,479",experiment,10,7200,7201.26,2.3285e-07,100,126.41487121582,15.4481611251831,123.946449279785,127.355270385742,238.64567565918,0,0,0.80232932025351,10.7360883635118,13.5511130723976,62.1305098779108,32.9100873536183,multi_jet (63%),multi_jet (91%),undefined,,,experiment_10_sample_21.npy
209,"2026-04-15T09:16:25,507",experiment,10,7400,7401.18,2.34333e-07,100,101.272583007813,16.0726566314697,99.1571655273438,102.540061950684,258.330291748047,0,0,0.904731424285053,15.2167137281037,14.6775450026631,63.387931298319,32.5755060888886,multi_jet (71%),multi_jet (76%),undefined,,,experiment_10_sample_22.npy
210,"2026-04-15T09:16:30,560",experiment,10,7600,7601.08,2.39657e-07,100,149.178482055664,19.5731868743896,148.735748291016,150.457061767578,383.109649658203,0,0,0.962262906580741,9.46458107117536,13.6163691915709,61.1357934392088,33.2820966794486,multi_jet (96%),multi_jet (100%),undefined,,,experiment_10_sample_23.npy
211,"2026-04-15T09:16:35,652",experiment,10,7800,7800.99,2.67236e-07,100,142.784423828125,15.5258636474609,143.777877807617,143.626068115234,241.052444458008,0,0,0.76279972259341,14.4368799703987,15.8641236599852,64.5848175885081,31.9664561947866,multi_jet (81%),multi_jet (98%),multi_jet,,,experiment_10_sample_24.npy
212,"2026-04-15T09:16:40,705",experiment,10,8000,8001.15,3.39762e-07,100,216.450164794922,15.8372268676758,218.145751953125,217.028778076172,250.817764282227,0,0,1.83325208985813,11.796184120871,14.3185419485275,64.7647779399463,32.9123169313763,multi_jet (99%),multi_jet (100%),multi_jet,,,experiment_10_sample_25.npy
213,"2026-04-15T09:16:45,758",experiment,10,8200,8201.16,3.12706e-07,100,204.746658325195,15.1042976379395,203.272186279297,205.303009033203,228.139801025391,0,0,0.640004994951838,6.82658939768816,10.8295051660885,62.0519070685633,33.0634980899058,multi_jet (95%),multi_jet (100%),multi_jet,,,experiment_10_sample_26.npy
214,"2026-04-15T09:16:50,814",experiment,10,8400,8401.12,3.51195e-07,100,182.774520874023,17.8155937194824,183.44075012207,183.640731811523,317.395355224609,0,0,1.7574180368576,13.7896928476514,14.4029254742259,63.4023579882425,32.698789576508,multi_jet (99%),multi_jet (99%),multi_jet,,,experiment_10_sample_27.npy
215,"2026-04-15T09:16:55,871",experiment,10,8600,8600.94,3.75457e-07,100,234.574996948242,15.4313869476318,233.019317626953,235.08203125,238.127716064453,0,0,0.60279041684362,11.1054173025374,13.4600368406826,65.6172011789518,32.7943542623618,multi_jet (95%),multi_jet (100%),multi_jet,,,experiment_10_sample_28.npy
216,"2026-04-15T09:17:00,909",experiment,10,8800,8800.86,3.61842e-07,100,286.237091064453,16.0467395782471,287.555755615234,286.6865234375,257.497833251953,0,0,2.21534499850865,13.1909272022651,13.0108919866564,64.5378675595959,32.5429033225361,multi_jet (100%),multi_jet (100%),multi_jet,,,experiment_10_sample_29.npy
217,"2026-04-15T09:17:05,955",experiment,10,9000,9001.08,4.29219e-07,100,262.474060058594,15.2251129150391,262.766479492188,262.915252685547,231.804077148438,0,0,1.16756514266915,9.66024102045129,13.7964924381031,61.7409230275201,31.4131815470146,multi_jet (95%),multi_jet (100%),multi_jet,,,experiment_10_sample_30.npy
218,"2026-04-15T09:17:28,147",experiment,10,3000,3001.4,-6.76314e-08,120,-25.4228057861328,15.4465503692627,-24.7892913818359,29.7475185394287,238.595916748047,0,0,0.579119026231958,7.93347683163597,13.7121604548579,65.8133566401013,32.498185689389,intermitent (60%),dripping (62%),dripping,,,experiment_10_sample_31.npy
219,"2026-04-15T09:17:33,195",experiment,10,3200,3201.34,-4.96545e-08,120,6.49757051467896,15.6329936981201,4.95785808563232,16.9295272827148,244.390502929688,0,0,0.572114449572983,15.555713186926,13.8325819282754,65.7324587274456,32.6149217257231,dripping (81%),dripping (98%),dripping,,,experiment_10_sample_32.npy
220,"2026-04-15T09:17:38,227",experiment,10,3400,3401.19,-5.43669e-08,120,-29.396032333374,15.449631690979,-29.7471466064453,33.2087020874023,238.691116333008,0,0,0.46785908628268,11.6668801458682,14.9090723190551,66.6058661278446,32.5797332382652,intermitent (65%),intermitent (51%),dripping,,,experiment_10_sample_33.npy
221,"2026-04-15T09:17:43,276",experiment,10,3600,3601.12,-2.12929e-08,120,2.63450646400452,15.3535623550415,4.95785808563232,15.5779495239258,235.731872558594,0,0,0.523169380358823,8.72951998031898,12.8563152674808,63.7620966243154,34.3261037360937,dripping (60%),dripping (75%),dripping,,,experiment_10_sample_34.npy
222,"2026-04-15T09:17:48,333",experiment,10,3800,3801.08,-4.05788e-08,120,3.52434301376343,15.3772087097168,4.95785808563232,15.7759170532227,236.458541870117,0,0,0.75449806356856,13.5443624863485,14.6783210898069,59.3478366369257,32.2139375070173,dripping (69%),dripping (67%),dripping,,,experiment_10_sample_35.npy
223,"2026-04-15T09:17:53,387",experiment,10,4000,4001.28,-3.27248e-08,120,18.5409030914307,15.351167678833,19.8314323425293,24.0712146759033,235.658355712891,0,0,0.589457512672353,10.4679262824343,14.1202807808449,64.5424383023412,31.6252359204521,intermitent (74%),intermitent (99%),intermitent,,,experiment_10_sample_36.npy
224,"2026-04-15T09:17:58,443",experiment,10,4200,4201.13,-2.53945e-08,120,13.5542879104614,15.2718544006348,14.8735733032227,20.4193096160889,233.229522705078,0,0,0.61973196932972,10.0774863723428,13.8603410974732,62.5753249363521,31.3757707538209,intermitent (44%),intermitent (82%),intermitent,,,experiment_10_sample_37.npy
225,"2026-04-15T09:18:03,505",experiment,10,4400,4401.24,-2.74889e-08,120,24.9852256774902,15.3144359588623,24.7892913818359,29.3051776885986,234.531936645508,0,0,0.791602865766368,9.45877935628236,13.5838794354169,63.8557930283627,33.2407456987747,intermitent (70%),intermitent (100%),intermitent,,,experiment_10_sample_38.npy
226,"2026-04-15T09:18:08,543",experiment,10,4600,4601.12,-1.63188e-08,120,14.0113039016724,15.3309211730957,14.8735733032227,20.7690582275391,235.037155151367,0,0,0.560069732402154,10.7355060562566,12.9397677931879,62.8456392266573,34.1445368335864,intermitent (39%),intermitent (86%),intermitent,,,experiment_10_sample_39.npy
227,"2026-04-15T09:18:13,598",experiment,10,4800,4800.98,2.7928e-09,120,31.3381252288818,15.1508150100708,29.7471466064453,34.808406829834,229.54719543457,0,0,0.435759671315499,6.4950029642725,11.9154770413966,63.9789730613621,32.2427702340019,intermitent (56%),intermitent (95%),intermitent,,,experiment_10_sample_40.npy
228,"2026-04-15T09:18:18,675",experiment,10,5000,5001.27,1.46622e-08,120,6.03807640075684,15.624324798584,4.95785808563232,16.7504596710205,244.119522094727,0,0,0.570244994009459,11.0659003788974,15.9214305146452,67.2344043864556,33.3895623736313,dripping (62%),dripping (92%),intermitent,,,experiment_10_sample_41.npy
229,"2026-04-15T09:18:23,753",experiment,10,5200,5201.21,1.03857e-08,120,30.579870223999,15.2200498580933,29.7471466064453,34.1581382751465,231.649917602539,0,0,0.778591964705372,8.92330622851186,13.4611797524577,61.6316043491892,32.5127038488677,intermitent (51%),multi_jet (73%),intermitent,,,experiment_10_sample_42.npy
230,"2026-04-15T09:18:28,807",experiment,10,5400,5401.08,2.13824e-08,120,53.6448211669922,15.52490234375,54.5364379882813,55.846118927002,241.022598266602,0,0,0.444909400189895,12.509473662585,14.7058788543086,64.7114644437349,32.402306151503,intermitent (49%),intermitent (74%),intermitent,,,experiment_10_sample_43.npy
231,"2026-04-15T09:18:33,873",experiment,10,5600,5601.02,3.21172e-08,120,46.5268211364746,15.3400096893311,44.6207237243652,48.9904136657715,235.315887451172,0,0,0.502714975719609,7.75059582698119,13.5301746266885,62.3543766212577,31.3687936926398,intermitent (44%),multi_jet (90%),intermitent,,,experiment_10_sample_44.npy
232,"2026-04-15T09:18:38,933",experiment,10,5800,5801.05,3.01099e-08,120,71.9502182006836,15.3359670639038,74.3678741455078,73.5664749145508,235.19189453125,0,0,0.661579068690225,11.9018347650838,13.1376007889207,62.8349862154642,32.5422808733662,multi_jet (34%),multi_jet (48%),intermitent,,,experiment_10_sample_45.npy
233,"2026-04-15T09:18:44,020",experiment,10,6000,6001.25,4.14556e-08,120,49.0692100524902,15.2342519760132,49.5785827636719,51.3796653747559,232.082443237305,0,0,0.790925121908767,11.2774970577394,11.6578038933385,61.122434749406,32.7034016888591,intermitent (47%),intermitent (74%),undefined,,,experiment_10_sample_46.npy
234,"2026-04-15T09:18:49,087",experiment,10,6200,6201.19,6.05689e-08,120,67.3336563110352,15.9680328369141,69.4100112915039,69.2011566162109,254.978073120117,0,0,0.785640033312981,15.7641446909885,13.3078284270772,60.7743871816051,33.4361005023126,multi_jet (50%),intermitent (51%),undefined,,,experiment_10_sample_47.npy
235,"2026-04-15T09:18:54,128",experiment,10,6400,6401.09,7.8984e-08,120,52.3525009155273,15.4420032501221,54.5364379882813,54.5824127197266,238.455474853516,0,0,0.632670708161626,9.27169681520524,13.2421408228287,62.1009142112444,32.7148067067351,multi_jet (41%),multi_jet (94%),undefined,,,experiment_10_sample_48.npy
236,"2026-04-15T09:18:59,211",experiment,10,6600,6601,7.70639e-08,120,49.4982604980469,16.5142211914063,49.5785827636719,52.1804313659668,272.719482421875,0,0,0.671128530304232,8.76034588186812,12.6110969112006,66.0726177451162,31.8539385137484,intermitent (58%),intermitent (89%),undefined,,,experiment_10_sample_49.npy
237,"2026-04-15T09:19:04,268",experiment,10,6800,6800.95,1.40512e-07,120,124.195541381836,15.6074104309082,123.946449279785,125.172370910645,243.591247558594,0,0,0.563603973809399,15.3902043150517,15.0402845169287,62.415361832357,32.100998460997,multi_jet (56%),multi_jet (96%),undefined,,,experiment_10_sample_50.npy
238,"2026-04-15T09:19:09,328",experiment,10,7000,7001.27,1.10228e-07,120,63.0595893859863,15.4333477020264,64.4521560668945,64.9207229614258,238.188232421875,0,0,0.727969226750841,10.4373271206645,13.975614747878,63.9583888643418,32.3945768429461,multi_jet (52%),multi_jet (97%),undefined,,,experiment_10_sample_51.npy
239,"2026-04-15T09:19:14,380",experiment,10,7200,7201.21,1.1049e-07,120,27.5569648742676,15.8615884780884,29.7471466064453,31.7958545684814,251.589981079102,0,0,0.701272025224756,9.58262880871939,14.2459940860768,65.5676357204693,32.334656934098,intermitent (47%),intermitent (94%),undefined,,,experiment_10_sample_52.npy
240,"2026-04-15T09:19:19,439",experiment,10,7400,7401.1,1.31087e-07,120,68.2136764526367,16.9450817108154,69.4100112915039,70.2868576049805,287.135772705078,0,0,0.935974975328051,14.5299945501859,16.0224884574723,63.1472543421579,32.3311150144901,multi_jet (52%),multi_jet (58%),undefined,,,experiment_10_sample_53.npy
241,"2026-04-15T09:19:24,486",experiment,10,7600,7601.02,2.03787e-07,120,149.989883422852,15.3694658279419,148.735748291016,150.775268554688,236.220474243164,0,0,0.683438387424313,11.411508941905,12.2649280315747,62.4524695411007,32.5212817043171,multi_jet (92%),multi_jet (100%),undefined,,,experiment_10_sample_54.npy
242,"2026-04-15T09:19:29,549",experiment,10,7800,7800.92,1.5404e-07,120,101.345458984375,17.448787689209,99.1571655273438,102.836578369141,304.460205078125,0,0,1.00911502291296,9.59470382589625,14.2379669173765,65.6487738097896,33.2385483163114,multi_jet (63%),multi_jet (82%),undefined,,,experiment_10_sample_55.npy
243,"2026-04-15T09:19:34,600",experiment,10,8000,8001.06,2.56152e-07,120,88.7707366943359,15.8977756500244,89.2414474487305,90.1830596923828,252.739273071289,0,0,0.691895239955379,12.0740110055807,12.5493061839378,66.240391418313,32.762945258812,multi_jet (64%),multi_jet (96%),intermitent,,,experiment_10_sample_56.npy
244,"2026-04-15T09:19:39,634",experiment,10,8200,8201.11,2.99353e-07,120,103.04035949707,15.5342702865601,104.115013122559,104.204734802246,241.313552856445,0,0,0.512683244187921,10.3190916415763,13.7840106300187,66.2855625402564,32.5896207082388,multi_jet (60%),multi_jet (96%),undefined,,,experiment_10_sample_57.npy
245,"2026-04-15T09:19:44,679",experiment,10,8400,8401.06,3.31209e-07,120,113.06761932373,18.8107452392578,114.030731201172,114.621688842773,353.844116210938,0,0,1.02519433170461,11.5147749724219,13.4861212482866,65.8606036870993,32.0705164937589,multi_jet (56%),multi_jet (89%),undefined,,,experiment_10_sample_58.npy
246,"2026-04-15T09:19:49,718",experiment,10,8600,8600.89,3.7441e-07,120,89.7558822631836,15.5100574493408,89.2414474487305,91.0861053466797,240.561874389648,0,0,0.619538212880531,10.2845586627034,13.7412737253674,62.3260557310395,32.7926172140634,multi_jet (57%),multi_jet (97%),multi_jet,,,experiment_10_sample_59.npy
247,"2026-04-15T09:19:54,782",experiment,10,8800,8800.81,3.71181e-07,120,126.577491760254,18.330738067627,128.904312133789,127.897911071777,336.015930175781,0,0,0.880572521733477,10.8545738221034,12.1250051754361,65.4082372863565,32.8998316463452,multi_jet (58%),multi_jet (74%),multi_jet,,,experiment_10_sample_60.npy
248,"2026-04-15T09:19:59,849",experiment,10,9000,9001.05,4.16738e-07,120,223.333557128906,15.312084197998,223.103607177734,223.857849121094,234.459915161133,0,0,0.714092563282098,9.50774558940955,13.5198054298211,63.9640459747911,32.6075303492685,multi_jet (95%),multi_jet (100%),multi_jet,,,experiment_10_sample_61.npy
249,"2026-04-15T09:20:22,056",experiment,10,3000,3001.37,1.32658e-08,140,-9.759840965271,15.7465906143188,-9.91571617126465,18.5259170532227,247.955123901367,0,0,0.492918576505389,9.91388455718187,13.6237064023267,66.9161930430135,35.3526617813253,dripping (61%),dripping (100%),dripping,,,experiment_10_sample_62.npy
250,"2026-04-15T09:20:27,115",experiment,10,3200,3201.31,6.10926e-09,140,-13.9088754653931,15.6479911804199,-14.8735733032227,20.9360065460205,244.859634399414,0,0,0.777908027582365,14.308877435363,15.9385030850886,64.4183120741819,33.4322371932921,dripping (64%),dripping (96%),dripping,,,experiment_10_sample_63.npy
251,"2026-04-15T09:20:32,187",experiment,10,3400,3401.18,-5.67231e-09,140,-1.33584535121918,15.8719940185547,0,15.9281101226807,251.920196533203,0,0,0.516066817924055,10.8108737095371,15.438644984993,69.1739253449438,33.87328985299,dripping (77%),dripping (99%),dripping,,,experiment_10_sample_64.npy
252,"2026-04-15T09:20:37,237",experiment,10,3600,3601.07,5.14923e-09,140,11.7530975341797,15.5917310714722,9.91571617126465,19.5253009796143,243.102081298828,0,0,0.501251920655512,10.4142559575692,14.5163885539813,68.5812905482799,33.7693310642117,dripping (68%),dripping (95%),dripping,,,experiment_10_sample_65.npy
253,"2026-04-15T09:20:42,290",experiment,10,3800,3801.07,1.95496e-08,140,-17.9896869659424,15.6368379592896,-19.8314323425293,23.8356781005859,244.510696411133,0,0,0.459905195740348,9.01215250371105,12.9020745031559,70.6633676637192,33.7163533229359,intermitent (65%),intermitent (93%),dripping,,,experiment_10_sample_66.npy
254,"2026-04-15T09:20:47,333",experiment,10,4000,4001.25,"3,59E-05",140,-19.8413486480713,15.9908533096313,-19.8314323425293,25.4830627441406,255.707382202148,0,0,0.667834049555754,16.5577216653127,17.1125381172,71.3890317323467,33.4764543510913,intermitent (71%),intermitent (75%),dripping,,,experiment_10_sample_67.npy
255,"2026-04-15T09:20:52,384",experiment,10,4200,4201.14,4.63431e-08,140,7.18522548675537,15.7525625228882,4.95785808563232,17.3138885498047,248.14323425293,0,0,0.490399991283689,14.5911054365537,16.6679848681908,65.2176090985657,33.048035615626,dripping (65%),dripping (88%),dripping,,,experiment_10_sample_68.npy
256,"2026-04-15T09:20:57,444",experiment,10,4400,4401.23,5.06195e-08,140,-1.10252845287323,15.7677087783813,0,15.8062086105347,248.620635986328,0,0,0.743117266464947,13.9099330778561,14.4056709593275,70.8072490453738,33.7137726989506,dripping (50%),dripping (57%),dripping,,,experiment_10_sample_69.npy
257,"2026-04-15T09:21:02,497",experiment,10,4600,4601.08,5.56815e-08,140,20.0328197479248,15.6062231063843,19.8314323425293,25.3942527770996,243.554214477539,0,0,0.66582687557068,13.3110449052032,15.5519927871965,68.4397038474981,32.9316714930657,intermitent (67%),intermitent (100%),dripping,,,experiment_10_sample_70.npy
258,"2026-04-15T09:21:07,563",experiment,10,4800,4800.98,6.17035e-08,140,-18.7147235870361,15.6062688827515,-19.8314323425293,24.36794090271,243.555618286133,0,0,0.613860221112051,8.27004729395112,13.2487343985918,67.5160557942982,33.3742683940962,intermitent (55%),intermitent (97%),dripping,,,experiment_10_sample_71.npy
259,"2026-04-15T09:21:12,600",experiment,10,5000,5001.22,7.06928e-08,140,-15.0059490203857,15.6366376876831,-14.8735733032227,21.6721687316895,244.504425048828,0,0,0.529936459985838,7.85109340155052,13.0617231668324,66.0251357022568,33.2550056187793,intermitent (49%),intermitent (81%),dripping,,,experiment_10_sample_72.npy
260,"2026-04-15T09:21:17,645",experiment,10,5200,5201.2,7.5493e-08,140,-5.42816066741943,15.5796241760254,-4.95785808563232,16.4981689453125,242.724685668945,0,0,0.758052670975489,6.696336971121,12.1764111038576,66.9153679224087,34.1466030619974,dripping (45%),dripping (54%),dripping,,,experiment_10_sample_73.npy
261,"2026-04-15T09:21:22,686",experiment,10,5400,5401.06,8.44823e-08,140,19.5527019500732,15.4048070907593,19.8314323425293,24.8920917510986,237.308074951172,0,0,0.598705769997838,10.3060130673666,12.6849774758482,66.7605077377627,32.8828356224983,intermitent (45%),intermitent (57%),dripping,,,experiment_10_sample_74.npy
262,"2026-04-15T09:21:27,738",experiment,10,5600,5600.98,9.31225e-08,140,-23.5456619262695,15.6321811676025,-24.7892913818359,28.2623996734619,244.365081787109,0,0,0.431386300188197,9.77460008701947,14.0901584888375,66.2772450198193,33.1873074763729,intermitent (48%),intermitent (90%),intermitent,,,experiment_10_sample_75.npy
263,"2026-04-15T09:21:32,805",experiment,10,5800,5800.99,1.01675e-07,140,21.253345489502,15.6071491241455,19.8314323425293,26.3683109283447,243.583114624023,0,0,0.621254733197535,9.19024779780874,14.1972083599335,69.8032401886206,33.7031506269471,intermitent (46%),intermitent (51%),intermitent,,,experiment_10_sample_76.npy
264,"2026-04-15T09:21:37,893",experiment,10,6000,6001.19,1.26287e-07,140,36.6575126647949,15.6391668319702,34.705005645752,39.8541946411133,244.583541870117,0,0,0.642638706550674,12.5056082058824,15.7135077637882,71.7247277737376,32.761316685201,intermitent (51%),intermitent (95%),intermitent,,,experiment_10_sample_77.npy
265,"2026-04-15T09:21:42,952",experiment,10,6200,6201.13,1.39989e-07,140,-11.1848278045654,15.6333570480347,-9.91571617126465,19.2224407196045,244.401840209961,0,0,0.764446638418659,11.3259343664226,13.6918104572547,66.1162972139938,34.3314109583534,dripping (48%),intermitent (91%),intermitent,,,experiment_10_sample_78.npy
266,"2026-04-15T09:21:47,997",experiment,10,6400,6401.07,1.47058e-07,140,11.500940322876,15.8317575454712,9.91571617126465,19.568244934082,250.644561767578,0,0,0.830405889374612,14.9277516101082,15.3310485005695,68.9896342641872,33.8196961063273,intermitent (44%),intermitent (98%),intermitent,,,experiment_10_sample_79.npy
267,"2026-04-15T09:21:53,046",experiment,10,6600,6600.93,1.61808e-07,140,86.6046524047852,15.4762582778931,84.2835845947266,87.9766006469727,239.514556884766,0,0,0.511249289733501,12.3022934156211,11.6868981027446,61.9044661435024,31.3136157957875,multi_jet (56%),multi_jet (95%),intermitent,,,experiment_10_sample_80.npy
268,"2026-04-15T09:21:58,133",experiment,10,6800,6800.9,1.67306e-07,140,-8.49162101745605,15.6449871063232,-9.91571617126465,17.8009338378906,244.765625,0,0,0.908620929209346,7.10549563936718,12.4315397036835,69.7232039369683,34.4830571257268,intermitent (45%),intermitent (95%),intermitent,,,experiment_10_sample_81.npy
269,"2026-04-15T09:22:03,179",experiment,10,7000,7001.21,1.50375e-07,140,84.2851791381836,15.2266464233398,84.2835845947266,85.649528503418,231.85075378418,0,0,0.831950853506999,8.85888714366389,13.9284542997817,59.949020421335,31.7208029447809,multi_jet (58%),multi_jet (95%),intermitent,,,experiment_10_sample_82.npy
270,"2026-04-15T09:22:08,237",experiment,10,7200,7201.13,1.72368e-07,140,93.5693588256836,15.4254531860352,94.1993026733398,94.8323211669922,237.944595336914,0,0,0.756951317388795,9.33220178089473,13.548614742844,62.638097360638,32.9286340206358,multi_jet (62%),multi_jet (93%),intermitent,,,experiment_10_sample_83.npy
271,"2026-04-15T09:22:13,300",experiment,10,7400,7401.06,1.6364e-07,140,67.8082275390625,15.9875812530518,69.4100112915039,69.6674880981445,255.602752685547,0,0,0.769004236055717,16.4023638341871,13.0664810727276,67.1311980567294,32.9372978469986,multi_jet (52%),multi_jet (91%),undefined,,,experiment_10_sample_84.npy
272,"2026-04-15T09:22:18,344",experiment,10,7600,7600.94,2.00645e-07,140,41.1062965393066,15.7414436340332,39.6628646850586,44.017276763916,247.793045043945,0,0,0.774613374988768,15.5594138187034,17.511372496855,66.6117235609538,33.3021512777359,intermitent (46%),intermitent (82%),undefined,,,experiment_10_sample_85.npy
273,"2026-04-15T09:22:23,387",experiment,10,7800,7800.86,2.24209e-07,140,19.3736228942871,15.4433364868164,19.8314323425293,24.7756729125977,238.496643066406,0,0,0.648558953439501,12.2418000104654,11.9624953774178,64.335458404626,32.719475881966,intermitent (50%),intermitent (93%),undefined,,,experiment_10_sample_86.npy
274,"2026-04-15T09:22:28,450",experiment,10,8000,8000.96,2.52137e-07,140,53.4202308654785,16.3184585571289,54.5364379882813,55.8570709228516,266.292083740234,0,0,0.517950826199283,14.0291472887811,13.1331484024222,67.5459316781397,32.3941702027089,multi_jet (50%),intermitent (71%),undefined,,,experiment_10_sample_87.npy
275,"2026-04-15T09:22:33,498",experiment,10,8200,8201.01,2.7544e-07,140,87.6131820678711,18.0343132019043,89.2414474487305,89.4500198364258,325.236480712891,0,0,0.949557740934333,15.7586523568175,14.2054474399256,63.1884657459432,32.8414148842538,multi_jet (63%),multi_jet (86%),undefined,,,experiment_10_sample_88.npy
276,"2026-04-15T09:22:38,575",experiment,10,8400,8400.99,2.9272e-07,140,50.0683212280273,19.7624359130859,49.5785827636719,53.8274116516113,390.553894042969,0,0,2.63680794540412,8.04198209029436,12.3054760570097,63.1652826610009,33.0752364318851,intermitent (52%),intermitent (66%),undefined,,,experiment_10_sample_89.npy
277,"2026-04-15T09:22:43,667",experiment,10,8600,8600.8,3.04677e-07,140,71.6206207275391,15.7400798797607,69.4100112915039,73.3298263549805,247.750122070313,0,0,0.954477055758789,9.1604934932775,13.0128881411597,68.9835181502537,32.5394180401508,multi_jet (46%),intermitent (59%),undefined,,,experiment_10_sample_90.npy
278,"2026-04-15T09:22:48,701",experiment,10,8800,8800.74,3.4334e-07,140,139.334747314453,15.7738161087036,138.820022583008,140.22477722168,248.813262939453,0,0,0.611290692768369,11.2012639559614,14.8051353943648,66.3387789147848,34.3481449112571,multi_jet (81%),multi_jet (100%),multi_jet,,,experiment_10_sample_91.npy
279,"2026-04-15T09:22:53,759",experiment,10,9000,9000.96,3.75108e-07,140,134.282196044922,16.8889598846436,133.862167358398,135.340103149414,285.236968994141,0,0,6.67890882249561,12.6739857526094,13.8272058972889,64.9993438823084,32.854943873236,multi_jet (73%),multi_jet (76%),multi_jet,,,experiment_10_sample_92.npy
280,"2026-04-15T09:28:01,766",experiment,12,3000,3001.14,-2.0333e-08,160,16.2129878997803,15.6170902252197,14.8735733032227,22.511209487915,243.893493652344,0,0,0.469421230733835,10.3416118426281,14.6209873596089,65.7896112932517,33.1864897052629,intermitent (70%),intermitent (51%),dripping,,,experiment_12_sample_0.npy
281,"2026-04-15T09:28:06,887",experiment,12,3200,3201.13,-1.28281e-08,160,16.0183429718018,15.7829313278198,14.8735733032227,22.487512588501,249.100921630859,0,0,0.5965858789909,14.9243131076777,16.5043465791624,67.1154272913393,33.6538432567973,intermitent (65%),intermitent (61%),dripping,,,experiment_12_sample_1.npy
282,"2026-04-15T09:28:11,956",experiment,12,3400,3401.02,-8.5521e-09,160,-16.9471492767334,15.6170444488525,-14.8735733032227,23.045560836792,243.892074584961,0,0,0.456009895503907,10.8610875403629,13.6813123443467,69.8428032518845,33.445614206513,intermitent (64%),intermitent (91%),intermitent,,,experiment_12_sample_2.npy
283,"2026-04-15T09:28:17,022",experiment,12,3600,3600.93,8.72751e-11,160,16.53733253479,15.3127727508545,14.8735733032227,22.538064956665,234.481018066406,0,0,0.804669478396835,8.54866583109451,12.6121803887049,64.7475168134351,32.7749187976829,intermitent (66%),intermitent (99%),dripping,,,experiment_12_sample_3.npy
284,"2026-04-15T09:28:22,057",experiment,12,3800,3800.92,9.07661e-09,160,14.0990571975708,15.710431098938,14.8735733032227,21.1092643737793,246.817642211914,0,0,0.406296414618163,10.1504820429053,14.1985968399633,72.5133620219702,33.7760121818527,dripping (48%),intermitent (78%),dripping,,,experiment_12_sample_4.npy
285,"2026-04-15T09:28:27,104",experiment,12,4000,4001.11,2.1906e-08,160,-19.3176002502441,15.5178737640381,-19.8314323425293,24.7784996032715,240.804397583008,0,0,0.608308585047399,7.17669171801592,13.6365590008831,64.7545083140429,34.2036599389019,intermitent (69%),intermitent (100%),dripping,,,experiment_12_sample_5.npy
286,"2026-04-15T09:28:32,161",experiment,12,4200,4201.02,2.87135e-08,160,-12.6922149658203,15.8101406097412,-14.8735733032227,20.2744388580322,249.960540771484,0,0,0.885538122881744,13.1053711871232,15.5463857194148,68.7975681255059,33.562197678915,dripping (46%),dripping (84%),intermitent,,,experiment_12_sample_6.npy
287,"2026-04-15T09:28:37,224",experiment,12,4400,4401.07,3.97974e-08,160,18.6389675140381,15.8917331695557,19.8314323425293,24.494047164917,252.547180175781,0,0,0.490792719477396,16.2684026932687,16.9452835214868,72.5004794608943,32.5151970683016,intermitent (73%),intermitent (99%),unconclusive,,,experiment_12_sample_7.npy
288,"2026-04-15T09:28:42,265",experiment,12,4600,4600.97,5.14923e-08,160,23.2251853942871,15.494517326355,24.7892913818359,27.9193344116211,240.080078125,0,0,0.550775349053899,8.92296611092131,13.7452712736199,67.2090267704249,33.4289607993516,intermitent (57%),intermitent (98%),intermitent,,,experiment_12_sample_8.npy
289,"2026-04-15T09:28:47,306",experiment,12,4800,4800.88,6.21398e-08,160,4.56777381896973,15.9561166763306,4.95785808563232,16.597053527832,254.59765625,0,0,0.680304734541098,13.8930610956675,15.2392623065806,72.3330039475726,33.8882938888094,dripping (61%),dripping (81%),dripping,,,experiment_12_sample_9.npy
290,"2026-04-15T09:28:52,347",experiment,12,5000,5001.11,7.77621e-08,160,-12.121467590332,15.6822967529297,-14.8735733032227,19.8208084106445,245.934432983398,0,0,0.672756233319872,10.7606373981209,15.6702786448779,62.6107562681262,33.0581769800287,dripping (54%),dripping (85%),intermitent,,,experiment_12_sample_10.npy
291,"2026-04-15T09:28:57,384",experiment,12,5200,5201.05,8.91079e-08,160,-10.476053237915,15.7275924682617,-9.91571617126465,18.8972206115723,247.357177734375,0,0,0.584257968072765,8.86808541819066,13.537690936663,68.803265218774,34.4911961129642,dripping (59%),dripping (76%),unconclusive,,,experiment_12_sample_11.npy
292,"2026-04-15T09:29:02,430",experiment,12,5400,5400.92,9.90572e-08,160,-19.8132877349854,15.7832899093628,-19.8314323425293,25.3313751220703,249.112243652344,0,0,0.457255105961987,10.9064774480693,14.6200586214647,70.6951705909283,33.532466720791,intermitent (51%),intermitent (65%),intermitent,,,experiment_12_sample_12.npy
293,"2026-04-15T09:29:07,492",experiment,12,5600,5600.86,1.18519e-07,160,-17.221019744873,16.0122528076172,-19.8314323425293,23.5150108337402,256.392211914063,0,0,0.939798350013743,13.01316642506,15.8262332199417,73.8170787254546,33.8469494930729,intermitent (50%),intermitent (87%),intermitent,,,experiment_12_sample_13.npy
294,"2026-04-15T09:29:12,539",experiment,12,5800,5800.89,9.93191e-08,160,55.7336654663086,15.8666696548462,54.5364379882813,57.9481887817383,251.751220703125,0,0,0.686011931688803,11.9005574910862,15.2557112045171,68.4508739850458,33.5765676496312,multi_jet (41%),multi_jet (50%),intermitent,,,experiment_12_sample_14.npy
295,"2026-04-15T09:29:17,592",experiment,12,6000,6001.07,1.12235e-07,160,51.5423889160156,15.7958354949951,49.5785827636719,53.9084968566895,249.508422851563,0,0,0.586712452242354,15.7051694934744,16.4434274154085,68.1185466628554,32.7698626165108,intermitent (42%),intermitent (53%),intermitent,,,experiment_12_sample_15.npy
296,"2026-04-15T09:29:22,624",experiment,12,6200,6201.03,1.28992e-07,160,25.1876049041748,15.840651512146,24.7892913818359,29.7546920776367,250.926239013672,0,0,0.806404422131688,13.2757846128816,15.0795211581043,70.2480767148317,33.4857752012043,intermitent (52%),intermitent (71%),intermitent,,,experiment_12_sample_16.npy
297,"2026-04-15T09:29:27,666",experiment,12,6400,6400.94,1.41647e-07,160,37.1990089416504,15.537163734436,39.6628646850586,40.3133926391602,241.403442382813,0,0,1.09697338069811,8.22246416920343,12.1959850954345,68.3649633255849,33.567667021632,intermitent (44%),intermitent (59%),intermitent,,,experiment_12_sample_17.npy
298,"2026-04-15T09:29:34,422",experiment,12,6600,6600.83,1.47844e-07,160,65.6325225830078,15.7570667266846,64.4521560668945,67.4975051879883,248.28515625,0,0,0.730913787536394,11.8512232748711,14.5166272401438,70.7902929689823,32.327766881865,multi_jet (40%),multi_jet (72%),intermitent,,,experiment_12_sample_18.npy
299,"2026-04-15T09:29:39,459",experiment,12,6800,6800.79,"1,41E-04",160,75.8766479492188,15.5132875442505,74.3678741455078,77.4462890625,240.662078857422,0,0,0.70765696386892,11.2977436202684,13.70196361967,66.6174611447595,33.0551167803535,multi_jet (57%),multi_jet (91%),intermitent,,,experiment_12_sample_19.npy
300,"2026-04-15T09:29:44,482",experiment,12,7000,7001.07,1.6172e-07,160,42.5019302368164,15.6812305450439,44.6207237243652,45.3024864196777,245.901000976563,0,0,0.852917456305201,11.8422418555195,15.5206208005878,67.8707258199026,32.9108886735573,intermitent (54%),intermitent (93%),intermitent,,,experiment_12_sample_20.npy
301,"2026-04-15T09:29:49,548",experiment,12,7200,7201.02,1.7839e-07,160,87.1091613769531,15.6425495147705,89.2414474487305,88.5025177001953,244.689346313477,0,0,0.61663552446288,10.8992359089725,13.0394952831513,68.3376543065656,33.5743847218945,multi_jet (57%),multi_jet (96%),intermitent,,,experiment_12_sample_21.npy
302,"2026-04-15T09:29:54,581",experiment,12,7400,7400.94,1.91918e-07,160,73.1437759399414,15.6126251220703,74.3678741455078,74.7914810180664,243.75407409668,0,0,1.00486876786312,15.1310207415328,13.8361622832392,62.9196375175314,32.231798441501,multi_jet (48%),multi_jet (77%),unconclusive,,,experiment_12_sample_22.npy
303,"2026-04-15T09:29:59,619",experiment,12,7600,7600.82,2.71512e-07,160,72.8208236694336,18.1047172546387,74.3678741455078,75.0376815795898,327.780792236328,0,0,1.04016376757525,15.8762565363901,13.6153797266733,67.8353908628239,33.2441524346155,multi_jet (48%),multi_jet (53%),cone_jet,,,experiment_12_sample_23.npy
304,"2026-04-15T09:30:04,680",experiment,12,7800,7800.75,2.44719e-07,160,100.819129943848,16.2899589538574,99.1571655273438,102.126686096191,265.36279296875,0,0,1.94165559625346,13.7745905689995,15.3580620770838,66.4556397989723,33.0772495286117,multi_jet (72%),multi_jet (73%),unconclusive,,,experiment_12_sample_24.npy
305,"2026-04-15T09:30:09,734",experiment,12,8000,8000.87,2.52574e-07,160,130.966873168945,15.5857810974121,128.904312133789,131.891021728516,242.916564941406,0,0,0.863595453015673,11.9421292565641,14.8033023161616,65.5556228889197,32.9115913770288,multi_jet (70%),multi_jet (100%),multi_jet,,,experiment_12_sample_25.npy
306,"2026-04-15T09:30:14,775",experiment,12,8200,8200.89,2.64269e-07,160,57.6303405761719,15.7544889450073,59.4942932128906,59.7449569702148,248.20393371582,0,0,0.942061640204174,12.588157741008,14.1380223265028,68.8079157300057,33.5973891197273,intermitent (42%),multi_jet (70%),multi_jet,,,experiment_12_sample_26.npy
307,"2026-04-15T09:30:19,823",experiment,12,8400,8400.82,2.75091e-07,160,31.3911743164063,15.8324537277222,29.7471466064453,35.1578216552734,250.666595458984,0,0,1.06150148759487,14.639086522554,15.9863106399396,67.6879724695269,32.603083114226,intermitent (52%),intermitent (97%),unconclusive,,,experiment_12_sample_27.npy
308,"2026-04-15T09:30:24,888",experiment,12,8600,8600.7,3.34525e-07,160,117.463157653809,15.6289215087891,118.988586425781,118.498344421387,244.26318359375,0,0,0.76426530626109,7.67605727268186,12.5455447505384,69.2993879578019,32.8742311106507,multi_jet (63%),multi_jet (95%),unconclusive,,,experiment_12_sample_28.npy
309,"2026-04-15T09:30:29,921",experiment,12,8800,8800.61,2.82335e-07,160,65.1950378417969,16.0050449371338,64.4521560668945,67.1308746337891,256.161437988281,0,0,0.784819738911911,11.9616979758517,15.9751436028363,70.2055719525462,33.2478535352571,multi_jet (47%),multi_jet (87%),intermitent,,,experiment_12_sample_29.npy
310,"2026-04-15T09:30:34,988",experiment,12,9000,9000.85,2.78494e-07,160,77.8096160888672,18.0624828338623,79.3257293701172,79.8785934448242,326.253265380859,0,0,0.874262982396828,17.7116130087353,15.5010636742687,64.018725081194,33.0249347097418,multi_jet (68%),multi_jet (80%),multi_jet,,,experiment_12_sample_30.npy
311,"2026-04-15T09:30:57,163",experiment,12,3000,3001.26,-2.09439e-09,180,-15.0282602310181,15.7476644515991,-14.8735733032227,21.7678089141846,247.988922119141,0,0,0.439558538102694,12.3243915190819,13.6802281677322,71.8943269917908,34.0594147857129,dripping (50%),dripping (99%),dripping,,,experiment_12_sample_31.npy
312,"2026-04-15T09:31:02,221",experiment,12,3200,3201.19,1.20439e-08,180,7.74675226211548,15.7280349731445,9.91571617126465,17.5323486328125,247.371078491211,0,0,0.485996291676089,8.73998272997014,13.8736450961625,67.4635801648037,34.3177711839901,dripping (72%),dripping (97%),unconclusive,,,experiment_12_sample_32.npy
313,"2026-04-15T09:31:07,276",experiment,12,3400,3401.06,1.57968e-08,180,-20.2338123321533,15.804461479187,-19.8314323425293,25.6746597290039,249.781005859375,0,0,0.712755713577262,13.6489737867252,16.738948816919,67.1375866233484,33.5831295095466,intermitent (65%),intermitent (80%),dripping,,,experiment_12_sample_33.npy
314,"2026-04-15T09:31:12,342",experiment,12,3600,3600.96,1.92005e-08,180,-5.30966758728027,16.15309715271,-4.95785808563232,17.0033855438232,260.922546386719,0,0,0.558162064653071,18.2409523304677,16.7105884191981,71.0027573397811,34.5227589458983,dripping (86%),dripping (96%),dripping,,,experiment_12_sample_34.npy
315,"2026-04-15T09:31:17,388",experiment,12,3800,3800.92,2.32151e-08,180,25.3112525939941,15.4594211578369,24.7892913818359,29.6589488983154,238.993713378906,0,0,0.512056565479329,9.04268871067474,12.0401789025808,65.0445914794481,32.4124435564973,intermitent (82%),intermitent (100%),multi_jet,,,experiment_12_sample_35.npy
316,"2026-04-15T09:31:22,443",experiment,12,4000,4001.14,3.08954e-08,180,-7.47545862197876,16.0762310028076,-9.91571617126465,17.7292881011963,258.445220947266,0,0,0.529654855465603,16.5923558350057,16.5401523840684,67.7127451536387,34.2706295877542,dripping (59%),intermitent (65%),dripping,,,experiment_12_sample_36.npy
317,"2026-04-15T09:31:27,492",experiment,12,4200,4201,4.05829e-08,180,24.0310344696045,15.561222076416,24.7892913818359,28.6293964385986,242.151641845703,0,0,0.652106435775561,10.9363884680364,13.869834755867,67.5474312898372,32.6503697086125,intermitent (76%),intermitent (100%),dripping,,,experiment_12_sample_37.npy
318,"2026-04-15T09:31:32,571",experiment,12,4400,4401.08,4.82631e-08,180,-1.42270684242249,15.7955942153931,0,15.8595361709595,249.500793457031,0,0,0.680000517950198,7.51326557272313,12.797404498413,71.3472842026008,35.3369190291728,dripping (44%),dripping (79%),dripping,,,experiment_12_sample_38.npy
319,"2026-04-15T09:31:37,623",experiment,12,4600,4600.95,5.09686e-08,180,23.7888927459717,15.4759397506714,24.7892913818359,28.3798542022705,239.50471496582,0,0,0.486305558217661,8.42267424872862,11.9725212710661,65.944994204476,33.3128690968444,intermitent (59%),intermitent (98%),dripping,,,experiment_12_sample_39.npy
320,"2026-04-15T09:31:42,691",experiment,12,4800,4800.85,5.46342e-08,180,1.93495285511017,16.0589923858643,0,16.1751441955566,257.891235351563,0,0,0.714111781356559,14.0477678306011,15.2903577637831,68.1224747411238,34.4323751973811,dripping (52%),dripping (91%),unconclusive,,,experiment_12_sample_40.npy
321,"2026-04-15T09:31:47,753",experiment,12,5000,5001.1,6.67654e-08,180,0.0372831039130688,15.7618589401245,0,15.7619028091431,248.43620300293,0,0,0.918764132301506,11.1063629272696,14.1092413823231,70.7368246406416,33.7415965821482,dripping (49%),dripping (92%),dripping,,,experiment_12_sample_41.npy
322,"2026-04-15T09:31:52,827",experiment,12,5200,5201.05,7.86348e-08,180,24.9754104614258,15.6953058242798,24.7892913818359,29.4976902008057,246.342636108398,0,0,0.752447379052902,10.7444449984903,13.232896649494,68.0186658512092,33.6358634419423,intermitent (54%),intermitent (93%),dripping,,,experiment_12_sample_42.npy
323,"2026-04-15T09:31:57,878",experiment,12,5400,5400.9,9.19007e-08,180,18.5914726257324,15.6180477142334,19.8314323425293,24.28098487854,243.923416137695,0,0,0.744379654648768,9.57586353445498,14.4488921901172,70.904201980801,34.0245179170934,intermitent (45%),intermitent (93%),unconclusive,,,experiment_12_sample_43.npy
324,"2026-04-15T09:32:02,935",experiment,12,5600,5600.85,8.79733e-08,180,10.2357959747314,15.6517562866211,9.91571617126465,18.7015762329102,244.977478027344,0,0,0.739753054634156,8.39259847875688,12.8680561500239,67.1002382338021,33.3621412705267,dripping (60%),dripping (93%),intermitent,,,experiment_12_sample_44.npy
325,"2026-04-15T09:32:08,003",experiment,12,5800,5800.85,9.88827e-08,180,27.8717880249023,15.5577392578125,29.7471466064453,31.9198970794678,242.043258666992,0,0,0.499660717944585,9.88345561636575,14.2051470742155,66.7778249475936,32.570263912939,intermitent (50%),intermitent (78%),intermitent,,,experiment_12_sample_45.npy
326,"2026-04-15T09:32:13,078",experiment,12,6000,6001.09,1.09006e-07,180,-11.1420927047729,15.768274307251,-9.91571617126465,19.3076324462891,248.638473510742,0,0,0.796786787492703,15.2034271676212,15.1326340009375,65.2451266367501,34.0756205722911,dripping (60%),intermitent (50%),intermitent,,,experiment_12_sample_46.npy
327,"2026-04-15T09:32:18,131",experiment,12,6200,6201.02,1.2009e-07,180,32.1673774719238,15.4562282562256,29.7471466064453,35.6880264282227,238.895004272461,0,0,1.21652863067162,8.81297091081209,13.0618877711981,67.3387375908932,33.6886450387316,intermitent (51%),intermitent (70%),intermitent,,,experiment_12_sample_47.npy
328,"2026-04-15T09:32:23,176",experiment,12,6400,6400.94,1.32221e-07,180,22.7744140625,15.5622091293335,24.7892913818359,27.583625793457,242.182357788086,0,0,0.708013500853443,12.8276302985097,13.215329382657,64.0981462973617,33.004107395006,intermitent (45%),intermitent (93%),intermitent,,,experiment_12_sample_48.npy
329,"2026-04-15T09:32:28,232",experiment,12,6600,6600.84,1.42258e-07,180,90.644416809082,15.9269533157349,89.2414474487305,92.0330352783203,253.667846679688,0,0,0.924411140523918,17.6423553536544,15.8386028933641,70.3409917844232,33.9944346111303,multi_jet (58%),multi_jet (91%),intermitent,,,experiment_12_sample_49.npy
330,"2026-04-15T09:32:33,273",experiment,12,6800,6800.76,1.59364e-07,180,94.5144195556641,15.5064163208008,94.1993026733398,95.7779998779297,240.448944091797,0,0,0.923844674138769,9.97362910840577,13.1725883191452,66.0305354254311,33.7065360229821,multi_jet (64%),multi_jet (99%),intermitent,,,experiment_12_sample_50.npy
331,"2026-04-15T09:32:38,305",experiment,12,7000,7001.07,1.70448e-07,180,12.9439754486084,15.5999488830566,14.8735733032227,20.2707901000977,243.3583984375,0,0,0.619436167185053,9.48508096174172,14.7920477458215,64.6457161047984,32.6046298892451,intermitent (51%),intermitent (96%),intermitent,,,experiment_12_sample_51.npy
332,"2026-04-15T09:32:43,291",experiment,12,7200,7201.03,1.78739e-07,180,52.2432289123535,15.5352697372437,54.5364379882813,54.5041275024414,241.344604492188,0,0,0.883737489166421,9.45886053750721,12.9916732329117,65.6697700429709,32.3763827939436,intermitent (48%),multi_jet (88%),intermitent,,,experiment_12_sample_52.npy
333,"2026-04-15T09:32:48,333",experiment,12,7400,7400.89,2.08238e-07,180,123.599197387695,15.8110256195068,123.946449279785,124.606384277344,249.988525390625,0,0,0.798903290750135,13.353124758849,14.9307256082509,69.0291746046709,32.7912227504905,multi_jet (56%),multi_jet (80%),unconclusive,,,experiment_12_sample_53.npy
334,"2026-04-15T09:32:53,388",experiment,12,7600,7600.82,2.16355e-07,180,70.8851776123047,19.0656871795654,69.4100112915039,73.404411315918,363.500427246094,0,0,1.01776825866511,9.55524194062925,14.042186947569,64.3420817017333,31.8197189269588,multi_jet (62%),intermitent (70%),unconclusive,,,experiment_12_sample_54.npy
335,"2026-04-15T09:32:58,442",experiment,12,7800,7800.71,2.3861e-07,180,28.5201759338379,15.6279315948486,29.7471466064453,32.5212669372559,244.232238769531,0,0,0.746557728442867,9.38138497191321,12.4875500761588,66.5586346760184,33.688262802335,intermitent (53%),intermitent (85%),multi_jet,,,experiment_12_sample_55.npy
336,"2026-04-15T09:33:03,488",experiment,12,8000,8000.85,2.47512e-07,180,130.861465454102,15.7188701629639,128.904312133789,131.802154541016,247.082885742188,0,0,0.70567818099096,10.8158940393806,14.491904824232,72.1347751165765,33.1809875950466,multi_jet (63%),multi_jet (97%),multi_jet,,,experiment_12_sample_56.npy
337,"2026-04-15T09:33:08,550",experiment,12,8200,8200.9,2.60167e-07,180,137.553100585938,15.6436262130737,138.820022583008,138.439788818359,244.723037719727,0,0,0.670512255866908,9.88333288543826,14.1381273013132,71.2417820476812,32.7930887016425,multi_jet (75%),multi_jet (97%),multi_jet,,,experiment_12_sample_57.npy
338,"2026-04-15T09:33:13,624",experiment,12,8400,8400.84,2.78931e-07,180,137.354278564453,16.2051734924316,138.820022583008,138.306930541992,262.607635498047,0,0,0.589890620180847,9.30559369113317,14.1445342756891,69.4010766779206,33.401131569181,multi_jet (81%),multi_jet (98%),multi_jet,,,experiment_12_sample_58.npy
339,"2026-04-15T09:33:18,684",experiment,12,8600,8600.67,2.9595e-07,180,84.5400085449219,16.1621341705322,84.2835845947266,86.0710601806641,261.214569091797,0,0,1.25810561688514,15.0539937697953,15.6687074933994,67.6168059057248,32.2349214702693,multi_jet (69%),multi_jet (76%),unconclusive,,,experiment_12_sample_59.npy
340,"2026-04-15T09:33:23,755",experiment,12,8800,8800.6,3.38365e-07,180,80.917106628418,16.0289249420166,79.3257293701172,82.4894180297852,256.926452636719,0,0,0.655217578745543,10.3177668872009,14.6537135531374,64.6277776266982,33.3745156722666,multi_jet (74%),multi_jet (99%),intermitent,,,experiment_12_sample_60.npy
341,"2026-04-15T09:33:28,808",experiment,12,9000,9000.82,3.54337e-07,180,136.368255615234,15.6247043609619,138.820022583008,137.260467529297,244.131393432617,0,0,1.06864849785241,6.64339604772697,13.6884352353386,65.5782851549993,33.5809883540255,multi_jet (72%),multi_jet (98%),unconclusive,,,experiment_12_sample_61.npy
342,"2026-04-15T09:33:51,002",experiment,12,3000,3001.23,1.0473e-09,200,23.2770442962646,15.6468477249146,24.7892913818359,28.0471858978271,244.823852539063,0,0,0.48618953583872,12.063847589205,14.3758009159613,66.8069277650372,34.238487515572,intermitent (80%),intermitent (96%),dripping,,,experiment_12_sample_62.npy
343,"2026-04-15T09:33:56,077",experiment,12,3200,3201.17,1.42258e-08,200,-1.55022299289703,15.6423606872559,0,15.7189903259277,244.683456420898,0,0,0.364576215041586,6.7926399807835,13.4075276199258,69.7565120276478,34.1038846184433,dripping (61%),dripping (88%),intermitent,,,experiment_12_sample_63.npy
344,"2026-04-15T09:34:01,147",experiment,12,3400,3401.05,2.39133e-08,200,25.1569652557373,15.8168115615845,24.7892913818359,29.7160625457764,250.171524047852,0,0,0.525126682225818,14.1307345554217,15.5530245962918,71.2168577915702,33.3182553457116,intermitent (81%),intermitent (100%),unconclusive,,,experiment_12_sample_64.npy
345,"2026-04-15T09:34:06,199",experiment,12,3600,3600.98,2.85389e-08,200,-2.73703503608704,16.0355930328369,0,16.2675018310547,257.140258789063,0,0,0.613766472084943,12.3986848958851,15.2252165374278,71.6337378114132,34.7768989275287,dripping (77%),dripping (73%),intermitent,,,experiment_12_sample_65.npy
346,"2026-04-15T09:34:11,266",experiment,12,3800,3800.95,3.50846e-08,200,19.1622200012207,15.5932321548462,19.8314323425293,24.7050514221191,243.148895263672,0,0,0.458376013746535,11.2994101999403,12.497966230872,71.1319826162281,33.604353014332,intermitent (77%),intermitent (100%),dripping,,,experiment_12_sample_66.npy
347,"2026-04-15T09:34:16,311",experiment,12,4000,4001.12,4.21538e-08,200,0.0618740245699883,15.8746290206909,0,15.8747482299805,252.003845214844,0,0,0.413009442708578,12.7566502375959,15.7665745932871,69.6514899457965,33.4675065726616,dripping (53%),dripping (88%),dripping,,,experiment_12_sample_67.npy
348,"2026-04-15T09:34:21,377",experiment,12,4200,4201.02,4.90486e-08,200,-4.44362878799438,15.9056262969971,-4.95785808563232,16.5146827697754,252.98893737793,0,0,0.517849400225697,13.3750906257878,12.853591933733,69.3512143630923,34.4015704068535,dripping (46%),intermitent (69%),dripping,,,experiment_12_sample_68.npy
349,"2026-04-15T09:34:26,435",experiment,12,4400,4401.06,5.49833e-08,200,-18.4637565612793,15.8127546310425,-19.8314323425293,24.3095359802246,250.043197631836,0,0,0.680869967327359,17.6600792611515,14.5293112597224,65.9417385490316,32.9461177005413,intermitent (70%),intermitent (100%),unconclusive,,,experiment_12_sample_69.npy
350,"2026-04-15T09:34:31,482",experiment,12,4600,4600.97,5.63797e-08,200,19.4598903656006,15.5358448028564,19.8314323425293,24.9008007049561,241.36247253418,0,0,0.624162141173606,8.26475578258721,12.9280744539002,68.910546015168,33.5616766268565,intermitent (55%),intermitent (97%),intermitent,,,experiment_12_sample_70.npy
351,"2026-04-15T09:34:36,539",experiment,12,4800,4800.86,6.54563e-08,200,-10.2908277511597,16.0404720306396,-9.91571617126465,19.0577507019043,257.296722412109,0,0,0.814244634045586,15.7151871006381,17.2529834397419,68.338550930783,33.8942051050594,dripping (61%),dripping (68%),dripping,,,experiment_12_sample_71.npy
352,"2026-04-15T09:34:41,589",experiment,12,5000,5001.12,7.38347e-08,200,9.43777847290039,15.7958221435547,9.91571617126465,18.4005355834961,249.507995605469,0,0,0.525563121675617,13.2457007134328,14.5296887988429,66.7052074364758,33.39160847738,dripping (68%),dripping (70%),dripping,,,experiment_12_sample_72.npy
353,"2026-04-15T09:34:46,648",experiment,12,5200,5201.06,8.29113e-08,200,23.620325088501,15.5460805892944,24.7892913818359,28.2772083282471,241.680633544922,0,0,0.688759052406874,10.4823368992641,11.881139632181,65.7316598118266,32.8895606762233,intermitent (54%),intermitent (78%),intermitent,,,experiment_12_sample_73.npy
354,"2026-04-15T09:34:51,717",experiment,12,5400,5400.9,1.03595e-07,200,22.6260776519775,15.7538423538208,24.7892913818359,27.5703258514404,248.183563232422,0,0,0.7253120495002,13.9506795716056,13.9792393380599,67.2862605096495,33.6507363340328,intermitent (54%),intermitent (96%),intermitent,,,experiment_12_sample_74.npy
355,"2026-04-15T09:34:56,763",experiment,12,5600,5600.84,9.75736e-08,200,28.6014842987061,15.369873046875,29.7471466064453,32.4696464538574,236.233001708984,0,0,0.859244308810565,8.86609815219573,13.6149582523565,64.962036760503,31.9225878714813,intermitent (52%),multi_jet (67%),intermitent,,,experiment_12_sample_75.npy
356,"2026-04-15T09:35:01,814",experiment,12,5800,5800.86,1.12672e-07,200,26.7168045043945,15.6640310287476,24.7892913818359,30.9701404571533,245.361862182617,0,0,0.933748823485175,13.9742465659388,13.1767011189125,66.6740634967167,34.0339198334761,intermitent (48%),intermitent (89%),intermitent,,,experiment_12_sample_76.npy
357,"2026-04-15T09:35:06,912",experiment,12,6000,6001.06,1.20701e-07,200,40.9324722290039,15.7886590957642,39.6628646850586,43.8719635009766,249.281753540039,0,0,0.785573257504159,15.7017062545394,15.2188662811339,66.3878909087728,32.9861297843259,intermitent (46%),multi_jet (62%),intermitent,,,experiment_12_sample_77.npy
358,"2026-04-15T09:35:11,966",experiment,12,6200,6200.98,1.35625e-07,200,4.54724836349487,15.8339738845825,4.95785808563232,16.4739856719971,250.714721679688,0,0,0.809194930570446,8.87789417598024,13.1905527515749,69.1529735590221,33.0531047112368,dripping (41%),intermitent (78%),intermitent,,,experiment_12_sample_78.npy
359,"2026-04-15T09:35:17,012",experiment,12,6400,6400.93,1.57531e-07,200,36.4272689819336,15.6965093612671,34.705005645752,39.6651725769043,246.380401611328,0,0,0.674717027213404,9.67468761655213,16.2099968091287,72.8487904675212,32.9808208199673,intermitent (47%),intermitent (95%),intermitent,,,experiment_12_sample_79.npy
360,"2026-04-15T09:35:22,084",experiment,12,6600,6600.81,1.82579e-07,200,18.5003471374512,15.8420429229736,19.8314323425293,24.3563785552979,250.970321655273,0,0,0.607595609931064,13.4249700846685,14.7473668944902,67.2357356631145,33.215181843218,intermitent (48%),intermitent (98%),intermitent,,,experiment_12_sample_80.npy
361,"2026-04-15T09:35:27,156",experiment,12,6800,6800.74,2.03787e-07,200,106.059989929199,15.6739835739136,104.115013122559,107.211906433105,245.673767089844,0,0,1.04436691904328,11.3390822942629,13.7912433059927,65.7669834036479,34.0772974412075,multi_jet (61%),multi_jet (96%),intermitent,,,experiment_12_sample_81.npy
362,"2026-04-15T09:35:32,219",experiment,12,7000,7001.05,2.16005e-07,200,12.0178470611572,15.6840057373047,9.91571617126465,19.7589645385742,245.988021850586,0,0,0.861173009959445,11.4154249898353,15.4533875069706,66.4422214401482,32.9959121777491,intermitent (46%),intermitent (98%),intermitent,,,experiment_12_sample_82.npy
363,"2026-04-15T09:35:37,272",experiment,12,7200,7200.96,2.31017e-07,200,83.6125869750977,15.5128383636475,84.2835845947266,85.0394821166992,240.648147583008,0,0,0.80805179496481,9.66696800063379,12.6365044823895,68.9344783454427,33.1007305205165,multi_jet (60%),multi_jet (89%),unconclusive,,,experiment_12_sample_83.npy
364,"2026-04-15T09:35:42,320",experiment,12,7400,7400.89,2.35206e-07,200,127.589576721191,15.7220087051392,128.904312133789,128.554595947266,247.181564331055,0,0,0.743544895000376,17.2649932057201,14.6770870592909,67.4724652929649,32.1770576441922,multi_jet (64%),multi_jet (87%),unconclusive,,,experiment_12_sample_84.npy
365,"2026-04-15T09:35:47,391",experiment,12,7600,7600.78,2.49083e-07,200,70.0249862670898,20.0278911590576,69.4100112915039,72.8327865600586,401.116394042969,0,0,2.82487438234666,12.9901536444483,14.9309856215069,65.725548632192,32.5558804763243,multi_jet (58%),intermitent (95%),multi_jet,,,experiment_12_sample_85.npy
366,"2026-04-15T09:35:52,452",experiment,12,7800,7800.68,2.6069e-07,200,101.617340087891,15.7037391662598,99.1571655273438,102.823600769043,246.607437133789,0,0,0.983887008872009,13.1234412725305,15.6770911976316,67.0968217439584,32.6454930263017,multi_jet (60%),multi_jet (90%),multi_jet,,,experiment_12_sample_86.npy
367,"2026-04-15T09:35:57,517",experiment,12,8000,8000.82,2.77884e-07,200,131.303604125977,16.684045791626,128.904312133789,132.359344482422,278.357391357422,0,0,0.812797770109049,15.0974630381663,13.7971092518566,67.0749938720865,32.5668041179383,multi_jet (60%),multi_jet (84%),unconclusive,,,experiment_12_sample_87.npy
368,"2026-04-15T09:36:02,596",experiment,12,8200,8200.85,3.08692e-07,200,148.906295776367,15.6021032333374,148.735748291016,149.721435546875,243.42561340332,0,0,0.891169947466596,9.41537346869464,14.095175287769,68.9581581020574,34.4742825690281,multi_jet (93%),multi_jet (100%),unconclusive,,,experiment_12_sample_88.npy
369,"2026-04-15T09:36:07,647",experiment,12,8400,8400.82,3.25623e-07,200,155.701522827148,15.7304458618164,153.693603515625,156.494140625,247.446914672852,0,0,1.12026793457248,10.3917458039805,15.626376462789,66.4376633533664,34.0527636332527,multi_jet (92%),multi_jet (100%),unconclusive,,,experiment_12_sample_89.npy
370,"2026-04-15T09:36:12,694",experiment,12,8600,8600.62,3.54948e-07,200,125.54704284668,15.5964279174805,123.946449279785,126.512092590332,243.248565673828,0,0,1.03731672478957,7.53125015661567,12.7073837832568,68.1650649002995,33.0268215078186,multi_jet (71%),multi_jet (99%),intermitent,,,experiment_12_sample_90.npy
371,"2026-04-15T09:36:17,762",experiment,12,8800,8800.57,3.68475e-07,200,172.099060058594,15.9053583145142,173.525039672852,172.832473754883,252.980438232422,0,0,0.594929337474066,14.8199771059561,15.8372266798005,70.5289302278693,35.2556385848562,multi_jet (96%),multi_jet (100%),multi_jet,,,experiment_12_sample_91.npy
372,"2026-04-15T09:36:22,816",experiment,12,9000,9000.78,4.18571e-07,200,175.675262451172,16.4000110626221,173.525039672852,176.439086914063,268.960357666016,0,0,1.1893357528188,9.06488043072914,13.6378065923818,63.3311872197953,32.9114379615424,multi_jet (98%),multi_jet (100%),multi_jet,,,experiment_12_sample_92.npy
373,"2026-04-15T09:48:12,347",experiment,13,3000,3001.05,-4.0317e-08,250,27.4577083587646,15.8255729675293,29.7471466064453,31.6918678283691,250.448745727539,0,0,0.757497519076461,12.0122334325605,15.9911675728204,70.9006329024727,33.6719203635114,intermitent (82%),intermitent (98%),intermitent,,,experiment_13_sample_0.npy
374,"2026-04-15T09:48:17,704",experiment,13,3200,3201.06,-3.26376e-08,250,20.8601856231689,15.7532014846802,19.8314323425293,26.1402149200439,248.163360595703,0,0,0.644971340966328,8.98396874444509,13.4109998388396,71.0686610221007,34.6766565889892,intermitent (78%),intermitent (100%),dripping,,,experiment_13_sample_1.npy
375,"2026-04-15T09:48:22,750",experiment,13,3400,3400.98,-1.79768e-08,250,25.8217144012451,15.766640663147,24.7892913818359,30.2547168731689,248.586959838867,0,0,0.711270641904561,11.1390371342861,12.6627920167417,71.9188947116353,33.3308036781461,intermitent (80%),intermitent (100%),unconclusive,,,experiment_13_sample_2.npy
376,"2026-04-15T09:48:27,799",experiment,13,3600,3600.87,-5.58504e-09,250,22.6481895446777,15.6704998016357,24.7892913818359,27.5409717559814,245.564559936523,0,0,0.438491115123207,10.2827365687602,13.4595618117633,73.6515111166955,33.6718429654039,intermitent (80%),intermitent (100%),dripping,,,experiment_13_sample_3.npy
377,"2026-04-15T09:48:32,850",experiment,13,3800,3800.87,6.10925e-10,250,-12.4593954086304,15.8328475952148,-14.8735733032227,20.147346496582,250.679061889648,0,0,0.482069896859041,9.63705088606289,13.8498263311553,68.947407255563,34.7358668795396,dripping (49%),intermitent (93%),dripping,,,experiment_13_sample_4.npy
378,"2026-04-15T09:48:37,904",experiment,13,4000,4001.05,1.09093e-08,250,22.7883949279785,15.6382055282593,24.7892913818359,27.6380996704102,244.553482055664,0,0,0.857833258220895,13.6394481298342,14.9633660477179,65.325228894988,34.2737611698092,intermitent (81%),intermitent (100%),dripping,,,experiment_13_sample_5.npy
379,"2026-04-15T09:48:42,958",experiment,13,4200,4200.92,1.31785e-08,250,-13.6019821166992,16.0870208740234,-14.8735733032227,21.066707611084,258.792266845703,0,0,0.701027645705953,13.9093639125714,16.8039139127871,74.3096076206389,35.2562956151469,intermitent (46%),dripping (53%),intermitent,,,experiment_13_sample_6.npy
380,"2026-04-15T09:48:48,019",experiment,13,4400,4401,1.60586e-08,250,23.777193069458,15.6999845504761,24.7892913818359,28.492883682251,246.489517211914,0,0,0.651606001288229,9.93582566531069,15.2577680325625,70.0630253826594,33.6672829853057,intermitent (68%),intermitent (100%),unconclusive,,,experiment_13_sample_7.npy
381,"2026-04-15T09:48:53,057",experiment,13,4600,4600.88,2.05096e-08,250,25.1984119415283,15.9702377319336,24.7892913818359,29.8330097198486,255.048492431641,0,0,0.646611707090763,13.9382004166812,14.2528679668922,71.6965641570299,33.4603734462653,intermitent (65%),intermitent (99%),unconclusive,,,experiment_13_sample_8.npy
382,"2026-04-15T09:48:58,092",experiment,13,4800,4800.77,2.87135e-08,250,1.66445219516754,16.0942573547363,0,16.1800975799561,259.025146484375,0,0,0.679039594883463,11.688718237862,14.7109839558413,71.3641709906846,35.2410144647559,dripping (55%),dripping (93%),intermitent,,,experiment_13_sample_9.npy
383,"2026-04-15T09:49:03,149",experiment,13,5000,5001.01,4.13684e-08,250,-13.8841848373413,15.6993808746338,-14.8735733032227,20.958080291748,246.470565795898,0,0,0.568526348217244,10.4635312108961,14.2407822481786,67.5026976072878,34.3456968990186,dripping (36%),intermitent (57%),intermitent,,,experiment_13_sample_10.npy
384,"2026-04-15T09:49:08,187",experiment,13,5200,5201.01,5.6467e-08,250,-8.47099590301514,15.89013671875,-9.91571617126465,18.00705909729,252.496459960938,0,0,0.740407576147584,12.2597630018206,15.7030482262867,69.9785953264215,34.746774992507,dripping (56%),intermitent (56%),intermitent,,,experiment_13_sample_11.npy
385,"2026-04-15T09:49:13,234",experiment,13,5400,5400.83,5.81252e-08,250,36.2717895507813,15.7039651870728,34.705005645752,39.5253982543945,246.614517211914,0,0,0.69554622670981,8.06017295271945,12.6156896505963,70.0797355040129,34.0897475261398,intermitent (52%),multi_jet (62%),intermitent,,,experiment_13_sample_12.npy
386,"2026-04-15T09:49:18,281",experiment,13,5600,5600.78,7.18274e-08,250,12.3458595275879,16.4060192108154,9.91571617126465,20.532356262207,269.157440185547,0,0,0.766041745686465,6.78783260073508,11.9185685130298,70.1685580464803,34.6306072877514,intermitent (47%),intermitent (74%),intermitent,,,experiment_13_sample_13.npy
387,"2026-04-15T09:49:23,356",experiment,13,5800,5800.78,8.85842e-08,250,28.0743675231934,15.9817237854004,29.7471466064453,32.3045768737793,255.415496826172,0,0,0.953886224842981,12.2992745846616,15.7220750967171,75.1266502227567,33.618452111445,intermitent (51%),intermitent (96%),intermitent,,,experiment_13_sample_14.npy
388,"2026-04-15T09:49:28,386",experiment,13,6000,6000.98,1.02897e-07,250,75.3151168823242,15.6944789886475,74.3678741455078,76.9329833984375,246.316680908203,0,0,0.666006891823938,8.86591374116419,14.0502460414548,72.8982231313422,33.6436814202318,multi_jet (48%),multi_jet (79%),intermitent,,,experiment_13_sample_15.npy
389,"2026-04-15T09:49:33,432",experiment,13,6200,6200.94,1.2009e-07,250,75.9092712402344,16.0862140655518,74.3678741455078,77.5949935913086,258.766296386719,0,0,0.702101106668256,15.4248380578896,16.4756566405078,73.5580114678325,34.1325011544279,multi_jet (44%),multi_jet (68%),unconclusive,,,experiment_13_sample_16.npy
390,"2026-04-15T09:49:38,460",experiment,13,6400,6400.9,1.28469e-07,250,32.7138290405273,15.768048286438,34.705005645752,36.3156433105469,248.631332397461,0,0,0.836536913894375,12.4591715595716,15.2539056469973,71.5238549562129,33.2597651135597,intermitent (41%),intermitent (97%),intermitent,,,experiment_13_sample_17.npy
391,"2026-04-15T09:49:43,492",experiment,13,6600,6600.73,1.4156e-07,250,75.1469421386719,16.3231220245361,74.3678741455078,76.8993377685547,266.4443359375,0,0,0.920022813835174,11.7924591100846,16.5068057733267,69.4749712841087,34.171240108458,multi_jet (71%),multi_jet (86%),intermitent,,,experiment_13_sample_18.npy
392,"2026-04-15T09:49:48,508",experiment,13,6800,6800.7,1.50724e-07,250,81.0208206176758,15.5327749252319,79.3257293701172,82.4963073730469,241.267105102539,0,0,0.760540689361029,8.49409305629404,11.4711221190732,66.5431718106709,33.9997782175331,multi_jet (69%),multi_jet (100%),intermitent,,,experiment_13_sample_19.npy
393,"2026-04-15T09:49:53,556",experiment,13,7000,7000.98,1.5308e-07,250,117.30419921875,15.5622386932373,118.988586425781,118.332000732422,242.18327331543,0,0,0.62336139630981,7.42528438700872,11.3913091097041,70.4842877959798,33.8207571499111,multi_jet (68%),multi_jet (99%),multi_jet,,,experiment_13_sample_20.npy
394,"2026-04-15T09:49:58,605",experiment,13,7200,7200.94,1.61808e-07,250,39.6173515319824,16.0145530700684,39.6628646850586,42.7317237854004,256.465911865234,0,0,0.576576390855459,11.0728278542619,14.8559856503281,71.7228432791937,34.1671594790878,intermitent (48%),intermitent (92%),unconclusive,,,experiment_13_sample_21.npy
395,"2026-04-15T09:50:03,650",experiment,13,7400,7400.83,1.73939e-07,250,117.103622436523,16.5825691223145,118.988586425781,118.271881103516,274.981628417969,0,0,0.625657809102844,10.7443859245525,13.9207468155816,74.2975797464404,33.6520570390613,multi_jet (69%),multi_jet (97%),intermitent,,,experiment_13_sample_22.npy
396,"2026-04-15T09:50:08,698",experiment,13,7600,7600.71,1.83365e-07,250,87.2660293579102,17.8597736358643,89.2414474487305,89.0748672485352,318.971527099609,0,0,1.02456523982559,11.3269766959237,15.393355864591,72.3876107964676,34.1192902830292,multi_jet (65%),multi_jet (80%),multi_jet,,,experiment_13_sample_23.npy
397,"2026-04-15T09:50:13,731",experiment,13,7800,7800.64,1.96805e-07,250,118.218841552734,15.9156932830811,118.988586425781,119.285377502441,253.309280395508,0,0,0.646973272651968,10.2968548591669,15.265601944109,73.2427919483703,33.6209340168341,multi_jet (58%),multi_jet (97%),multi_jet,,,experiment_13_sample_24.npy
398,"2026-04-15T09:50:18,772",experiment,13,8000,8000.76,2.16878e-07,250,106.681396484375,16.0068092346191,109.072875976563,107.875564575195,256.217956542969,0,0,0.862071153805742,14.9981633682749,15.630736215742,69.8793754976616,34.2526381873672,multi_jet (59%),multi_jet (87%),unconclusive,,,experiment_13_sample_25.npy
399,"2026-04-15T09:50:23,836",experiment,13,8200,8200.81,2.39832e-07,250,111.340599060059,16.4883365631104,109.072875976563,112.554847717285,271.865234375,0,0,1.03344819766306,8.535341446492,15.055980598982,60.8364969896223,32.8653350650615,multi_jet (69%),multi_jet (65%),multi_jet,,,experiment_13_sample_26.npy
400,"2026-04-15T09:50:28,854",experiment,13,8400,8400.74,2.4341e-07,250,155.444519042969,17.9725189208984,153.693603515625,156.480056762695,323.011444091797,0,0,1.12481532322642,13.892595638142,15.6945299911005,65.4043055854663,33.4988841683873,multi_jet (94%),multi_jet (99%),multi_jet,,,experiment_13_sample_27.npy
401,"2026-04-15T09:50:33,893",experiment,13,8600,8600.58,2.99702e-07,250,205.546234130859,15.8380451202393,203.272186279297,206.155532836914,250.843673706055,0,0,0.893038913132683,10.6127268881134,14.4597387920064,71.125124379895,33.0877883253966,multi_jet (94%),multi_jet (100%),multi_jet,,,experiment_13_sample_28.npy
402,"2026-04-15T09:50:38,925",experiment,13,8800,8800.51,3.2571e-07,250,185.625885009766,15.6295146942139,183.44075012207,186.282699584961,244.28173828125,0,0,0.84864162856361,7.61725101036538,12.0406956656864,61.9627772478054,33.2303171040354,multi_jet (98%),multi_jet (100%),unconclusive,,,experiment_13_sample_29.npy
403,"2026-04-15T09:50:43,977",experiment,13,9000,9000.74,3.64897e-07,250,195.78254699707,15.6105327606201,193.356475830078,196.403900146484,243.688720703125,0,0,1.20776898755673,13.2846164038065,13.2169606239177,64.8399595889699,33.432939851298,multi_jet (93%),multi_jet (100%),multi_jet,,,experiment_13_sample_30.npy
404,"2026-04-15T09:51:06,153",experiment,13,3000,3001.21,-1.5097e-08,300,28.9187908172607,15.6834878921509,29.7471466064453,32.8978462219238,245.971801757813,0,0,0.747929302336641,15.7646015663477,15.5099730101099,65.3279723520978,32.7257002571519,intermitent (84%),intermitent (90%),dripping,,,experiment_13_sample_31.npy
405,"2026-04-15T09:51:11,216",experiment,13,3200,3201.1,-1.13446e-09,300,-2.04462051391602,15.7582273483276,0,15.8903179168701,248.321716308594,0,0,0.412563224045674,7.62048133941567,13.5324754329295,70.7019643990675,34.2064389229285,dripping (65%),dripping (98%),intermitent,,,experiment_13_sample_32.npy
406,"2026-04-15T09:51:16,260",experiment,13,3400,3400.98,3.66555e-09,300,-5.31918621063232,15.778618812561,-4.95785808563232,16.6510829925537,248.964813232422,0,0,0.461842476338993,9.89814753204493,14.2936759787887,68.5639372840567,33.9915254260496,dripping (72%),dripping (77%),dripping,,,experiment_13_sample_33.npy
407,"2026-04-15T09:51:21,324",experiment,13,3600,3600.89,8.81478e-09,300,29.1605358123779,15.4053030014038,29.7471466064453,32.9796943664551,237.323364257813,0,0,0.536733185863525,8.99581530807315,13.6976102303988,61.617207274331,33.2511478327432,intermitent (80%),intermitent (100%),unconclusive,,,experiment_13_sample_34.npy
408,"2026-04-15T09:51:26,418",experiment,13,3800,3800.87,1.57968e-08,300,27.9640045166016,15.4971446990967,29.7471466064453,31.9710350036621,240.161499023438,0,0,0.687216174070508,10.3849852685482,15.3246006780084,65.2962184422338,33.9331846345671,intermitent (81%),intermitent (100%),dripping,,,experiment_13_sample_35.npy
409,"2026-04-15T09:51:31,459",experiment,13,4000,4001.05,1.98987e-08,300,-7.36172485351563,15.9128332138062,-9.91571617126465,17.533203125,253.21826171875,0,0,0.359079913889967,11.3684683323987,14.6360601479019,68.0151395914204,34.0351430304947,dripping (56%),dripping (52%),dripping,,,experiment_13_sample_36.npy
410,"2026-04-15T09:51:36,507",experiment,13,4200,4200.95,2.78407e-08,300,2.23837375640869,15.6691579818726,0,15.8282289505005,245.522521972656,0,0,0.59360828396993,7.43854917430019,14.0123586390591,66.8980933974922,35.8389287070024,dripping (45%),dripping (54%),intermitent,,,experiment_13_sample_37.npy
411,"2026-04-15T09:51:41,559",experiment,13,4400,4401.01,3.15063e-08,300,-14.596529006958,15.755350112915,-14.8735733032227,21.4776554107666,248.231063842773,0,0,0.766435943144179,12.4089795438886,13.6849416216147,63.2696637825534,34.7334826236601,intermitent (54%),intermitent (98%),intermitent,,,experiment_13_sample_38.npy
412,"2026-04-15T09:51:46,610",experiment,13,4600,4600.9,4.64303e-08,300,-10.5612287521362,15.6906051635742,-9.91571617126465,18.9138736724854,246.195083618164,0,0,0.468837407036732,9.69580329095682,14.241001306497,66.3257398610874,34.2279285187713,dripping (57%),dripping (67%),intermitent,,,experiment_13_sample_39.npy
413,"2026-04-15T09:51:51,648",experiment,13,4800,4800.77,5.07941e-08,300,-0.472979694604874,15.6963148117065,0,15.7034397125244,246.374298095703,0,0,0.699637921947505,10.5761354726119,15.5555394081588,66.726410346931,34.0575890362288,dripping (52%),dripping (94%),intermitent,,,experiment_13_sample_40.npy
414,"2026-04-15T09:51:56,682",experiment,13,5000,5001.02,6.90346e-08,300,-5.60753583908081,15.7138833999634,-4.95785808563232,16.684440612793,246.926116943359,0,0,0.570836009565004,9.91273938168911,13.6686144275545,66.5259423371325,34.150295837271,dripping (46%),dripping (44%),intermitent,,,experiment_13_sample_41.npy
415,"2026-04-15T09:52:01,721",experiment,13,5200,5200.99,8.07295e-08,300,24.7660865783691,15.4997730255127,24.7892913818359,29.2164669036865,240.242965698242,0,0,0.520042176713851,9.47183321376401,13.8319426620303,65.135590690438,34.4049737433617,intermitent (50%),intermitent (87%),intermitent,,,experiment_13_sample_42.npy
416,"2026-04-15T09:52:06,752",experiment,13,5400,5400.85,9.67881e-08,300,55.4390640258789,15.5295705795288,54.5364379882813,57.5730628967285,241.167556762695,0,0,0.758923757882413,10.0691860785573,14.4363751066258,64.2354886098263,33.1101552746428,intermitent (50%),multi_jet (80%),intermitent,,,experiment_13_sample_43.npy
417,"2026-04-15T09:52:12,109",experiment,13,5600,5600.81,1.08046e-07,300,70.6660385131836,15.7234296798706,69.4100112915039,72.3941650390625,247.22624206543,0,0,0.940053220940763,10.9847868922758,14.8194562875096,66.1356456634155,33.8052029815479,intermitent (41%),multi_jet (66%),intermitent,,,experiment_13_sample_44.npy
418,"2026-04-15T09:52:17,377",experiment,13,5800,5800.79,1.29952e-07,300,74.099853515625,15.6068601608276,74.3678741455078,75.7255706787109,243.574081420898,0,0,0.596020662311519,9.11221592912453,15.8691968045799,67.0103178656965,33.0506584498473,multi_jet (40%),intermitent (74%),unconclusive,,,experiment_13_sample_45.npy
419,"2026-04-15T09:52:22,668",experiment,13,6000,6000.98,1.40687e-07,300,30.3764991760254,15.8375024795532,29.7471466064453,34.2572326660156,250.826477050781,0,0,0.946969299985505,12.1024079130824,14.8042452142129,66.3290248089769,32.9788962742265,intermitent (51%),intermitent (95%),multi_jet,,,experiment_13_sample_46.npy
420,"2026-04-15T09:52:28,333",experiment,13,6200,6200.95,"1,50E-04",300,67.2528533935547,15.5166454315186,69.4100112915039,69.019645690918,240.76628112793,0,0,0.693582817695617,10.8829999889711,16.3948322032772,63.7035862551459,32.747694166381,multi_jet (43%),multi_jet (88%),intermitent,,,experiment_13_sample_47.npy
421,"2026-04-15T09:52:34,044",experiment,13,6400,6400.87,1.56571e-07,300,56.9856185913086,15.5814075469971,54.5364379882813,59.0774192810059,242.7802734375,0,0,0.728327226963966,11.667169398206,15.0084865734553,63.9822432401722,32.8525038109489,multi_jet (49%),multi_jet (96%),intermitent,,,experiment_13_sample_48.npy
422,"2026-04-15T09:52:39,680",experiment,13,6600,6600.77,1.60586e-07,300,49.880615234375,15.7489614486694,49.5785827636719,52.3077964782715,248.02978515625,0,0,0.949978955980158,12.9617729154138,16.7123890829138,64.4600237142624,32.9827733068897,intermitent (49%),intermitent (76%),multi_jet,,,experiment_13_sample_49.npy
423,"2026-04-15T09:52:45,132",experiment,13,6800,6800.69,1.7263e-07,300,104.319877624512,15.8928003311157,104.115013122559,105.523536682129,252.581115722656,0,0,0.629605912537659,12.0466059035304,15.2166879809611,69.5355048529963,34.3546085072418,multi_jet (59%),multi_jet (99%),unconclusive,,,experiment_13_sample_50.npy
424,"2026-04-15T09:52:50,401",experiment,13,7000,7000.99,1.89736e-07,300,59.2735710144043,15.521674156189,59.4942932128906,61.2721710205078,240.92236328125,0,0,0.930512525154984,8.38120004839271,12.4554170629835,65.220613877297,33.5232114449993,multi_jet (43%),multi_jet (91%),intermitent,,,experiment_13_sample_51.npy
425,"2026-04-15T09:52:55,586",experiment,13,7200,7200.93,2.00296e-07,300,61.5815544128418,16.5837783813477,59.4942932128906,63.7754592895508,275.021728515625,0,0,0.779316595913973,12.7270706030444,14.5612227282398,66.3971256653531,33.3244218487788,multi_jet (58%),multi_jet (80%),multi_jet,,,experiment_13_sample_52.npy
426,"2026-04-15T09:53:00,837",experiment,13,7400,7400.82,2.10682e-07,300,75.3834381103516,17.2092685699463,74.3678741455078,77.3228454589844,296.158905029297,0,0,0.770223405162386,7.66958391466174,14.1944184683005,67.1551375341745,33.1832399574611,multi_jet (67%),multi_jet (88%),dripping,,,experiment_13_sample_53.npy
427,"2026-04-15T09:53:05,966",experiment,13,7600,7600.71,2.37039e-07,300,133.887451171875,16.6549472808838,133.862167358398,134.919372558594,277.387237548828,0,0,0.809367919104943,9.77117452565401,15.0109570013317,67.7962672370196,33.0643955758208,multi_jet (66%),multi_jet (90%),multi_jet,,,experiment_13_sample_54.npy
428,"2026-04-15T09:53:11,383",experiment,13,7800,7800.62,2.6549e-07,300,132.153182983398,16.0355281829834,133.862167358398,133.122512817383,257.138153076172,0,0,1.00991893688579,17.1037323757684,15.3795226137913,64.6857904487782,32.6796314401939,multi_jet (67%),multi_jet (95%),unconclusive,,,experiment_13_sample_55.npy
429,"2026-04-15T09:53:16,575",experiment,13,8000,8000.78,2.89753e-07,300,171.350616455078,16.5164604187012,173.525039672852,172.144790649414,272.793487548828,0,0,0.7573488622034,8.23851421970624,13.1441753485261,64.3688228966076,32.4575626317361,multi_jet (100%),multi_jet (100%),multi_jet,,,experiment_13_sample_56.npy
430,"2026-04-15T09:53:21,784",experiment,13,8200,8200.8,3.1611e-07,300,155.704315185547,15.7690773010254,153.693603515625,156.500793457031,248.663803100586,0,0,0.722953511725163,12.0221182270362,16.4989682793506,65.9503078092739,33.5281345983371,multi_jet (92%),multi_jet (100%),multi_jet,,,experiment_13_sample_57.npy
431,"2026-04-15T09:53:27,092",experiment,13,8400,8400.73,"3,40E-04",300,249.598205566406,15.901216506958,247.89289855957,250.104202270508,252.848678588867,0,0,0.76382895417752,10.8183595608678,15.5671765134818,65.4436084975275,33.2942853311129,multi_jet (100%),multi_jet (100%),multi_jet,,,experiment_13_sample_58.npy
432,"2026-04-15T09:53:32,413",experiment,13,8600,8600.59,3.61755e-07,300,205.272354125977,16.9064483642578,203.272186279297,205.967422485352,285.828002929688,0,0,0.872694825810368,8.5659745580461,14.4861360833432,64.8644990667337,33.0824020265552,multi_jet (100%),multi_jet (100%),unconclusive,,,experiment_13_sample_59.npy
433,"2026-04-15T09:53:37,704",experiment,13,8800,8800.5,3.85319e-07,300,197.11572265625,15.7484140396118,198.314331054688,197.743804931641,248.012542724609,0,0,0.903743156159728,11.2676867824761,15.9363972187659,63.2429932016766,33.15484533718,multi_jet (99%),multi_jet (100%),multi_jet,,,experiment_13_sample_60.npy
434,"2026-04-15T09:53:42,875",experiment,13,9000,9000.71,4.15342e-07,300,237.945938110352,17.4232883453369,237.977172851563,238.582992553711,303.570953369141,0,0,0.955643908089136,8.30355499400692,13.3813938695359,65.0599683540482,34.4371960986474,multi_jet (100%),multi_jet (100%),multi_jet,,,experiment_13_sample_61.npy
435,"2026-04-15T09:54:05,210",experiment,13,3000,3001.2,-5.67231e-09,350,-17.7093696594238,15.5723304748535,-19.8314323425293,23.582181930542,242.497482299805,0,0,0.433330095804101,10.8583684977687,13.6240744891711,65.445147988338,32.9186225736678,intermitent (60%),dripping (73%),dripping,,,experiment_13_sample_62.npy
436,"2026-04-15T09:54:10,469",experiment,13,3200,3201.12,1.10839e-08,350,29.3259296417236,15.5879211425781,29.7471466064453,33.2113456726074,242.983276367188,0,0,0.684750405952302,11.7649181938378,15.4553115980973,65.5080543577999,32.5120083320413,intermitent (83%),intermitent (99%),dripping,,,experiment_13_sample_63.npy
437,"2026-04-15T09:54:15,643",experiment,13,3400,3400.99,1.43131e-08,350,-16.1226558685303,15.5036792755127,-14.8735733032227,22.3674793243408,240.364074707031,0,0,0.610926289245039,11.1116964526773,13.6135300910769,63.5880302787031,33.2586134202775,intermitent (63%),intermitent (91%),intermitent,,,experiment_13_sample_64.npy
438,"2026-04-15T09:54:20,786",experiment,13,3600,3600.89,1.92005e-08,350,-8.03857231140137,15.8384027481079,-9.91571617126465,17.7615776062012,250.854995727539,0,0,0.405533571954479,14.6976529754398,15.674026737859,67.256734139371,33.8300299698028,dripping (78%),dripping (85%),dripping,,,experiment_13_sample_65.npy
439,"2026-04-15T09:54:26,183",experiment,13,3800,3800.87,2.95862e-08,350,-14.6117000579834,15.949969291687,-14.8735733032227,21.6310729980469,254.401519775391,0,0,0.568965040967881,13.5268619360819,16.6222136132809,69.3376217707471,32.9905064300387,dripping (66%),dripping (78%),intermitent,,,experiment_13_sample_66.npy
440,"2026-04-15T09:54:31,431",experiment,13,4000,4001.08,3.69173e-08,350,-3.78562211990356,15.9609279632568,-4.95785808563232,16.4037246704102,254.751220703125,0,0,0.505167084529355,13.3246720377873,15.4509646593574,69.0048043878185,33.5322757247646,dripping (60%),dripping (87%),intermitent,,,experiment_13_sample_67.npy
441,"2026-04-15T09:54:36,725",experiment,13,4200,4200.95,5.14923e-08,350,35.8536415100098,15.5823554992676,34.705005645752,39.0933952331543,242.809799194336,0,0,0.439804690974645,9.84454300728718,13.3892223498752,63.3154822877356,32.8097787233323,intermitent (78%),intermitent (100%),intermitent,,,experiment_13_sample_68.npy
442,"2026-04-15T09:54:41,975",experiment,13,4400,4401.02,7.54057e-08,350,2.99791741371155,15.7660837173462,4.95785808563232,16.0485782623291,248.569396972656,0,0,0.700396001890472,10.3098891911948,16.0924004346752,65.8614681347814,33.0012937079176,dripping (60%),dripping (98%),intermitent,,,experiment_13_sample_69.npy
443,"2026-04-15T09:54:47,268",experiment,13,4600,4600.89,7.96822e-08,350,3.13951396942139,15.683051109314,4.95785808563232,15.9942064285278,245.958099365234,0,0,0.908567263806015,10.540666457262,14.150433488112,66.5802317011703,33.6579229536557,dripping (56%),dripping (86%),intermitent,,,experiment_13_sample_70.npy
444,"2026-04-15T09:54:52,384",experiment,13,4800,4800.76,9.45189e-08,350,18.0585021972656,15.5377740859985,19.8314323425293,23.8229293823242,241.422424316406,0,0,0.68892599372508,8.38123790676594,13.2470139217775,63.2369953469121,32.7736633069333,intermitent (55%),intermitent (98%),intermitent,,,experiment_13_sample_71.npy
445,"2026-04-15T09:54:57,607",experiment,13,5000,5001.03,1.05428e-07,350,87.057502746582,15.543797492981,89.2414474487305,88.4342651367188,241.609634399414,0,0,0.610010013769471,7.81539471456668,14.2319638896424,66.7534889888154,33.4989948453602,intermitent (51%),intermitent (99%),intermitent,,,experiment_13_sample_72.npy
446,"2026-04-15T09:55:02,833",experiment,13,5200,5200.98,1.21225e-07,350,80.4998474121094,15.847827911377,79.3257293701172,82.0449829101563,251.15364074707,0,0,0.55867816211194,17.8353074208134,16.7680168874304,66.8024521592901,33.715621654715,intermitent (43%),intermitent (99%),unconclusive,,,experiment_13_sample_73.npy
447,"2026-04-15T09:55:07,972",experiment,13,5400,5400.85,1.47494e-07,350,116.505401611328,15.5620832443237,114.030731201172,117.540145874023,242.178436279297,0,0,0.506998502816633,12.7043777546017,16.2513048226019,66.1361024144555,33.0876610987844,multi_jet (39%),intermitent (99%),multi_jet,,,experiment_13_sample_74.npy
448,"2026-04-15T09:55:13,245",experiment,13,5600,5600.79,1.45574e-07,350,94.7408981323242,15.7035837173462,94.1993026733398,96.0335388183594,246.602554321289,0,0,0.818490568878179,10.5926266240211,15.2867091142409,67.9515336112167,33.6467754981563,intermitent (36%),intermitent (65%),intermitent,,,experiment_13_sample_75.npy
449,"2026-04-15T09:55:18,556",experiment,13,5800,5800.78,1.56222e-07,350,76.4952926635742,15.491678237915,74.3678741455078,78.0482025146484,239.992095947266,0,0,0.612163244520243,10.5654508055327,14.6604343772019,64.5255690858223,31.7452346662466,multi_jet (45%),intermitent (73%),intermitent,,,experiment_13_sample_76.npy
450,"2026-04-15T09:55:23,863",experiment,13,6000,6001.03,1.76208e-07,350,31.5701522827148,15.7653160095215,29.7471466064453,35.287670135498,248.545181274414,0,0,0.803597015839601,9.930672247846,14.2465956283303,69.0156921903583,32.7257764838397,intermitent (44%),intermitent (86%),intermitent,,,experiment_13_sample_77.npy
451,"2026-04-15T09:55:29,071",experiment,13,6200,6200.95,1.97241e-07,350,114.426177978516,17.6939811706543,114.030731201172,115.786117553711,313.076995849609,0,0,0.745471043730678,7.89487278249401,14.5334542835007,66.2377334484177,33.8278779245836,multi_jet (61%),multi_jet (86%),intermitent,,,experiment_13_sample_78.npy
452,"2026-04-15T09:55:34,392",experiment,13,6400,6400.87,2.04747e-07,350,75.6449127197266,17.0236358642578,74.3678741455078,77.5368118286133,289.80419921875,0,0,0.725969261293029,12.7901203282994,13.7682052631375,65.453761163651,32.0906335730991,multi_jet (58%),multi_jet (64%),unconclusive,,,experiment_13_sample_79.npy
453,"2026-04-15T09:55:39,666",experiment,13,6600,6600.75,2.2386e-07,350,86.3220596313477,17.1729679107666,84.2835845947266,88.0136871337891,294.910858154297,0,0,0.656199835301067,14.0319976248639,16.015915704584,65.1094723000761,32.9930864390376,multi_jet (68%),multi_jet (84%),multi_jet,,,experiment_13_sample_80.npy
454,"2026-04-15T09:55:44,880",experiment,13,6800,6800.69,"2,33E-04",350,90.2506637573242,15.9613485336304,89.2414474487305,91.6512298583984,254.764633178711,0,0,0.731870854897497,10.6699544202905,16.4218379398575,69.9272134484661,33.6145686269962,multi_jet (53%),multi_jet (74%),multi_jet,,,experiment_13_sample_81.npy
455,"2026-04-15T09:55:50,186",experiment,13,7000,7000.99,2.40268e-07,350,140.388595581055,18.7528743743896,138.820022583008,141.635528564453,351.670318603516,0,0,0.981231552069825,8.82483439217477,13.49522206729,63.7025536995399,32.4163359119756,multi_jet (89%),multi_jet (99%),multi_jet,,,experiment_13_sample_82.npy
456,"2026-04-15T09:55:55,500",experiment,13,7200,7200.95,3.00575e-07,350,188.824478149414,17.5363292694092,188.39860534668,189.637054443359,307.522827148438,0,0,0.778670418472081,10.1889479795739,12.5640611703541,64.8842590427554,32.8883299014329,multi_jet (99%),multi_jet (100%),unconclusive,,,experiment_13_sample_83.npy
457,"2026-04-15T09:56:00,745",experiment,13,7400,7400.82,2.69331e-07,350,116.173316955566,16.1996192932129,114.030731201172,117.297355651855,262.427673339844,0,0,1.03809692425891,16.4593871918092,15.815802993181,64.8125801640289,33.303391055448,multi_jet (74%),multi_jet (84%),unconclusive,,,experiment_13_sample_84.npy
458,"2026-04-15T09:56:06,018",experiment,13,7600,7600.74,3.21085e-07,350,231.681106567383,17.5566596984863,233.019317626953,232.345367431641,308.236328125,0,0,0.855424931130553,12.3077490694986,16.118117942587,62.9341355232388,32.4995939223229,multi_jet (100%),multi_jet (100%),multi_jet,,,experiment_13_sample_85.npy
459,"2026-04-15T09:56:11,395",experiment,13,7800,7800.64,3.54773e-07,350,259.087249755859,15.6180143356323,257.808624267578,259.557556152344,243.922378540039,0,0,0.644361857894841,8.20485440780911,16.5474847150398,66.6239220006771,32.5106142576167,multi_jet (96%),multi_jet (100%),multi_jet,,,experiment_13_sample_86.npy
460,"2026-04-15T09:56:16,876",experiment,13,8000,8000.75,3.90207e-07,350,243.926239013672,15.6162900924683,242.935043334961,244.425582885742,243.868515014648,0,0,0.957612419155561,6.24470027903432,11.207993045575,63.9183975147286,32.7885891673946,multi_jet (99%),multi_jet (100%),unconclusive,,,experiment_13_sample_87.npy
461,"2026-04-15T09:56:22,310",experiment,13,8200,8200.83,"4,22E-04",350,286.618713378906,16.6089000701904,287.555755615234,287.099548339844,275.855560302734,0,0,0.786559998672253,13.1036545145331,15.8186794295482,67.4776029627405,32.7980663586789,multi_jet (100%),multi_jet (100%),multi_jet,,,experiment_13_sample_88.npy
462,"2026-04-15T09:56:27,721",experiment,13,8400,8400.74,4.25466e-07,350,322.531188964844,15.9764051437378,322.260772705078,322.926605224609,255.245513916016,0,0,0.87600526224974,10.2407839800903,16.8492422603785,66.962992799322,33.9544936862606,multi_jet (100%),multi_jet (100%),multi_jet,,,experiment_13_sample_89.npy
463,"2026-04-15T09:56:33,122",experiment,13,8600,8600.59,4.38906e-07,350,330.545471191406,27.7648887634277,332.176483154297,331.709503173828,770.889099121094,0,0,1.82370974061455,11.019005842076,14.72355958346,65.5109194318475,33.1716690969974,multi_jet (100%),multi_jet (100%),unconclusive,,,experiment_13_sample_90.npy
464,"2026-04-15T09:56:38,572",experiment,13,8800,8800.49,4.32622e-07,350,274.164672851563,19.475793838501,272.682189941406,274.855560302734,379.306549072266,0,0,1.34283558586517,11.1988564653637,15.9607468428091,67.6827215532413,33.0576754315918,multi_jet (100%),multi_jet (100%),multi_jet,,,experiment_13_sample_91.npy
465,"2026-04-15T09:56:44,005",experiment,13,9000,9000.73,5.80117e-07,350,692.07177734375,15.5845241546631,694.100158691406,692.247192382813,242.877395629883,0,0,1.12809875542309,7.23162220945361,12.7135214226901,64.9846353105961,33.1081118868546,multi_jet (99%),multi_jet (100%),multi_jet,,,experiment_13_sample_92.npy
466,"2026-04-15T10:09:34,889",experiment,14,3000,3001.03,4.92668e-07,400,-10.5574607849121,15.6206092834473,-9.91571617126465,18.8537368774414,244.003433227539,0,0,0.617945345778095,10.2284736801194,13.7244035662136,65.8012330253997,34.0764539122197,dripping (66%),dripping (99%),dripping,,,experiment_14_sample_0.npy
467,"2026-04-15T10:09:40,359",experiment,14,3200,3201.06,5.30109e-07,400,-0.730887472629547,15.5630054473877,0,15.5801582336426,242.207138061523,0,0,0.4643372367726,9.98125982021693,13.002097181486,63.3677869452918,34.5525557588655,dripping (63%),dripping (97%),dripping,,,experiment_14_sample_1.npy
468,"2026-04-15T10:09:45,777",experiment,14,3400,3400.97,5.22341e-07,400,8.90738677978516,15.6762866973877,9.91571617126465,18.0301837921143,245.745956420898,0,0,0.493361392322549,7.62199017579074,12.7942874556442,64.7364032693369,33.9544923891581,dripping (68%),dripping (80%),dripping,,,experiment_14_sample_2.npy
469,"2026-04-15T10:09:51,131",experiment,14,3600,3600.85,5.66415e-07,400,24.3420925140381,15.4340467453003,24.7892913818359,28.8226852416992,238.20979309082,0,0,0.496009013450123,10.0609490407767,14.6866017972513,64.0697793344535,34.425311621787,intermitent (82%),intermitent (100%),dripping,,,experiment_14_sample_3.npy
470,"2026-04-15T10:09:56,624",experiment,14,3800,3800.84,6.10402e-07,400,6.44224071502686,15.7057237625122,4.95785808563232,16.9756374359131,246.66975402832,0,0,0.478239772858828,12.0143087064124,15.5211204833258,64.8878775358395,34.654550581043,dripping (67%),intermitent (53%),dripping,,,experiment_14_sample_4.npy
471,"2026-04-15T10:10:02,276",experiment,14,4000,4001.02,6.49414e-07,400,4.43083763122559,15.6827955245972,4.95785808563232,16.2966995239258,245.950073242188,0,0,0.554462482088743,9.63731723784924,16.114684045443,67.6672921329571,33.4245093439198,dripping (65%),dripping (96%),dripping,,,experiment_14_sample_5.npy
472,"2026-04-15T10:10:08,066",experiment,14,4200,4200.91,6.82753e-07,400,4.01665830612183,15.8269557952881,4.95785808563232,16.3286876678467,250.492523193359,0,0,0.444570871790084,15.8920065052858,16.3867005624013,66.3637812877277,34.3658635926162,dripping (62%),dripping (91%),dripping,,,experiment_14_sample_6.npy
473,"2026-04-15T10:10:13,826",experiment,14,4400,4400.98,7.2482e-07,400,24.2538394927979,15.2350511550903,24.7892913818359,28.6418514251709,232.106796264648,0,0,0.327191250834751,7.01222505208017,12.0964159865956,62.6164163149496,32.0776472794957,intermitent (62%),intermitent (98%),dripping,,,experiment_14_sample_7.npy
474,"2026-04-15T10:10:19,486",experiment,14,4600,4600.85,7.63482e-07,400,26.7003440856934,15.351245880127,24.7892913818359,30.7988510131836,235.660736083984,0,0,0.506833532422228,9.18505774367456,13.2794444824663,61.0836812590694,33.3030776553141,intermitent (58%),intermitent (100%),dripping,,,experiment_14_sample_8.npy
475,"2026-04-15T10:10:25,440",experiment,14,4800,4800.76,7.8469e-07,400,28.1160144805908,15.5862627029419,29.7471466064453,32.1471900939941,242.931579589844,0,0,0.551912111558623,13.5366268915643,13.7439256809612,63.8264957545307,33.3709516101815,intermitent (63%),intermitent (96%),intermitent,,,experiment_14_sample_9.npy
476,"2026-04-15T10:10:31,436",experiment,14,5000,5001,8.33477e-07,400,7.15666818618774,15.7445888519287,4.95785808563232,17.2947959899902,247.892074584961,0,0,0.458706883414829,11.7689333448402,15.259711277287,62.4626198088123,34.3558058121264,dripping (66%),dripping (98%),unconclusive,,,experiment_14_sample_10.npy
477,"2026-04-15T10:10:36,962",experiment,14,5200,5200.98,9.05305e-07,400,-5.75349521636963,15.7565107345581,-4.95785808563232,16.774097442627,248.267639160156,0,0,0.552544068033712,8.47363109057521,15.8058312975815,67.1514594633274,34.4117820294694,dripping (49%),dripping (66%),unconclusive,,,experiment_14_sample_11.npy
478,"2026-04-15T10:10:42,380",experiment,14,5400,5400.8,9.38818e-07,400,24.1558742523193,15.5960674285889,24.7892913818359,28.7531490325928,243.237319946289,0,0,0.506759775933693,12.8612198777513,14.9039314579353,65.4532158551046,34.077665530637,intermitent (51%),intermitent (84%),unconclusive,,,experiment_14_sample_12.npy
479,"2026-04-15T10:10:47,816",experiment,14,5600,5600.77,1.00008e-06,400,36.5174026489258,15.698558807373,34.705005645752,39.748779296875,246.444763183594,0,0,0.607514447374301,12.0611462351244,14.9359044874408,65.5140955701293,34.0595441529345,intermitent (50%),multi_jet (99%),intermitent,,,experiment_14_sample_13.npy
480,"2026-04-15T10:10:53,192",experiment,14,5800,5800.76,1.03935e-06,400,49.6894416809082,15.6461544036865,49.5785827636719,52.0945510864258,244.802154541016,0,0,0.65955639899762,9.72474470394959,12.2755463389994,64.031675025115,33.5140475672062,intermitent (40%),multi_jet (95%),intermitent,,,experiment_14_sample_14.npy
481,"2026-04-15T10:10:58,668",experiment,14,6000,6000.98,1.10769e-06,400,75.5516128540039,15.4872188568115,74.3678741455078,77.1226348876953,239.853958129883,0,0,0.734330117836806,6.43478470874094,13.4890277333482,65.9870666558507,33.0712218566872,multi_jet (47%),multi_jet (95%),intermitent,,,experiment_14_sample_15.npy
482,"2026-04-15T10:11:03,995",experiment,14,6200,6200.9,1.13527e-06,400,58.4915199279785,15.4866142272949,59.4942932128906,60.506965637207,239.835220336914,0,0,0.480406426461461,7.53433534020776,12.0254766484996,64.8880829238359,33.2736153640341,multi_jet (40%),multi_jet (98%),intermitent,,,experiment_14_sample_16.npy
483,"2026-04-15T10:11:09,331",experiment,14,6400,6400.82,1.1755e-06,400,13.1791772842407,15.7943077087402,14.8735733032227,20.570629119873,249.460159301758,0,0,0.779002483665861,13.091587761082,16.2032882627967,67.1052769659657,34.4123808858032,intermitent (51%),intermitent (99%),intermitent,,,experiment_14_sample_17.npy
484,"2026-04-15T10:11:14,651",experiment,14,6600,6600.72,1.20876e-06,400,102.120277404785,15.9098434448242,104.115013122559,103.352180480957,253.123123168945,0,0,0.73586211406531,15.1095356249989,17.6679460443834,68.3423897186351,33.496680366415,multi_jet (49%),multi_jet (61%),intermitent,,,experiment_14_sample_18.npy
485,"2026-04-15T10:11:19,957",experiment,14,6800,6800.65,1.25938e-06,400,48.7529983520508,17.6991996765137,49.5785827636719,51.8663330078125,313.261688232422,0,0,0.804934785126852,8.71310009049491,15.2776807636869,66.5011591489256,33.582118726813,intermitent (45%),intermitent (91%),intermitent,,,experiment_14_sample_19.npy
486,"2026-04-15T10:11:25,186",experiment,14,7000,7000.97,1.33565e-06,400,46.3855209350586,15.7225027084351,44.6207237243652,48.9776878356934,247.197082519531,0,0,0.636460455545216,13.3693143572183,16.3093116961727,67.1573426465145,33.2048901936791,intermitent (48%),intermitent (82%),intermitent,,,experiment_14_sample_20.npy
487,"2026-04-15T10:11:30,398",experiment,14,7200,7200.9,1.38898e-06,400,18.9315795898438,15.5957517623901,19.8314323425293,24.5281925201416,243.227478027344,0,0,0.965079299090581,9.85966980621195,14.6207184683907,63.4413974928447,33.0740771053565,intermitent (54%),intermitent (97%),intermitent,,,experiment_14_sample_21.npy
488,"2026-04-15T10:11:35,673",experiment,14,7400,7400.8,1.46142e-06,400,25.5433807373047,15.5342636108398,24.7892913818359,29.8961143493652,241.313354492188,0,0,0.707955803090731,11.4079557976005,15.8840892010697,61.6826075957568,33.8413859602972,intermitent (55%),intermitent (97%),intermitent,,,experiment_14_sample_22.npy
489,"2026-04-15T10:11:40,871",experiment,14,7600,7600.69,1.5205e-06,400,125.634696960449,15.4423446655273,123.946449279785,126.580184936523,238.466018676758,0,0,0.644407774513024,8.41487738392879,13.7620818910121,64.503794798496,33.9483340887897,multi_jet (62%),multi_jet (88%),unconclusive,,,experiment_14_sample_23.npy
490,"2026-04-15T10:11:46,076",experiment,14,7800,7800.59,1.5473e-06,400,77.7706451416016,15.8380374908447,79.3257293701172,79.3669738769531,250.843444824219,0,0,0.979318490605833,7.05135268490172,13.8352642572996,64.9213824032767,33.5007140034085,multi_jet (63%),multi_jet (99%),intermitent,,,experiment_14_sample_24.npy
491,"2026-04-15T10:11:51,277",experiment,14,8000,8000.74,1.63056e-06,400,189.257797241211,15.751033782959,188.39860534668,189.912109375,248.095062255859,0,0,0.655470525468877,13.2348109300585,15.4016680845536,65.5369141194709,33.3352447071869,multi_jet (96%),multi_jet (100%),intermitent,,,experiment_14_sample_25.npy
492,"2026-04-15T10:11:56,494",experiment,14,8200,8200.76,1.69907e-06,400,196.312042236328,15.8476228713989,198.314331054688,196.950668334961,251.14714050293,0,0,0.735039627912196,15.1299154376756,15.0671718106556,63.9422941307134,34.1390522694033,multi_jet (96%),multi_jet (100%),intermitent,,,experiment_14_sample_26.npy
493,"2026-04-15T10:12:01,682",experiment,14,8400,8400.71,1.6536e-06,400,145.793350219727,15.6471939086914,143.777877807617,146.630599975586,244.834686279297,0,0,0.773743865369669,11.5246064571549,14.5288812625557,64.9901150362202,33.2054993536543,multi_jet (85%),multi_jet (100%),intermitent,,,experiment_14_sample_27.npy
494,"2026-04-15T10:12:06,884",experiment,14,8600,8600.54,1.7215e-06,400,194.312835693359,15.5932998657227,193.356475830078,194.9375,243.151000976563,0,0,0.882914925872624,10.6742230722989,14.5834952171541,62.8903769133814,33.6923292246673,multi_jet (94%),multi_jet (100%),intermitent,,,experiment_14_sample_28.npy
495,"2026-04-15T10:12:12,117",experiment,14,8800,8800.47,1.73703e-06,400,72.2992477416992,15.5596752166748,74.3678741455078,73.9546203613281,242.103500366211,0,0,0.888464913810549,9.46971534107951,15.792532169442,62.8541047142617,32.4673634937392,multi_jet (64%),multi_jet (95%),intermitent,,,experiment_14_sample_29.npy
496,"2026-04-15T10:12:17,368",experiment,14,9000,9000.69,1.72665e-06,400,144.112442016602,16.5556583404541,143.777877807617,145.060287475586,274.08984375,0,0,1.01408153237506,13.6664676739582,14.3708936258349,65.0637629296815,33.4788655733545,multi_jet (88%),multi_jet (99%),intermitent,,,experiment_14_sample_30.npy
497,"2026-04-15T10:12:39,735",experiment,14,3000,3001.19,3.44824e-07,450,27.53098487854,15.7589960098267,29.7471466064453,31.7222499847412,248.345947265625,0,0,0.589565576527883,16.9360642094297,16.2039613729513,66.7221389376047,33.5038288135651,intermitent (78%),intermitent (99%),unconclusive,,,experiment_14_sample_31.npy
498,"2026-04-15T10:12:44,886",experiment,14,3200,3201.13,3.74846e-07,450,-15.2684173583984,15.8755359649658,-14.8735733032227,22.0262851715088,252.032638549805,0,0,0.550377573792894,12.0600465154117,13.0690663384021,68.9847963209724,35.227235007738,intermitent (46%),dripping (59%),dripping,,,experiment_14_sample_32.npy
499,"2026-04-15T10:12:50,060",experiment,14,3400,3400.99,4.04782e-07,450,-13.3485374450684,15.6708955764771,-14.8735733032227,20.5854415893555,245.57698059082,0,0,0.647130365930813,10.6227120705637,12.9500755955728,65.4451876795722,34.321223240882,dripping (52%),dripping (54%),dripping,,,experiment_14_sample_33.npy
500,"2026-04-15T10:12:55,238",experiment,14,3600,3600.87,4.42746e-07,450,-7.31452608108521,15.7095355987549,-9.91571617126465,17.328929901123,246.789520263672,0,0,0.564927116930043,9.41013592521829,15.7700088028833,64.0545956691979,35.3039493702253,dripping (71%),dripping (82%),dripping,,,experiment_14_sample_34.npy
501,"2026-04-15T10:13:00,426",experiment,14,3800,3800.85,4.69452e-07,450,29.3606357574463,15.532901763916,29.7471466064453,33.2162284851074,241.271026611328,0,0,0.4434313453682,8.82310851937077,13.8031170930687,65.0424849735828,33.1698680063802,intermitent (79%),intermitent (100%),dripping,,,experiment_14_sample_35.npy
502,"2026-04-15T10:13:05,644",experiment,14,4000,4001.05,4.93191e-07,450,30.4862651824951,15.5747270584106,29.7471466064453,34.234260559082,242.572113037109,0,0,0.578813439747398,12.3422697217092,13.4860372769443,63.7417742071955,33.6720603533114,intermitent (80%),intermitent (99%),unconclusive,,,experiment_14_sample_36.npy
503,"2026-04-15T10:13:10,844",experiment,14,4200,4200.93,5.1501e-07,450,29.9315795898438,15.3931522369385,29.7471466064453,33.6578178405762,236.949142456055,0,0,0.693051240863281,8.57671385222212,13.7340419172425,65.0545464308763,32.8431053059235,intermitent (76%),intermitent (100%),dripping,,,experiment_14_sample_37.npy
504,"2026-04-15T10:13:16,027",experiment,14,4400,4400.98,5.40582e-07,450,11.213583946228,15.7659034729004,9.91571617126465,19.3470478057861,248.563720703125,0,0,0.862157957470093,13.7432228743581,15.6808598981765,66.8077662352829,33.9395986508773,dripping (72%),dripping (92%),dripping,,,experiment_14_sample_38.npy
505,"2026-04-15T10:13:21,213",experiment,14,4600,4600.9,5.66502e-07,450,11.0152702331543,15.6844511032104,9.91571617126465,19.1660690307617,246.002014160156,0,0,0.461429791610625,12.1457928560216,15.1979556404318,63.4858933782325,33.711297272464,dripping (68%),dripping (93%),dripping,,,experiment_14_sample_39.npy
506,"2026-04-15T10:13:26,395",experiment,14,4800,4800.78,5.98096e-07,450,4.88785314559937,15.6726350784302,4.95785808563232,16.4171447753906,245.631500244141,0,0,0.665894978582108,10.8086504808392,14.4916285668543,68.2955204109485,34.7727098175959,dripping (53%),dripping (86%),dripping,,,experiment_14_sample_40.npy
507,"2026-04-15T10:13:31,606",experiment,14,5000,5001.02,6.35799e-07,450,-5.74794244766235,15.5955057144165,-4.95785808563232,16.6210289001465,243.219802856445,0,0,0.517211368747585,10.2241796429684,13.0683652338377,65.3211719194536,34.4274268988572,dripping (44%),dripping (53%),dripping,,,experiment_14_sample_41.npy
508,"2026-04-15T10:13:36,837",experiment,14,5200,5200.97,6.66258e-07,450,31.0301418304443,15.626971244812,29.7471466064453,34.7429428100586,244.202239990234,0,0,0.608244753150133,11.6238193379841,15.7306207458951,63.4342665017601,32.2048372591797,intermitent (62%),intermitent (99%),dripping,,,experiment_14_sample_42.npy
509,"2026-04-15T10:13:42,212",experiment,14,5400,5400.83,7.11379e-07,450,22.4519577026367,16.0098934173584,24.7892913818359,27.5754795074463,256.316680908203,0,0,0.603566593649023,19.7960017759426,16.4196715022118,65.8429181785289,33.5444513990937,intermitent (57%),intermitent (98%),dripping,,,experiment_14_sample_43.npy
510,"2026-04-15T10:13:47,446",experiment,14,5600,5600.79,7.71512e-07,450,24.1311817169189,15.7056617736816,24.7892913818359,28.7920436859131,246.66780090332,0,0,0.41429503178775,16.5853432245843,13.4671394109948,64.9199398245485,33.3256679635369,intermitent (54%),intermitent (93%),intermitent,,,experiment_14_sample_44.npy
511,"2026-04-15T10:13:52,662",experiment,14,5800,5800.79,7.86698e-07,450,10.3549823760986,15.6577835083008,9.91571617126465,18.772102355957,245.166198730469,0,0,0.534896581478055,9.48657598444589,13.6232840205978,64.7617712273976,34.0671328099485,dripping (60%),dripping (83%),dripping,,,experiment_14_sample_45.npy
512,"2026-04-15T10:13:57,930",experiment,14,6000,6000.97,8.35048e-07,450,-13.8833904266357,15.6878976821899,-14.8735733032227,20.94895362854,246.110122680664,0,0,0.478616625008302,13.1138086277618,15.9324749135332,62.8205238854677,34.4690500433265,intermitent (42%),intermitent (95%),intermitent,,,experiment_14_sample_46.npy
513,"2026-04-15T10:14:03,104",experiment,14,6200,6200.9,8.39237e-07,450,-10.7590475082397,15.5688791275024,-9.91571617126465,18.9247741699219,242.389984130859,0,0,0.491834524203454,8.80787291205975,13.6992921192046,64.9598906740481,34.1999050177353,dripping (42%),intermitent (88%),intermitent,,,experiment_14_sample_47.npy
514,"2026-04-15T10:14:08,285",experiment,14,6400,6400.85,8.8942e-07,450,1.9858204126358,15.9609985351563,0,16.0840587615967,254.753479003906,0,0,0.900065365229573,11.1940323188786,15.8812712285291,65.9874355912662,34.9234065232951,dripping (41%),intermitent (70%),dripping,,,experiment_14_sample_48.npy
515,"2026-04-15T10:14:13,490",experiment,14,6600,6600.71,9.56797e-07,450,27.893009185791,15.6092395782471,29.7471466064453,31.9635448455811,243.648345947266,0,0,0.530499408953637,10.8998371612116,14.9502559245645,66.0892025988474,33.5341902123087,intermitent (48%),intermitent (85%),intermitent,,,experiment_14_sample_49.npy
516,"2026-04-15T10:14:18,673",experiment,14,6800,6800.65,1.01876e-06,450,14.3685665130615,15.5276470184326,14.8735733032227,21.1556968688965,241.107833862305,0,0,0.532105087321635,11.0655954275077,12.6275761359104,64.4551730317521,33.9413239565572,intermitent (52%),intermitent (98%),intermitent,,,experiment_14_sample_50.npy
517,"2026-04-15T10:14:23,855",experiment,14,7000,7000.97,1.07557e-06,450,2.48339104652405,15.667332649231,4.95785808563232,15.8629302978516,245.465301513672,0,0,0.707041155580707,8.08340045899996,13.1436765512911,64.8982562434838,34.2710573252694,intermitent (42%),intermitent (69%),intermitent,,,experiment_14_sample_51.npy
518,"2026-04-15T10:14:29,187",experiment,14,7200,7200.9,1.07872e-06,450,53.1189918518066,15.4508380889893,54.5364379882813,55.3204765319824,238.728393554688,0,0,0.837871465497189,6.9044626009961,13.2725432946956,62.551627898829,33.6976308910329,intermitent (42%),multi_jet (93%),intermitent,,,experiment_14_sample_52.npy
519,"2026-04-15T10:14:34,481",experiment,14,7400,7400.78,1.1289e-06,450,31.6530494689941,15.5295124053955,29.7471466064453,35.2573547363281,241.165756225586,0,0,0.815462046579352,9.8817803709339,13.9945598368546,63.5900965604679,33.419965782723,intermitent (49%),intermitent (99%),intermitent,,,experiment_14_sample_53.npy
520,"2026-04-15T10:14:39,737",experiment,14,7600,7600.68,1.16425e-06,450,75.091423034668,15.4551000595093,74.3678741455078,76.6653900146484,238.860122680664,0,0,0.871985588490487,6.77562094398763,12.9826937469077,63.6757577069253,32.8153364071974,multi_jet (50%),multi_jet (90%),intermitent,,,experiment_14_sample_54.npy
521,"2026-04-15T10:14:44,990",experiment,14,7800,7800.57,1.19191e-06,450,5.98393630981445,15.9414129257202,4.95785808563232,17.0275115966797,254.128646850586,0,0,0.954716541973898,11.1988942128044,16.9521766418644,71.0867923290602,33.7417688345883,dripping (46%),intermitent (79%),intermitent,,,experiment_14_sample_55.npy
522,"2026-04-15T10:14:50,335",experiment,14,8000,8000.76,1.23162e-06,450,31.5857200622559,15.6265821456909,29.7471466064453,35.239860534668,244.190063476563,0,0,0.896739065846191,10.9936236540092,15.1862816553351,64.789332810913,33.3998567560851,intermitent (55%),intermitent (98%),intermitent,,,experiment_14_sample_56.npy
523,"2026-04-15T10:14:55,622",experiment,14,8200,8200.8,1.28861e-06,450,31.9229545593262,15.6612939834595,29.7471466064453,35.5577163696289,245.276123046875,0,0,0.633229132581038,11.3610121815689,14.0772800039233,67.0289121741023,33.8485263604651,intermitent (53%),intermitent (96%),unconclusive,,,experiment_14_sample_57.npy
524,"2026-04-15T10:15:00,934",experiment,14,8400,8400.69,1.38968e-06,450,34.6047592163086,15.8901100158691,34.705005645752,38.0786666870117,252.49560546875,0,0,1.03962663349443,15.9613594827331,14.6016739581852,67.1497895074702,33.312631020871,intermitent (66%),intermitent (99%),intermitent,,,experiment_14_sample_58.npy
525,"2026-04-15T10:15:06,309",experiment,14,8600,8600.55,"1,41E-03",450,102.506378173828,15.7735509872437,104.115013122559,103.712898254395,248.804916381836,0,0,0.744668514539056,15.0253363907246,15.5304582559569,64.7714032500796,33.9945360460649,multi_jet (62%),multi_jet (92%),intermitent,,,experiment_14_sample_59.npy
526,"2026-04-15T10:15:11,559",experiment,14,8800,8800.47,1.44213e-06,450,55.133960723877,15.5450744628906,54.5364379882813,57.2835311889648,241.649353027344,0,0,0.903437568129589,6.91786072786338,12.6450046441311,63.4791567455686,33.9219056981462,intermitent (40%),multi_jet (79%),intermitent,,,experiment_14_sample_60.npy
527,"2026-04-15T10:15:16,823",experiment,14,9000,9000.71,1.45548e-06,450,44.8780403137207,16.6293449401855,44.6207237243652,47.8599319458008,276.535095214844,0,0,1.29314163869061,12.0588242556179,17.6549554202276,65.1842959550753,33.8497682539838,multi_jet (48%),intermitent (76%),intermitent,,,experiment_14_sample_61.npy
528,"2026-04-15T10:15:39,315",experiment,14,3000,3001.19,3.88374e-07,500,-10.1348533630371,15.6049919128418,-9.91571617126465,18.6072845458984,243.515777587891,0,0,0.558870104650289,7.89612187126815,12.5507225145235,65.3964622002334,34.995319875971,dripping (63%),dripping (96%),dripping,,,experiment_14_sample_62.npy
529,"2026-04-15T10:15:44,676",experiment,14,3200,3201.12,4.12025e-07,500,-4.55746173858643,15.7028112411499,-4.95785808563232,16.3508033752441,246.578277587891,0,0,0.503288454264903,12.8161664720281,15.6160846913209,67.2941038001666,34.3251675605921,dripping (75%),dripping (97%),dripping,,,experiment_14_sample_63.npy
530,"2026-04-15T10:15:49,925",experiment,14,3400,3400.98,4.39255e-07,500,17.4821033477783,15.7236785888672,19.8314323425293,23.5129299163818,247.23405456543,0,0,0.469224509817897,14.5281072455583,15.7761833524761,64.6151037283651,33.8536152139291,intermitent (79%),intermitent (98%),dripping,,,experiment_14_sample_64.npy
531,"2026-04-15T10:15:55,197",experiment,14,3600,3600.87,4.56623e-07,500,-11.7926626205444,15.7124967575073,-9.91571617126465,19.6455974578857,246.882553100586,0,0,0.75936716962798,8.52817591389622,15.0339981457202,67.6513926425867,33.571000243636,dripping (72%),dripping (93%),dripping,,,experiment_14_sample_65.npy
532,"2026-04-15T10:16:00,518",experiment,14,3800,3800.83,4.83678e-07,500,-14.9771938323975,15.9869384765625,-14.8735733032227,21.9065856933594,255.58219909668,0,0,0.728331763103788,12.881640529066,16.3159064190873,68.2772523949348,35.1815877361615,dripping (51%),dripping (52%),dripping,,,experiment_14_sample_66.npy
533,"2026-04-15T10:16:05,813",experiment,14,4000,4001.05,5.12392e-07,500,18.3327713012695,15.6123476028442,19.8314323425293,24.0797805786133,243.745407104492,0,0,0.636320546520321,13.0188863668007,15.2951887096778,65.0452615577606,34.0030889405447,intermitent (78%),intermitent (100%),unconclusive,,,experiment_14_sample_67.npy
534,"2026-04-15T10:16:11,153",experiment,14,4200,4200.92,5.2976e-07,500,31.4389667510986,15.653862953186,29.7471466064453,35.1205368041992,245.043426513672,0,0,0.552530509281998,12.8912674076129,14.0801334354227,66.0824653295364,32.7921640922926,intermitent (74%),intermitent (100%),dripping,,,experiment_14_sample_68.npy
535,"2026-04-15T10:16:16,417",experiment,14,4400,4400.97,5.63622e-07,500,12.6040649414063,15.8082265853882,14.8735733032227,20.2178745269775,249.900039672852,0,0,0.686543017766672,10.5876508764092,15.8551156951768,69.6178436540213,34.6498766533562,intermitent (45%),dripping (51%),dripping,,,experiment_14_sample_69.npy
536,"2026-04-15T10:16:21,715",experiment,14,4600,4600.88,5.90241e-07,500,21.1582546234131,15.686900138855,19.8314323425293,26.3391456604004,246.078842163086,0,0,0.414358945700468,11.9231588697247,14.5925902548712,64.5123435811494,34.4815299534054,intermitent (63%),intermitent (98%),unconclusive,,,experiment_14_sample_70.npy
537,"2026-04-15T10:16:27,138",experiment,14,4800,4800.73,6.08831e-07,500,14.0251846313477,15.9786758422852,14.8735733032227,21.2608547210693,255.318084716797,0,0,0.719524409917139,15.413835012411,16.8611664479395,67.5300508071023,34.6284054567782,intermitent (56%),intermitent (90%),dripping,,,experiment_14_sample_71.npy
538,"2026-04-15T10:16:32,414",experiment,14,5000,5001,6.44876e-07,500,30.0599880218506,15.4838266372681,29.7471466064453,33.8134841918945,239.748901367188,0,0,0.764177714991307,11.2425113492274,13.0399455310296,62.0864659202672,33.8123572020032,intermitent (64%),intermitent (87%),dripping,,,experiment_14_sample_72.npy
539,"2026-04-15T10:16:37,646",experiment,14,5200,5200.96,6.77866e-07,500,-14.2076349258423,15.5917491912842,-14.8735733032227,21.0940628051758,243.102645874023,0,0,0.63834618325324,8.60689057425176,12.8799887517611,66.0887634632033,34.2119617638974,intermitent (46%),intermitent (83%),dripping,,,experiment_14_sample_73.npy
540,"2026-04-15T10:16:42,910",experiment,14,5400,5400.81,6.9759e-07,500,-9.95518016815186,15.8307256698608,-9.91571617126465,18.7007369995117,250.611877441406,0,0,0.651630865661715,8.97617149650423,15.4084472249328,66.8624987151916,34.2541290874055,dripping (54%),intermitent (61%),unconclusive,,,experiment_14_sample_74.npy
541,"2026-04-15T10:16:48,221",experiment,14,5600,5600.75,7.36078e-07,500,-5.53138303756714,15.8347635269165,-4.95785808563232,16.7730712890625,250.73974609375,0,0,0.601029877401042,12.965242631695,17.1094813099567,65.6203249513964,33.7757468749046,dripping (57%),dripping (69%),dripping,,,experiment_14_sample_75.npy
542,"2026-04-15T10:16:53,503",experiment,14,5800,5800.76,7.71075e-07,500,-5.75676727294922,15.663233757019,-4.95785808563232,16.6876373291016,245.336883544922,0,0,0.569996541560514,8.16819488577959,14.0622784896834,69.7514065770624,35.1161524419299,dripping (48%),dripping (62%),dripping,,,experiment_14_sample_76.npy
543,"2026-04-15T10:16:58,844",experiment,14,6000,6000.94,8.1096e-07,500,-10.0232028961182,15.5008764266968,-9.91571617126465,18.459192276001,240.277160644531,0,0,0.800170201587142,7.06609313590638,13.2775033340717,65.4992489459345,34.6657913977696,dripping (63%),dripping (85%),dripping,,,experiment_14_sample_77.npy
544,"2026-04-15T10:17:04,074",experiment,14,6200,6200.91,8.63762e-07,500,27.4503707885742,15.6933326721191,29.7471466064453,31.6196708679199,246.280685424805,0,0,0.674747637664565,8.74529111075276,15.6698458775837,67.816428068933,32.8729214138931,intermitent (49%),intermitent (98%),unconclusive,,,experiment_14_sample_78.npy
545,"2026-04-15T10:17:09,437",experiment,14,6400,6400.84,9.46411e-07,500,30.2302398681641,15.7298898696899,29.7471466064453,34.077808380127,247.429443359375,0,0,0.505396156808452,13.5112331152459,16.3576951203182,64.6044066145333,33.591233176913,intermitent (49%),intermitent (94%),intermitent,,,experiment_14_sample_79.npy
546,"2026-04-15T10:17:14,680",experiment,14,6600,6600.72,9.99649e-07,500,25.8475952148438,15.1850175857544,24.7892913818359,29.9780387878418,230.584762573242,0,0,0.707980546900937,7.26029249801659,11.576874618325,58.7479984701799,33.5126899284274,intermitent (49%),intermitent (96%),intermitent,,,experiment_14_sample_80.npy
547,"2026-04-15T10:17:19,909",experiment,14,6800,6800.64,1.07479e-06,500,5.93852233886719,15.7141695022583,4.95785808563232,16.7988452911377,246.935134887695,0,0,0.763239657661321,10.3821650267674,15.4105226476322,64.5282407632736,34.0420893003252,intermitent (46%),intermitent (90%),intermitent,,,experiment_14_sample_81.npy
548,"2026-04-15T10:17:25,150",experiment,14,7000,7000.96,1.10289e-06,500,31.2676258087158,15.5099258422852,29.7471466064453,34.9030380249023,240.557800292969,0,0,0.682261791602599,8.28203647688675,13.9910745455617,65.856855155911,33.1351395433186,intermitent (49%),intermitent (57%),intermitent,,,experiment_14_sample_82.npy
549,"2026-04-15T10:17:30,370",experiment,14,7200,7200.9,1.18074e-06,500,55.4684143066406,15.554913520813,54.5364379882813,57.6081619262695,241.955337524414,0,0,0.740723512815797,9.59154490137741,15.6750967611496,66.7640290481952,33.6212026838307,multi_jet (41%),multi_jet (52%),intermitent,,,experiment_14_sample_83.npy
550,"2026-04-15T10:17:35,632",experiment,14,7400,7400.78,1.24602e-06,500,3.93326687812805,15.989649772644,4.95785808563232,16.4663143157959,255.668914794922,0,0,0.726885253021102,17.4994775427981,14.4062679046909,66.9175433819429,34.0368937133183,intermitent (43%),intermitent (97%),intermitent,,,experiment_14_sample_84.npy
551,"2026-04-15T10:17:40,898",experiment,14,7600,7600.68,1.26505e-06,500,8.85701465606689,15.7213525772095,9.91571617126465,18.0445995330811,247.160919189453,0,0,0.661642147792537,12.586318641447,14.2612057116065,67.71560278478,34.9760586558758,intermitent (42%),intermitent (96%),intermitent,,,experiment_14_sample_85.npy
552,"2026-04-15T10:17:46,300",experiment,14,7800,7800.6,1.29376e-06,500,46.3580551147461,16.0575103759766,44.6207237243652,49.0602989196777,257.843658447266,0,0,2.32489422589522,9.94527841739305,13.8541326621999,65.3376295952508,33.2375817583259,intermitent (53%),intermitent (89%),intermitent,,,experiment_14_sample_86.npy
553,"2026-04-15T10:17:51,561",experiment,14,8000,8000.75,1.35983e-06,500,115.796920776367,15.6208353042603,114.030731201172,116.845779418945,244.010482788086,0,0,0.792950934841619,9.51052941501874,13.2140791757786,70.4153161834643,35.0904931436669,multi_jet (61%),multi_jet (80%),intermitent,,,experiment_14_sample_87.npy
554,"2026-04-15T10:17:56,817",experiment,14,8200,8200.75,1.42651e-06,500,24.4879531860352,16.8995380401611,24.7892913818359,29.7532215118408,285.594390869141,0,0,1.17587836625926,13.0646308455755,13.8690159928642,64.9599182381625,32.5073448743012,intermitent (47%),intermitent (99%),intermitent,,,experiment_14_sample_88.npy
555,"2026-04-15T10:18:02,081",experiment,14,8400,8400.67,1.53508e-06,500,64.3228530883789,16.1100330352783,64.4521560668945,66.3095932006836,259.533172607422,0,0,0.916775984147013,10.8455436207176,15.0262953118793,65.4287282646158,33.4363794581252,multi_jet (57%),multi_jet (67%),intermitent,,,experiment_14_sample_89.npy
556,"2026-04-15T10:18:07,329",experiment,14,8600,8600.53,1.5061e-06,500,160.965591430664,15.8469905853271,158.651458740234,161.743774414063,251.127105712891,0,0,0.972888268954229,16.5170265129729,15.2330155230739,68.4790815056967,34.1449973166394,multi_jet (92%),multi_jet (100%),intermitent,,,experiment_14_sample_90.npy
557,"2026-04-15T10:18:12,577",experiment,14,8800,8800.47,1.55698e-06,500,30.8128890991211,15.439435005188,29.7471466064453,34.4646224975586,238.376159667969,0,0,0.979784718715417,9.10789981489187,13.6641314756128,62.5996605806289,33.2004444662521,intermitent (52%),intermitent (95%),intermitent,,,experiment_14_sample_91.npy
558,"2026-04-15T10:18:17,827",experiment,14,9000,9000.69,1.53551e-06,500,55.211799621582,15.7153816223145,54.5364379882813,57.404842376709,246.973205566406,0,0,0.973984010050884,8.72143952270468,14.5991205333399,63.4725258466286,33.2358516363601,intermitent (42%),intermitent (65%),intermitent,,,experiment_14_sample_92.npy
559,"2026-04-15T10:24:33,337",experiment,15,3000,3001,-2.63544e-08,600,-11.5963296890259,15.5118637084961,-9.91571617126465,19.3673133850098,240.617904663086,0,0,0.560373710895692,8.98681724124195,13.0414847707302,62.947725318106,35.0051519199149,dripping (58%),dripping (96%),dripping,,,experiment_15_sample_0.npy
560,"2026-04-15T10:24:38,602",experiment,15,3200,3201.03,-3.2114e-08,600,-6.49905729293823,15.9072523117065,-4.95785808563232,17.183666229248,253.040679931641,0,0,0.646241159459443,14.146821503589,14.650676768729,67.5291487945737,34.2435836336825,dripping (81%),dripping (100%),dripping,,,experiment_15_sample_1.npy
561,"2026-04-15T10:24:43,748",experiment,15,3400,3400.91,1.54389e-07,600,7.16579008102417,15.4739923477173,4.95785808563232,17.0526542663574,239.444442749023,0,0,0.51423873794474,7.79233379126642,11.7402585098522,63.9696609031452,34.249444979043,dripping (63%),intermitent (93%),dripping,,,experiment_15_sample_2.npy
562,"2026-04-15T10:24:49,033",experiment,15,3600,3600.82,2.65578e-07,600,-7.78532457351685,15.7108392715454,-9.91571617126465,17.5340175628662,246.830474853516,0,0,0.555891804384481,9.61492401879501,13.8739969923779,67.3809940539483,34.3417346288219,dripping (61%),dripping (53%),dripping,,,experiment_15_sample_3.npy
563,"2026-04-15T10:24:54,325",experiment,15,3800,3800.79,1.76383e-07,600,3.52116990089417,15.5111465454102,4.95785808563232,15.9057941436768,240.595657348633,0,0,0.546526400479227,6.9564403158872,13.4055935779483,66.5516259339458,33.4212176743454,dripping (49%),dripping (51%),dripping,,,experiment_15_sample_4.npy
564,"2026-04-15T10:24:59,634",experiment,15,4000,4001,1.81706e-07,600,31.0825977325439,15.4645481109619,29.7471466064453,34.7171440124512,239.152236938477,0,0,0.609785564694543,12.3506874840592,13.0047899157797,62.7875889105053,32.8763052657879,intermitent (80%),intermitent (100%),dripping,,,experiment_15_sample_5.npy
565,"2026-04-15T10:25:04,844",experiment,15,4200,4200.9,1.86157e-07,600,15.126127243042,15.8638324737549,14.8735733032227,21.9194183349609,251.661193847656,0,0,0.649752215259264,16.6285847813799,18.1135692769552,67.1113381761823,33.0777694206744,intermitent (66%),intermitent (97%),dripping,,,experiment_15_sample_6.npy
566,"2026-04-15T10:25:10,098",experiment,15,4400,4400.93,3.00924e-07,600,5.4814076423645,15.7062005996704,4.95785808563232,16.6352195739746,246.68473815918,0,0,0.553583065521952,12.3213408762234,13.1304098028005,67.9515095001464,33.5357409025253,dripping (55%),dripping (80%),multi_jet,,,experiment_15_sample_7.npy
567,"2026-04-15T10:25:15,266",experiment,15,4600,4600.83,3.31383e-07,600,17.7519073486328,15.7491340637207,19.8314323425293,23.731107711792,248.035217285156,0,0,0.867517414815597,11.4571923477968,14.8854079880377,65.8333006423192,34.6276648404175,intermitent (61%),intermitent (99%),unconclusive,,,experiment_15_sample_8.npy
568,"2026-04-15T10:25:20,457",experiment,15,4800,4800.74,3.51369e-07,600,-12.4568166732788,15.6534605026245,-14.8735733032227,20.0050773620605,245.030838012695,0,0,0.620913504658016,11.4711368030094,14.8563742993963,63.4845660356026,33.977467307733,dripping (51%),dripping (86%),dripping,,,experiment_15_sample_9.npy
569,"2026-04-15T10:25:25,647",experiment,15,5000,5000.99,3.82788e-07,600,21.6124954223633,15.4113540649414,19.8314323425293,26.5444831848145,237.509841918945,0,0,0.719673577186693,7.86160102320364,12.8424676742634,64.6574229289714,33.1443017552058,intermitent (59%),intermitent (96%),dripping,,,experiment_15_sample_10.npy
570,"2026-04-15T10:25:30,851",experiment,15,5200,5200.95,4.03909e-07,600,8.3289041519165,15.4412107467651,9.91571617126465,17.5442752838135,238.43098449707,0,0,0.605446353048359,8.32858151989346,14.9276467374025,63.2855191658369,33.488374082228,dripping (66%),dripping (92%),dripping,,,experiment_15_sample_11.npy
571,"2026-04-15T10:25:36,114",experiment,15,5400,5400.78,4.41524e-07,600,-6.23450613021851,15.6700258255005,-4.95785808563232,16.8647212982178,245.549713134766,0,0,0.887430982883001,8.79307893438137,12.9541161889283,64.9436883392223,33.5255002664085,dripping (53%),dripping (49%),dripping,,,experiment_15_sample_12.npy
572,"2026-04-15T10:25:41,306",experiment,15,5600,5600.73,5.50531e-07,600,24.9383220672607,15.5186157226563,24.7892913818359,29.3725624084473,240.827438354492,0,0,0.81915401137452,9.91543541318692,13.4587642963302,64.1308226868586,33.325843660854,intermitent (48%),multi_jet (64%),dripping,,,experiment_15_sample_13.npy
573,"2026-04-15T10:25:46,556",experiment,15,5800,5800.74,5.46953e-07,600,-8.99603271484375,15.8465509414673,-9.91571617126465,18.2220134735107,251.113174438477,0,0,0.645432601917669,9.83802978272336,13.7321245036336,69.4016197402539,34.2936185797444,dripping (55%),dripping (80%),dripping,,,experiment_15_sample_14.npy
574,"2026-04-15T10:25:51,721",experiment,15,6000,6000.96,5.56902e-07,600,14.8337125778198,15.6529989242554,14.8735733032227,21.5651435852051,245.016372680664,0,0,0.559643189055263,11.6383013393962,16.7864119681924,64.2795633121524,33.3537318203838,intermitent (55%),intermitent (93%),dripping,,,experiment_15_sample_15.npy
575,"2026-04-15T10:25:56,895",experiment,15,6200,6200.89,5.77586e-07,600,24.4682197570801,15.5676164627075,24.7892913818359,29.0007667541504,242.350677490234,0,0,0.909888080573906,9.15447356897878,13.0737120181994,64.9264224896067,33.1354607088129,intermitent (47%),intermitent (75%),dripping,,,experiment_15_sample_16.npy
576,"2026-04-15T10:26:02,030",experiment,15,6400,6400.82,6.06998e-07,600,23.6566181182861,15.5394372940063,24.7892913818359,28.303882598877,241.47412109375,0,0,0.863299406792812,10.5993727601952,14.5865971466622,64.502000286984,33.3588209495129,intermitent (55%),intermitent (98%),dripping,,,experiment_15_sample_17.npy
577,"2026-04-15T10:26:07,357",experiment,15,6600,6600.7,6.18431e-07,600,-8.4992561340332,15.7180805206299,-9.91571617126465,17.8688373565674,247.058044433594,0,0,0.594338082110662,11.466928035143,15.5134260877277,65.811940884169,33.7988062041768,intermitent (46%),intermitent (96%),unconclusive,,,experiment_15_sample_18.npy
578,"2026-04-15T10:26:12,544",experiment,15,6800,6800.6,6.30213e-07,600,-4.29023265838623,15.8997249603271,-4.95785808563232,16.4683742523193,252.801254272461,0,0,0.716332951958653,10.8585552701553,13.4988888566041,67.3388313007107,33.9814895519288,intermitent (49%),intermitent (86%),dripping,,,experiment_15_sample_19.npy
579,"2026-04-15T10:26:17,707",experiment,15,7000,7000.92,6.67742e-07,600,-3.37203741073608,15.6155605316162,-4.95785808563232,15.975492477417,243.845718383789,0,0,0.866568698304758,6.86899362032898,13.0154317546185,64.8315545861428,33.904313836683,intermitent (48%),intermitent (87%),multi_jet,,,experiment_15_sample_20.npy
580,"2026-04-15T10:26:22,890",experiment,15,7200,7200.88,7.19409e-07,600,-13.2967777252197,15.8876342773438,-14.8735733032227,20.7176532745361,252.416915893555,0,0,0.666604161788411,14.0804411723884,15.8421514561517,67.6680518147731,35.3869704694202,intermitent (50%),intermitent (98%),dripping,,,experiment_15_sample_21.npy
581,"2026-04-15T10:26:28,062",experiment,15,7400,7400.76,7.4402e-07,600,-6.6440258026123,15.5215578079224,-4.95785808563232,16.8837738037109,240.918762207031,0,0,0.792854435858105,8.28219221393369,12.2234928202987,63.7842652672537,34.5407847881939,intermitent (50%),intermitent (97%),unconclusive,,,experiment_15_sample_22.npy
582,"2026-04-15T10:26:33,261",experiment,15,7600,7600.65,7.8181e-07,600,-6.59652948379517,15.7517919540405,-4.95785808563232,17.0772705078125,248.118957519531,0,0,0.905284273981667,13.0974001355784,13.4211159744572,64.9384608341053,34.5055048648313,intermitent (49%),intermitent (98%),dripping,,,experiment_15_sample_23.npy
583,"2026-04-15T10:26:38,439",experiment,15,7800,7800.56,8.2152e-07,600,-0.972235918045044,15.8917436599731,0,15.9214572906494,252.547515869141,0,0,0.644044107964229,14.2615893101045,17.2414900312025,68.3700369520485,33.8886576849356,intermitent (42%),intermitent (49%),unconclusive,,,experiment_15_sample_24.npy
584,"2026-04-15T10:26:43,616",experiment,15,8000,8000.71,8.62802e-07,600,5.03341579437256,16.0419368743896,4.95785808563232,16.813060760498,257.34375,0,0,0.919442337925748,15.4491279191321,16.1190149096515,68.4778368884367,34.7739750995387,intermitent (42%),intermitent (95%),unconclusive,,,experiment_15_sample_25.npy
585,"2026-04-15T10:26:48,830",experiment,15,8200,8200.75,9.32011e-07,600,18.6301441192627,15.6398773193359,19.8314323425293,24.3246383666992,244.605773925781,0,0,0.856317793990166,9.32567980580202,13.5695765052544,68.6820157880815,34.0621242716767,intermitent (52%),intermitent (99%),intermitent,,,experiment_15_sample_26.npy
586,"2026-04-15T10:26:54,040",experiment,15,8400,8400.69,9.80099e-07,600,19.0739707946777,15.642147064209,19.8314323425293,24.667652130127,244.6767578125,0,0,0.64634665727645,12.1781699930187,14.1829548373164,65.9735663289285,34.6175931530731,intermitent (56%),intermitent (98%),intermitent,,,experiment_15_sample_27.npy
587,"2026-04-15T10:26:59,263",experiment,15,8600,8600.52,1.23895e-06,600,83.0711975097656,15.5837240219116,84.2835845947266,84.520263671875,242.852447509766,0,0,0.898963574783096,9.69454135056852,15.1330517900845,63.6087207558818,32.4351954533805,multi_jet (61%),multi_jet (93%),intermitent,,,experiment_15_sample_28.npy
588,"2026-04-15T10:27:04,463",experiment,15,8800,8800.46,1.27858e-06,600,85.6268692016602,15.4577159881592,84.2835845947266,87.0109329223633,238.940979003906,0,0,0.984952301300394,14.7426934672242,14.1742508208802,59.1226998949826,32.4882438969132,multi_jet (58%),multi_jet (96%),intermitent,,,experiment_15_sample_29.npy
589,"2026-04-15T10:27:09,599",experiment,15,9000,9000.68,1.32544e-06,600,92.169548034668,15.685733795166,94.1993026733398,93.494758605957,246.042236328125,0,0,0.832668108555302,10.0033336464907,15.7811577312013,64.0999034021102,31.9968914564031,multi_jet (58%),multi_jet (90%),intermitent,,,experiment_15_sample_30.npy
590,"2026-04-15T10:27:32,094",experiment,15,3000,3001.21,3.11397e-07,700,2.21834397315979,15.5258684158325,0,15.6835479736328,241.052597045898,0,0,0.634216971868828,12.8238379042325,13.3424561886575,60.177589920108,34.5204612036028,dripping (66%),dripping (100%),dripping,,,experiment_15_sample_31.npy
591,"2026-04-15T10:27:37,459",experiment,15,3200,3201.12,"2,81E-04",700,13.7426862716675,15.5628662109375,14.8735733032227,20.7620868682861,242.20280456543,0,0,0.551225870194017,11.4076499787461,13.9197460362483,65.9115570757817,34.2208083711754,dripping (52%),dripping (56%),dripping,,,experiment_15_sample_32.npy
592,"2026-04-15T10:27:42,666",experiment,15,3400,3400.99,2.6872e-07,700,12.6967763900757,15.6058740615845,14.8735733032227,20.1184349060059,243.543304443359,0,0,0.657924489414168,9.50416354295083,15.5774261157123,70.2134841939473,32.6428411983821,dripping (64%),dripping (69%),dripping,,,experiment_15_sample_33.npy
593,"2026-04-15T10:27:47,937",experiment,15,3600,3600.87,3.09739e-07,700,28.6719875335693,15.3234167098999,29.7471466064453,32.5098419189453,234.807098388672,0,0,0.461201758929772,8.62831595617858,12.6838763032857,63.8674689734022,32.3974937719397,intermitent (79%),intermitent (100%),dripping,,,experiment_15_sample_34.npy
594,"2026-04-15T10:27:53,110",experiment,15,3800,3800.86,3.5582e-07,700,30.3194847106934,15.6738529205322,29.7471466064453,34.1312255859375,245.669677734375,0,0,0.770358838403211,11.8964040385103,13.3259233706405,64.4644978260488,34.1038342585227,intermitent (83%),intermitent (100%),dripping,,,experiment_15_sample_35.npy
595,"2026-04-15T10:27:58,297",experiment,15,4000,4001.05,4.11589e-07,700,-8.61953353881836,15.8491554260254,-9.91571617126465,18.0413990020752,251.195739746094,0,0,0.678562044911179,11.3721522659272,14.8530364768688,66.5495655725492,35.9192563490499,dripping (62%),intermitent (53%),dripping,,,experiment_15_sample_36.npy
596,"2026-04-15T10:28:03,502",experiment,15,4200,4200.91,4.50427e-07,700,30.2622699737549,15.5002851486206,29.7471466064453,34.0009384155273,240.258834838867,0,0,0.49619027892416,10.8250636973683,14.0698179396033,62.3254285650868,33.6463697833239,intermitent (73%),intermitent (100%),dripping,,,experiment_15_sample_37.npy
597,"2026-04-15T10:28:08,689",experiment,15,4400,4400.99,4.8586e-07,700,-13.0148735046387,15.985559463501,-14.8735733032227,20.6137104034424,255.538116455078,0,0,0.771361226888979,16.5726687441994,15.2091630274137,66.7546762602093,34.600645520319,dripping (48%),dripping (62%),dripping,,,experiment_15_sample_38.npy
598,"2026-04-15T10:28:13,896",experiment,15,4600,4600.88,5.25832e-07,700,2.47714424133301,15.8397159576416,4.95785808563232,16.0322437286377,250.896606445313,0,0,0.398615678881202,9.68663674363277,13.6277779046267,67.0129746793139,33.8369223451533,dripping (44%),dripping (86%),intermitent,,,experiment_15_sample_39.npy
599,"2026-04-15T10:28:19,106",experiment,15,4800,4800.75,5.64757e-07,700,23.9268226623535,15.4794921875,24.7892913818359,28.497501373291,239.614685058594,0,0,0.577288857596242,6.95052155110038,13.570905539342,68.3561674941654,33.9210634016314,intermitent (59%),intermitent (95%),dripping,,,experiment_15_sample_40.npy
600,"2026-04-15T10:28:24,291",experiment,15,5000,5001,6.09965e-07,700,-10.2526512145996,15.5310163497925,-9.91571617126465,18.6099262237549,241.212478637695,0,0,0.587622666160313,7.8286594429413,12.7957419851911,66.7980883857944,34.0439770526784,dripping (56%),dripping (87%),dripping,,,experiment_15_sample_41.npy
601,"2026-04-15T10:28:29,485",experiment,15,5200,5200.97,6.5945e-07,700,4.03857183456421,15.6453838348389,4.95785808563232,16.1582221984863,244.778045654297,0,0,0.989865164458752,9.65289109609203,13.0286601283889,66.4930015249227,34.0873218523128,dripping (52%),dripping (85%),dripping,,,experiment_15_sample_42.npy
602,"2026-04-15T10:28:34,652",experiment,15,5400,5400.79,7.05095e-07,700,20.7227554321289,15.5644998550415,19.8314323425293,25.9169101715088,242.253646850586,0,0,0.728802798628938,9.74379190614217,13.7456130561231,66.0503154907175,33.6441115742732,intermitent (49%),intermitent (80%),dripping,,,experiment_15_sample_43.npy
603,"2026-04-15T10:28:39,949",experiment,15,5600,5600.76,7.48995e-07,700,18.5153179168701,15.7839632034302,19.8314323425293,24.3300342559814,249.133483886719,0,0,0.782292882560171,12.9426925923073,15.9307261785969,66.2954918095449,33.70193890475,intermitent (52%),intermitent (94%),dripping,,,experiment_15_sample_44.npy
604,"2026-04-15T10:28:45,200",experiment,15,5800,5800.74,7.91847e-07,700,28.5983142852783,15.4959716796875,29.7471466064453,32.526741027832,240.125152587891,0,0,0.761000480156827,9.38478455948033,11.8488559991847,64.6318549562569,33.6387180960608,intermitent (46%),multi_jet (49%),dripping,,,experiment_15_sample_45.npy
605,"2026-04-15T10:28:50,465",experiment,15,6000,6000.95,8.27019e-07,700,29.4658393859863,15.6720085144043,29.7471466064453,33.3743553161621,245.611862182617,0,0,0.632502809532854,14.7098412537301,16.2361080905218,65.0900674300125,33.0194800301557,intermitent (52%),intermitent (97%),unconclusive,,,experiment_15_sample_46.npy
606,"2026-04-15T10:28:55,721",experiment,15,6200,6200.89,8.74584e-07,700,26.0267696380615,15.3582735061646,24.7892913818359,30.2203483581543,235.876556396484,0,0,0.581864578105799,6.28975188370909,12.9611985050207,64.0589961910963,33.3717872675108,intermitent (48%),multi_jet (65%),intermitent,,,experiment_15_sample_47.npy
607,"2026-04-15T10:29:00,899",experiment,15,6400,6400.82,9.06701e-07,700,22.6585006713867,15.3144292831421,24.7892913818359,27.348482131958,234.531753540039,0,0,0.695739509614976,8.75428594939893,14.3105171642445,60.9315994593838,33.3238363089765,intermitent (44%),intermitent (92%),intermitent,,,experiment_15_sample_48.npy
608,"2026-04-15T10:29:06,089",experiment,15,6600,6600.71,9.50339e-07,700,-11.4025774002075,15.8306198120117,-9.91571617126465,19.509672164917,250.608520507813,0,0,0.943216654393791,12.3436907217003,15.0251722134285,66.6182419264401,33.1906681184344,intermitent (46%),intermitent (97%),intermitent,,,experiment_15_sample_49.npy
609,"2026-04-15T10:29:11,269",experiment,15,6800,6800.63,1.00148e-06,700,-0.432523548603058,15.9611845016479,0,15.9670438766479,254.759399414063,0,0,0.777252493854009,10.7605911430256,16.8670980690315,68.7825410899306,35.621104256727,dripping (41%),intermitent (69%),intermitent,,,experiment_15_sample_50.npy
610,"2026-04-15T10:29:16,456",experiment,15,7000,7000.94,1.10516e-06,700,23.4289531707764,15.8228359222412,24.7892913818359,28.2715034484863,250.36213684082,0,0,0.938462110531129,16.0105188784284,17.8295564488023,65.0996515445987,33.6678259611322,intermitent (51%),intermitent (98%),intermitent,,,experiment_15_sample_51.npy
611,"2026-04-15T10:29:21,633",experiment,15,7200,7200.89,1.15098e-06,700,32.0185394287109,15.6672763824463,29.7471466064453,35.6461868286133,245.463562011719,0,0,0.667805947327634,10.7313845888323,14.5785720617527,65.7131071926621,33.2825956033878,intermitent (55%),intermitent (97%),intermitent,,,experiment_15_sample_52.npy
612,"2026-04-15T10:29:26,905",experiment,15,7400,7400.77,1.23633e-06,700,107.520668029785,15.6895484924316,109.072875976563,108.659355163574,246.16194152832,0,0,0.673066252671287,11.1599898780951,15.5739322643282,66.5404554156394,33.460563232031,multi_jet (61%),multi_jet (79%),intermitent,,,experiment_15_sample_53.npy
613,"2026-04-15T10:29:32,089",experiment,15,7600,7600.68,1.29333e-06,700,42.0228042602539,15.5448141098022,39.6628646850586,44.8057746887207,241.641235351563,0,0,0.807590960043365,7.5860533394847,14.7574156510732,65.4719302891892,32.9507848182137,intermitent (53%),intermitent (94%),intermitent,,,experiment_15_sample_54.npy
614,"2026-04-15T10:29:37,256",experiment,15,7800,7800.61,1.3532e-06,700,143.611892700195,15.4901447296143,143.777877807617,144.444869995117,239.944595336914,0,0,0.739821944923228,9.64285758727048,12.6772817822796,60.9723145551648,33.3917070223201,multi_jet (87%),multi_jet (99%),intermitent,,,experiment_15_sample_55.npy
615,"2026-04-15T10:29:42,482",experiment,15,8000,8000.74,1.44204e-06,700,104.367080688477,16.03053855896,104.115013122559,105.591033935547,256.978149414063,0,0,2.71933625862427,11.3486252002224,17.1844017125312,65.3195810853494,33.4609366268447,multi_jet (71%),multi_jet (69%),intermitent,,,experiment_15_sample_56.npy
616,"2026-04-15T10:29:47,791",experiment,15,8200,8200.75,1.59312e-06,700,93.3913726806641,15.5483379364014,94.1993026733398,94.6768112182617,241.750823974609,0,0,0.806429977617336,7.87014879890993,14.2800667679318,66.7874190246788,32.3352532572468,multi_jet (61%),multi_jet (100%),intermitent,,,experiment_15_sample_57.npy
617,"2026-04-15T10:29:52,961",experiment,15,8400,8400.69,1.65979e-06,700,185.668792724609,15.5710201263428,183.44075012207,186.320587158203,242.456680297852,0,0,0.904937388378515,11.3127148413465,14.5405838256373,66.8811285551911,33.4013695453489,multi_jet (93%),multi_jet (100%),intermitent,,,experiment_15_sample_58.npy
618,"2026-04-15T10:29:58,166",experiment,15,8600,8600.54,1.8134e-06,700,229.767761230469,23.0179805755615,228.061462402344,230.917846679688,529.827453613281,0,0,1.63171270994477,10.084226208301,17.1319937576008,62.9436793866704,32.7804619318068,multi_jet (100%),multi_jet (99%),intermitent,,,experiment_15_sample_59.npy
619,"2026-04-15T10:30:03,439",experiment,15,8800,8800.47,1.73502e-06,700,82.4812088012695,16.3969326019287,84.2835845947266,84.0952377319336,268.859405517578,0,0,1.08994146533235,9.15962117167728,14.2440985421284,63.6823114160985,33.120466132692,multi_jet (67%),multi_jet (87%),intermitent,,,experiment_15_sample_60.npy
620,"2026-04-15T10:30:08,629",experiment,15,9000,9000.67,1.7743e-06,700,152.146057128906,28.3229522705078,148.735748291016,154.759841918945,802.189575195313,0,0,1.96652499468632,11.6019526365469,15.4054219302504,63.5346155684916,33.051955359046,multi_jet (96%),multi_jet (98%),intermitent,,,experiment_15_sample_61.npy
621,"2026-04-15T10:30:30,943",experiment,15,3000,3001.18,3.47529e-07,800,-14.1024284362793,15.7222013473511,-14.8735733032227,21.1202754974365,247.187622070313,0,0,0.543958603595392,9.7142159139907,13.7095730907252,64.9672694524474,34.5571160480922,dripping (54%),dripping (97%),dripping,,,experiment_15_sample_62.npy
622,"2026-04-15T10:30:36,153",experiment,15,3200,3201.1,3.61057e-07,800,29.7985095977783,15.3821268081665,29.7471466064453,33.5344772338867,236.609832763672,0,0,0.529483546862868,7.937842637058,11.6373483626619,63.0129382503155,33.2831047548707,intermitent (75%),intermitent (100%),multi_jet,,,experiment_15_sample_63.npy
623,"2026-04-15T10:30:41,356",experiment,15,3400,3400.99,4.04171e-07,800,19.2337131500244,15.4794654846191,19.8314323425293,24.689058303833,239.613861083984,0,0,0.660116257536726,7.61053459541873,14.1987318973075,64.7869472455127,33.8431844188063,intermitent (79%),intermitent (100%),dripping,,,experiment_15_sample_64.npy
624,"2026-04-15T10:30:46,563",experiment,15,3600,3600.89,4.64303e-07,800,14.593355178833,15.6735496520996,14.8735733032227,21.4155597686768,245.66015625,0,0,0.525166174939273,11.6845062666462,14.3620287339367,64.8154577691633,33.8713694238528,intermitent (60%),intermitent (99%),dripping,,,experiment_15_sample_65.npy
625,"2026-04-15T10:30:51,752",experiment,15,3800,3800.88,5.50095e-07,800,-14.1308870315552,15.7174892425537,-14.8735733032227,21.1357860565186,247.039459228516,0,0,0.528749796660214,13.5116238820636,13.4796936235024,64.5393600628616,34.6333862142892,dripping (49%),intermitent (70%),dripping,,,experiment_15_sample_66.npy
626,"2026-04-15T10:30:56,922",experiment,15,4000,4001.04,5.75405e-07,800,17.4677238464355,15.5344333648682,19.8314323425293,23.3760566711426,241.318634033203,0,0,0.46215931829784,8.1158262317311,13.3276744371348,66.57367364472,32.9815249111217,intermitent (71%),intermitent (99%),dripping,,,experiment_15_sample_67.npy
627,"2026-04-15T10:31:02,140",experiment,15,4200,4200.95,6.23144e-07,800,-13.2150716781616,15.7929182052612,-14.8735733032227,20.5925807952881,249.416275024414,0,0,0.860631672060968,13.9240587437968,14.8087845005701,64.3962730634111,34.0493131168548,dripping (53%),dripping (67%),dripping,,,experiment_15_sample_68.npy
628,"2026-04-15T10:31:07,325",experiment,15,4400,4400.98,6.49414e-07,800,9.36717891693115,15.7527294158936,9.91571617126465,18.32737159729,248.148498535156,0,0,0.701388644196398,9.87614340189131,16.1967676439694,68.6554528990631,33.3573518896637,dripping (68%),dripping (96%),dripping,,,experiment_15_sample_69.npy
629,"2026-04-15T10:31:12,613",experiment,15,4600,4600.87,6.74898e-07,800,-1.83470499515533,15.61572265625,0,15.7231330871582,243.850799560547,0,0,0.77370280034347,12.8414434809566,14.4907722191976,67.0605059721321,33.9197230903714,dripping (53%),dripping (90%),dripping,,,experiment_15_sample_70.npy
630,"2026-04-15T10:31:17,776",experiment,15,4800,4800.75,6.94535e-07,800,-5.60188388824463,15.649489402771,-4.95785808563232,16.6219024658203,244.906524658203,0,0,0.89656477574808,9.55321793410732,15.4792506583505,63.1402158599971,34.5332432995039,dripping (58%),dripping (49%),dripping,,,experiment_15_sample_71.npy
631,"2026-04-15T10:31:23,014",experiment,15,5000,5001.01,6.84586e-07,800,-8.06365871429443,15.7778120040894,-9.91571617126465,17.7189712524414,248.939361572266,0,0,0.614396154389166,10.6199988849402,14.5051701960653,68.5044583722858,34.4067648656729,dripping (57%),dripping (90%),dripping,,,experiment_15_sample_72.npy
632,"2026-04-15T10:31:28,201",experiment,15,5200,5200.98,6.72891e-07,800,-14.5814571380615,15.7340335845947,-14.8735733032227,21.4517765045166,247.559799194336,0,0,0.530684538787635,10.1249704771889,12.1907897265507,66.0550993708813,34.3545067489751,intermitent (40%),intermitent (77%),dripping,,,experiment_15_sample_73.npy
633,"2026-04-15T10:31:33,521",experiment,15,5400,5400.82,6.58141e-07,800,-15.8337135314941,15.8946752548218,-14.8735733032227,22.4354000091553,252.640716552734,0,0,0.941043230471798,16.1997174595938,15.1790475545182,63.2773594908044,34.0484468230771,intermitent (51%),intermitent (97%),dripping,,,experiment_15_sample_74.npy
634,"2026-04-15T10:31:38,559",experiment,15,5600,5600.74,6.48628e-07,800,24.8338108062744,15.6479759216309,24.7892913818359,29.3526401519775,244.859161376953,0,0,0.618937941619825,13.1498738255532,12.9777786026794,62.1913302377783,33.1779696980731,intermitent (45%),multi_jet (61%),dripping,,,experiment_15_sample_75.npy
635,"2026-04-15T10:31:43,873",experiment,15,5800,5800.77,6.50287e-07,800,11.5341596603394,15.5287179946899,9.91571617126465,19.3436794281006,241.141082763672,0,0,0.867184353703973,8.27690932004153,13.8209600779054,64.548267563083,33.4560141474553,dripping (40%),intermitent (78%),dripping,,,experiment_15_sample_76.npy
636,"2026-04-15T10:31:49,053",experiment,15,6000,6000.96,6.47057e-07,800,25.4426345825195,15.4882202148438,24.7892913818359,29.7861156463623,239.884963989258,0,0,0.719760451744589,11.5104744736979,15.0457166188785,62.6181206950341,33.4655542860911,intermitent (47%),intermitent (89%),dripping,,,experiment_15_sample_77.npy
637,"2026-04-15T10:31:54,242",experiment,15,6200,6200.91,6.51072e-07,800,-10.1417951583862,15.833291053772,-9.91571617126465,18.8029022216797,250.693099975586,0,0,0.646014347343065,12.4934971226554,15.772507159076,66.7234004340955,34.00289502833,dripping (51%),intermitent (95%),dripping,,,experiment_15_sample_78.npy
638,"2026-04-15T10:31:59,428",experiment,15,6400,6400.84,"6,74E-04",800,5.1841344833374,15.809642791748,4.95785808563232,16.6379089355469,249.944793701172,0,0,0.830565932774413,12.8447172485838,15.3055408858124,66.8551232159078,33.1505437966832,dripping (43%),intermitent (96%),unconclusive,,,experiment_15_sample_79.npy
639,"2026-04-15T10:32:04,619",experiment,15,6600,6600.72,6.70011e-07,800,22.2743682861328,15.7865762710571,19.8314323425293,27.3013439178467,249.216003417969,0,0,0.519363575184172,10.2315742637567,14.2930531561727,61.8578765207337,33.2751854448943,intermitent (43%),intermitent (80%),dripping,,,experiment_15_sample_80.npy
640,"2026-04-15T10:32:09,802",experiment,15,6800,6800.66,6.2969e-07,800,2.08587002754211,15.7877655029297,0,15.9249610900879,249.253540039063,0,0,0.937729409930781,11.5629800426107,16.4547854691417,67.8432041585896,34.2468615025125,intermitent (41%),intermitent (65%),dripping,,,experiment_15_sample_81.npy
641,"2026-04-15T10:32:15,016",experiment,15,7000,7000.98,6.5945e-07,800,2.30827951431274,15.9309301376343,0,16.0972881317139,253.794525146484,0,0,0.630249509700075,16.3011302582191,15.2945051641297,67.5741581998451,34.2549828813198,intermitent (42%),intermitent (81%),dripping,,,experiment_15_sample_82.npy
642,"2026-04-15T10:32:20,193",experiment,15,7200,7200.88,6.4985e-07,800,-6.25860166549683,16.1735992431641,-4.95785808563232,17.3423004150391,261.585327148438,0,0,0.979476369123966,16.1654340760495,15.4525506991974,67.5252850369532,33.9207214414322,intermitent (44%),intermitent (93%),dripping,,,experiment_15_sample_83.npy
643,"2026-04-15T10:32:25,437",experiment,15,7400,7400.76,6.98899e-07,800,24.4362907409668,15.6375980377197,24.7892913818359,29.0114936828613,244.534484863281,0,0,0.762261036850517,10.7770805641506,13.8660422070871,64.3213307173242,33.473083634391,intermitent (52%),intermitent (97%),dripping,,,experiment_15_sample_84.npy
644,"2026-04-15T10:32:30,626",experiment,15,7600,7600.69,5.0253e-07,800,22.7405052185059,15.4730234146118,24.7892913818359,27.5053634643555,239.414443969727,0,0,0.819999409011849,10.1183690635708,14.4714828445081,65.6867078943078,32.5179374377574,intermitent (57%),intermitent (99%),dripping,,,experiment_15_sample_85.npy
645,"2026-04-15T10:32:35,932",experiment,15,7800,7800.58,5.06283e-07,800,-13.8417453765869,15.7611598968506,-14.8735733032227,20.9763679504395,248.414154052734,0,0,0.84086492671442,9.3201701689461,14.8622058887746,67.042310868944,34.9800252379521,intermitent (58%),intermitent (99%),dripping,,,experiment_15_sample_86.npy
646,"2026-04-15T10:32:41,141",experiment,15,8000,8000.73,5.24436e-07,800,-13.221019744873,15.5935611724854,-14.8735733032227,20.4439373016357,243.159164428711,0,0,0.765532080483409,9.68133490802159,12.7256699660049,61.6693065147174,34.8187795063787,intermitent (50%),intermitent (98%),dripping,,,experiment_15_sample_87.npy
647,"2026-04-15T10:32:46,338",experiment,15,8200,8200.76,6.48803e-07,800,23.0942974090576,15.5020093917847,24.7892913818359,27.8147239685059,240.312286376953,0,0,0.767317795253626,10.1912453686177,13.3265198722202,61.0376342446334,32.3139748358745,intermitent (54%),intermitent (95%),dripping,,,experiment_15_sample_88.npy
648,"2026-04-15T10:32:51,586",experiment,15,8400,8400.71,9.00854e-07,800,-8.87823486328125,15.9003314971924,-9.91571617126465,18.2110824584961,252.820541381836,0,0,0.952136754767675,12.6305451421049,15.6899317349266,66.9828905339557,33.9382017270699,dripping (44%),intermitent (97%),unconclusive,,,experiment_15_sample_89.npy
649,"2026-04-15T10:32:56,772",experiment,15,8600,8600.54,9.47895e-07,800,24.9638080596924,15.4477195739746,24.7892913818359,29.3568325042725,238.632034301758,0,0,0.685401449179963,9.27518325746553,11.5272769285742,62.4277846208629,33.1002708319485,intermitent (47%),intermitent (92%),multi_jet,,,experiment_15_sample_90.npy
650,"2026-04-15T10:33:01,986",experiment,15,8800,8800.48,8.96926e-07,800,-12.5319776535034,15.6067771911621,-14.8735733032227,20.0155429840088,243.571487426758,0,0,0.882027032197644,10.8357153416166,14.0516220704637,64.5182855205643,34.6358793446394,intermitent (51%),intermitent (97%),unconclusive,,,experiment_15_sample_91.npy
651,"2026-04-15T10:33:07,167",experiment,15,9000,9000.68,8.41768e-07,800,-5.60535478591919,15.5901918411255,-4.95785808563232,16.5672588348389,243.054077148438,0,0,0.96147111705081,7.53240077080025,12.22605363776,65.5201632301116,33.6454104738767,intermitent (49%),intermitent (88%),multi_jet,,,experiment_15_sample_92.npy
652,"2026-04-15T10:39:42,660",experiment,16,3000,3001.05,8.74496e-08,900,13.9430837631226,15.8367176055908,14.8735733032227,21.1000289916992,250.801620483398,0,0,0.667355089208539,17.4467163063177,16.1378141021186,65.0444206479155,33.6346973787106,dripping (74%),dripping (97%),dripping,,,experiment_16_sample_0.npy
653,"2026-04-15T10:39:48,719",experiment,16,3200,3201.05,9.65263e-08,900,13.7260284423828,15.4737014770508,14.8735733032227,20.6842765808105,239.435440063477,0,0,0.635636424437504,8.49345709868643,12.7661674489016,63.9448652872651,33.2971656058097,dripping (56%),dripping (58%),dripping,,,experiment_16_sample_1.npy
654,"2026-04-15T10:39:54,097",experiment,16,3400,3400.97,9.58281e-08,900,-14.4940986633301,15.8520345687866,-14.8735733032227,21.4794292449951,251.287002563477,0,0,0.510739934434177,12.56464982903,17.5604447711528,64.2377060260352,34.4033420367665,dripping (59%),dripping (94%),dripping,,,experiment_16_sample_2.npy
655,"2026-04-15T10:39:59,693",experiment,16,3600,3600.85,1.06737e-07,900,-11.2924137115479,15.461407661438,-9.91571617126465,19.1461143493652,239.055114746094,0,0,0.710217997329048,7.30171393710207,13.3614728383231,61.6806473351507,33.5225266387268,dripping (60%),intermitent (72%),dripping,,,experiment_16_sample_3.npy
656,"2026-04-15T10:40:05,163",experiment,16,3800,3800.81,1.0857e-07,900,29.3269195556641,15.3892230987549,29.7471466064453,33.1194267272949,236.828201293945,0,0,0.618630161118949,9.99744446098514,13.9915014366427,61.0192914176106,32.7232652598725,intermitent (80%),intermitent (100%),dripping,,,experiment_16_sample_4.npy
657,"2026-04-15T10:40:10,561",experiment,16,4000,4001.04,1.13894e-07,900,-9.66286468505859,15.7967338562012,-9.91571617126465,18.5177688598633,249.536804199219,0,0,0.622983038387933,10.1754189545633,14.3338427155311,65.0855512457104,34.8693793701147,dripping (65%),dripping (73%),dripping,,,experiment_16_sample_5.npy
658,"2026-04-15T10:40:16,073",experiment,16,4200,4200.94,1.27508e-07,900,-7.97699499130249,15.6707906723022,-9.91571617126465,17.5842571258545,245.573684692383,0,0,0.528971256276738,8.75697989541754,15.1795656510168,65.1327479801028,33.8428633935466,dripping (60%),dripping (66%),dripping,,,experiment_16_sample_6.npy
659,"2026-04-15T10:40:21,597",experiment,16,4400,4400.97,"1,41E-04",900,24.8072376251221,15.3856058120728,24.7892913818359,29.1910228729248,236.716873168945,0,0,0.524626628954461,8.69011814454879,12.1631719454379,62.4912999475542,32.7177746787784,intermitent (65%),intermitent (97%),dripping,,,experiment_16_sample_7.npy
660,"2026-04-15T10:40:27,064",experiment,16,4600,4600.86,1.5884e-07,900,7.39742136001587,15.7330713272095,9.91571617126465,17.3853778839111,247.529525756836,0,0,0.801636046086188,14.3678525686806,15.7008660910634,66.4422401122907,32.990295084089,dripping (73%),dripping (92%),unconclusive,,,experiment_16_sample_8.npy
661,"2026-04-15T10:40:32,446",experiment,16,4800,4800.74,1.71321e-07,900,-9.19831371307373,15.4867496490479,-9.91571617126465,18.012451171875,239.839416503906,0,0,0.426023704499464,8.09024526238778,13.6335305503661,64.1339132222766,33.8466633047682,dripping (54%),dripping (57%),dripping,,,experiment_16_sample_9.npy
662,"2026-04-15T10:40:37,907",experiment,16,5000,5001.02,3.67777e-07,900,-9.32592964172363,15.3601837158203,-9.91571617126465,17.9696464538574,235.935241699219,0,0,0.741699787194547,7.25239077070592,13.7303856795655,62.635585933555,33.529041333161,dripping (57%),dripping (69%),dripping,,,experiment_16_sample_10.npy
663,"2026-04-15T10:40:43,352",experiment,16,5200,5200.96,5.90416e-07,900,-4.21507167816162,15.816556930542,-4.95785808563232,16.3685760498047,250.163482666016,0,0,0.774102176281904,10.617354622209,14.5266984485898,66.3193785399121,34.3320742717211,dripping (45%),intermitent (47%),dripping,,,experiment_16_sample_11.npy
664,"2026-04-15T10:40:48,895",experiment,16,5400,5400.81,"7,91E-04",900,22.4939994812012,15.4053249359131,24.7892913818359,27.2636032104492,237.324035644531,0,0,0.776914028418064,8.92523173230691,13.9178736746985,63.322756850975,33.0324125866274,intermitent (52%),intermitent (88%),dripping,,,experiment_16_sample_12.npy
665,"2026-04-15T10:40:54,400",experiment,16,5600,5600.75,1.0054e-06,900,16.4865627288818,15.7579212188721,14.8735733032227,22.8061141967773,248.312072753906,0,0,0.515354941282649,13.7665611483352,15.4622144256866,67.5580391256178,33.590719602249,intermitent (46%),intermitent (58%),intermitent,,,experiment_16_sample_13.npy
666,"2026-04-15T10:40:59,831",experiment,16,5800,5800.76,1.11406e-06,900,37.4035682678223,15.4905872344971,39.6628646850586,40.4843826293945,239.958297729492,0,0,0.68397502786009,8.98547181922821,16.0357277615689,65.3224339044991,33.1598668178467,intermitent (45%),intermitent (83%),unconclusive,,,experiment_16_sample_14.npy
667,"2026-04-15T10:41:05,350",experiment,16,6000,6000.97,1.17812e-06,900,19.9147243499756,15.2672710418701,19.8314323425293,25.0935401916504,233.089553833008,0,0,0.566221338407534,6.87451982094387,12.5377588713115,61.9718350778954,32.6227989681993,intermitent (44%),intermitent (57%),unconclusive,,,experiment_16_sample_15.npy
668,"2026-04-15T10:41:10,647",experiment,16,6200,6200.88,1.23738e-06,900,18.8595924377441,15.3716287612915,19.8314323425293,24.3304576873779,236.286956787109,0,0,0.92940547889787,10.8062330196684,13.9954799470527,60.0579345644525,33.4832553792965,intermitent (48%),intermitent (92%),intermitent,,,experiment_16_sample_16.npy
669,"2026-04-15T10:41:15,930",experiment,16,6400,6400.83,1.29516e-06,900,127.038070678711,15.6203918457031,128.904312133789,127.99479675293,243.996643066406,0,0,0.788483176186109,11.6444468885937,13.9710746179613,63.1077107822444,32.5318943469873,multi_jet (52%),multi_jet (74%),intermitent,,,experiment_16_sample_17.npy
670,"2026-04-15T10:41:21,187",experiment,16,6600,6600.7,1.36131e-06,900,118.39225769043,15.7742280960083,118.988586425781,119.438491821289,248.826278686523,0,0,0.598080233588192,12.9417604869642,17.5086033964616,65.6445347381907,33.2474133135222,multi_jet (49%),multi_jet (86%),intermitent,,,experiment_16_sample_18.npy
671,"2026-04-15T10:41:26,433",experiment,16,6800,6800.64,1.42651e-06,900,20.7686653137207,15.2731513977051,19.8314323425293,25.7799663543701,233.269165039063,0,0,0.66199237922836,6.73298940087632,12.4553527235664,60.7616390681652,32.3149156348404,intermitent (48%),intermitent (95%),intermitent,,,experiment_16_sample_19.npy
672,"2026-04-15T10:41:31,747",experiment,16,7000,7000.95,1.47276e-06,900,143.627365112305,15.5057201385498,143.777877807617,144.4619140625,240.427352905273,0,0,0.774075211387094,10.9967069713331,13.1043215102028,63.5893295797597,33.1994201044257,multi_jet (84%),multi_jet (99%),intermitent,,,experiment_16_sample_20.npy
673,"2026-04-15T10:41:37,082",experiment,16,7200,7200.89,1.5699e-06,900,122.987800598145,15.5030975341797,123.946449279785,123.961059570313,240.346038818359,0,0,0.753680424766053,10.2119411318261,14.4431021754526,64.162038147317,34.3973860989616,multi_jet (64%),multi_jet (99%),intermitent,,,experiment_16_sample_21.npy
674,"2026-04-15T10:41:42,337",experiment,16,7400,7400.79,1.65892e-06,900,206.469116210938,15.555718421936,208.230026245117,207.054260253906,241.980361938477,0,0,1.06365851520783,9.24961068927987,15.5994715443122,61.913859101701,33.4117643808132,multi_jet (95%),multi_jet (100%),intermitent,,,experiment_16_sample_22.npy
675,"2026-04-15T10:41:47,585",experiment,16,7600,7600.66,1.73633e-06,900,216.514419555664,15.7243127822876,218.145751953125,217.084655761719,247.253997802734,0,0,0.924770295954607,14.3497933794343,15.9413634941043,63.0028858565944,33.914836037372,multi_jet (97%),multi_jet (100%),intermitent,,,experiment_16_sample_23.npy
676,"2026-04-15T10:41:52,911",experiment,16,7800,7800.57,1.8964e-06,900,276.632934570313,15.370569229126,277.640045166016,277.059600830078,236.25439453125,0,0,0.889091194535238,9.65256045565373,12.3256420627379,61.5943106732819,33.1015474913214,multi_jet (95%),multi_jet (100%),multi_jet,,,experiment_16_sample_24.npy
677,"2026-04-15T10:41:58,252",experiment,16,8000,8000.7,1.97477e-06,900,224.929275512695,15.619532585144,223.103607177734,225.470962524414,243.969802856445,0,0,0.947183662207352,8.03235059598305,11.6466401500983,61.1164113324998,33.0446738146327,multi_jet (99%),multi_jet (100%),unconclusive,,,experiment_16_sample_25.npy
678,"2026-04-15T10:42:03,524",experiment,16,8200,8200.74,2.05079e-06,900,284.831329345703,16.0845241546631,282.597900390625,285.285095214844,258.7119140625,0,0,1.07392950370608,15.3551717733618,14.5112986197638,64.1493509471875,32.164953981244,multi_jet (100%),multi_jet (100%),unconclusive,,,experiment_16_sample_26.npy
679,"2026-04-15T10:42:08,779",experiment,16,8400,8400.68,2.12628e-06,900,341.166290283203,24.7470359802246,342.092224121094,342.062652587891,612.415771484375,0,0,2.87461353553747,6.63540133669226,11.3044769010783,60.4470970163214,32.9896516809458,multi_jet (100%),multi_jet (100%),intermitent,,,experiment_16_sample_27.npy
680,"2026-04-15T10:42:14,115",experiment,16,8600,8600.53,2.24969e-06,900,358.648315429688,17.6506958007813,356.965789794922,359.082336425781,311.547058105469,0,0,1.29378964892357,13.956639117764,15.5001995280804,61.9303220144175,32.6369917228896,multi_jet (100%),multi_jet (100%),unconclusive,,,experiment_16_sample_28.npy
681,"2026-04-15T10:42:19,419",experiment,16,8800,8800.46,2.32378e-06,900,530.923156738281,22.6027526855469,530.490844726563,531.404052734375,510.884399414063,0,0,2.44740015700571,10.225635512582,13.2414875580361,62.1754845163351,33.7907816584512,multi_jet (100%),multi_jet (100%),intermitent,,,experiment_16_sample_29.npy
682,"2026-04-15T10:42:24,763",experiment,16,9000,9000.68,2.40504e-06,900,421.769348144531,17.8025665283203,421.417907714844,422.144897460938,316.931396484375,0,0,1.46478681189436,15.6606809448038,14.0313581283775,64.8240761080233,32.5236251808136,multi_jet (100%),multi_jet (100%),intermitent,,,experiment_16_sample_30.npy
683,"2026-04-15T10:42:47,258",experiment,16,3000,3001.17,4.95897e-07,1000,-15.7574615478516,15.8797464370728,-14.8735733032227,22.3710517883301,252.16633605957,0,0,0.477671768138904,13.5744459664276,19.1085211594044,66.4766094595559,33.1972440132993,dripping (55%),dripping (100%),dripping,,,experiment_16_sample_31.npy
684,"2026-04-15T10:42:52,840",experiment,16,3200,3201.1,4.9869e-07,1000,0.564898371696472,15.9985990524292,0,16.0085697174072,255.955184936523,0,0,0.577548251388658,15.1544877283976,16.539994668723,67.5224251871176,34.8743975725714,dripping (84%),dripping (100%),dripping,,,experiment_16_sample_32.npy
685,"2026-04-15T10:42:58,098",experiment,16,3400,3400.99,5.28451e-07,1000,10.8232021331787,15.758204460144,9.91571617126465,19.1170787811279,248.320999145508,0,0,0.501948218496278,12.0592990906337,14.7780012505506,64.3437949511037,33.3903962785013,dripping (76%),dripping (79%),dripping,,,experiment_16_sample_33.npy
686,"2026-04-15T10:43:03,420",experiment,16,3600,3600.86,5.58037e-07,1000,-12.4876537322998,15.7054176330566,-14.8735733032227,20.0649375915527,246.660140991211,0,0,0.545520429893933,13.6579185374819,14.0696852678551,63.6727548458909,34.2249968514571,dripping (68%),dripping (91%),dripping,,,experiment_16_sample_34.npy
687,"2026-04-15T10:43:08,719",experiment,16,3800,3800.82,6.1398e-07,1000,-15.7618236541748,15.7026424407959,-14.8735733032227,22.2487754821777,246.572967529297,0,0,0.474890582306591,13.2904964123065,13.5030887914304,65.6041792485339,33.9621316993073,intermitent (56%),intermitent (92%),dripping,,,experiment_16_sample_35.npy
688,"2026-04-15T10:43:14,024",experiment,16,4000,4001.03,6.73153e-07,1000,31.3898849487305,15.3626041412354,29.7471466064453,34.9475975036621,236.00959777832,0,0,0.509110337170319,8.40572355376896,13.4716280240523,64.1990879970662,32.5203455494146,intermitent (78%),intermitent (99%),dripping,,,experiment_16_sample_36.npy
689,"2026-04-15T10:43:19,293",experiment,16,4200,4200.93,7.22114e-07,1000,-6.99286079406738,15.7584590911865,-9.91571617126465,17.2403335571289,248.329025268555,0,0,0.455735474852024,9.76008704248624,16.2182041933497,67.7627251613517,34.0562538248183,dripping (62%),intermitent (56%),dripping,,,experiment_16_sample_37.npy
690,"2026-04-15T10:43:24,588",experiment,16,4400,4400.98,7.66886e-07,1000,12.2120962142944,15.5509004592896,9.91571617126465,19.772855758667,241.830505371094,0,0,0.62741627979492,9.63492401435411,12.6253243611449,65.3193748312787,34.0004499914416,intermitent (39%),intermitent (87%),dripping,,,experiment_16_sample_38.npy
691,"2026-04-15T10:43:29,914",experiment,16,4600,4600.87,8.15237e-07,1000,24.1203765869141,15.5478277206421,24.7892913818359,28.6971702575684,241.734939575195,0,0,0.731644258264667,12.2293871149469,14.8226491712405,64.265174863858,32.5643384536572,intermitent (66%),intermitent (97%),dripping,,,experiment_16_sample_39.npy
692,"2026-04-15T10:43:35,202",experiment,16,4800,4800.75,8.62627e-07,1000,-15.0804176330566,15.6729965209961,-14.8735733032227,21.7499828338623,245.642807006836,0,0,0.661230619523183,12.1157410688286,14.0368492306354,62.713076062547,34.3338628974822,intermitent (49%),intermitent (81%),intermitent,,,experiment_16_sample_40.npy
693,"2026-04-15T10:43:40,464",experiment,16,5000,5000.97,9.13072e-07,1000,-1.64313328266144,15.8832168579102,0,15.967981338501,252.276565551758,0,0,0.661962241758332,12.526865126635,15.5691024908461,68.2120964286643,33.8491019813032,dripping (48%),dripping (87%),intermitent,,,experiment_16_sample_41.npy
694,"2026-04-15T10:43:45,750",experiment,16,5200,5200.96,9.68317e-07,1000,11.3955373764038,15.5897235870361,9.91571617126465,19.3105602264404,243.039474487305,0,0,0.718154576407452,8.17467756193621,14.7466336930977,64.6711744636215,33.902430302596,dripping (56%),dripping (92%),intermitent,,,experiment_16_sample_42.npy
695,"2026-04-15T10:43:51,210",experiment,16,5400,5400.8,1.01972e-06,1000,15.7087745666504,15.5034379959106,14.8735733032227,22.0708446502686,240.356597900391,0,0,0.759362617954676,12.6109668281129,15.9218058046824,63.4498373228221,33.4655431274418,intermitent (51%),intermitent (91%),unconclusive,,,experiment_16_sample_43.npy
696,"2026-04-15T10:43:56,681",experiment,16,5600,5600.77,1.07217e-06,1000,10.5709476470947,15.6403675079346,9.91571617126465,18.8776588439941,244.62109375,0,0,0.778225184559455,11.4661032133095,15.1005117786717,62.3118232728257,33.0823337008034,dripping (71%),dripping (96%),intermitent,,,experiment_16_sample_44.npy
697,"2026-04-15T10:44:01,999",experiment,16,5800,5800.76,1.12707e-06,1000,16.2700042724609,15.6591787338257,14.8735733032227,22.5814723968506,245.209884643555,0,0,0.722772871168158,10.552156997437,13.3914120814906,64.8267641987963,34.0422944980648,intermitent (47%),intermitent (75%),intermitent,,,experiment_16_sample_45.npy
698,"2026-04-15T10:44:07,358",experiment,16,6000,6000.97,1.22953e-06,1000,8.61645984649658,15.4776544570923,9.91571617126465,17.7144336700439,239.557800292969,0,0,0.556794759777956,8.54813447345193,14.4541200615591,62.4845230694772,33.2335916880092,dripping (64%),dripping (81%),intermitent,,,experiment_16_sample_46.npy
699,"2026-04-15T10:44:12,739",experiment,16,6200,6200.89,1.30886e-06,1000,14.519980430603,15.2739639282227,14.8735733032227,21.0742435455322,233.293960571289,0,0,0.635974718490901,8.73983132106488,13.1255139477825,61.3678669646667,32.8058119604153,intermitent (44%),intermitent (88%),intermitent,,,experiment_16_sample_47.npy
700,"2026-04-15T10:44:18,013",experiment,16,6400,6400.82,1.34159e-06,1000,32.876049041748,15.6264677047729,34.705005645752,36.4008445739746,244.186492919922,0,0,0.766050720568266,9.32452230455938,14.9698378237018,64.2515234656882,33.7917468875886,intermitent (43%),intermitent (97%),intermitent,,,experiment_16_sample_48.npy
701,"2026-04-15T10:44:23,348",experiment,16,6600,6600.72,1.45574e-06,1000,107.184631347656,15.3147621154785,109.072875976563,108.273208618164,234.541946411133,0,0,0.824206483129441,8.12106673675438,12.9369172035033,61.1956448886292,33.3774717206839,multi_jet (63%),multi_jet (95%),unconclusive,,,experiment_16_sample_49.npy
702,"2026-04-15T10:44:28,757",experiment,16,6800,6800.64,1.48009e-06,1000,155.420516967773,15.5046062469482,153.693603515625,156.191970825195,240.392807006836,0,0,0.745940512851851,11.5424749031912,13.9599628090299,62.4974094578498,32.1466452904952,multi_jet (89%),multi_jet (100%),intermitent,,,experiment_16_sample_50.npy
703,"2026-04-15T10:44:34,080",experiment,16,7000,7000.93,1.55262e-06,1000,193.642913818359,15.3126058578491,193.356475830078,194.247421264648,234.47590637207,0,0,0.753591625003103,7.60414011299611,13.6005472802506,61.5236959186773,33.0632519744132,multi_jet (96%),multi_jet (100%),intermitent,,,experiment_16_sample_51.npy
704,"2026-04-15T10:44:39,445",experiment,16,7200,7200.89,1.56562e-06,1000,165.858795166016,15.5047521591187,163.609313964844,166.581924438477,240.397354125977,0,0,0.779150352224712,7.12017294888238,11.5845696313385,63.2236183400912,34.028123360426,multi_jet (95%),multi_jet (100%),intermitent,,,experiment_16_sample_52.npy
705,"2026-04-15T10:44:44,765",experiment,16,7400,7400.79,1.67559e-06,1000,98.7376174926758,15.9627466201782,99.1571655273438,100.019638061523,254.809280395508,0,0,2.51192236125937,8.77867855298056,12.8644869206336,61.8361177352646,33.2568807927435,multi_jet (63%),multi_jet (99%),intermitent,,,experiment_16_sample_53.npy
706,"2026-04-15T10:44:50,084",experiment,16,7600,7600.69,1.80196e-06,1000,292.284973144531,15.3954362869263,292.513610839844,292.690155029297,237.019454956055,0,0,0.716763032855688,7.65732789550697,13.0907463141324,63.1915242839335,32.9390348502817,multi_jet (95%),multi_jet (100%),dripping,,,experiment_16_sample_54.npy
707,"2026-04-15T10:44:55,567",experiment,16,7800,7800.59,1.89832e-06,1000,335.599914550781,15.5288734436035,337.134338378906,335.958984375,241.145919799805,0,0,0.745878625553081,10.0737766301551,12.4507022094057,61.1998265764601,33.7723032768512,multi_jet (95%),multi_jet (100%),multi_jet,,,experiment_16_sample_55.npy
708,"2026-04-15T10:45:00,879",experiment,16,8000,8000.68,2.00558e-06,1000,337.031372070313,15.4889335632324,337.134338378906,337.387054443359,239.90705871582,0,0,0.972617306692056,10.6068458781586,14.909408463301,62.9292356083109,33.8189546599253,multi_jet (95%),multi_jet (100%),multi_jet,,,experiment_16_sample_56.npy
709,"2026-04-15T10:45:06,149",experiment,16,8200,8200.74,2.03525e-06,1000,317.363128662109,31.7511253356934,312.345062255859,318.947448730469,1008.13391113281,0,0,2.10904770633435,11.4902545829397,15.3020752243054,64.7424310700151,32.5705399027297,multi_jet (100%),multi_jet (99%),unconclusive,,,experiment_16_sample_57.npy
710,"2026-04-15T10:45:11,521",experiment,16,8400,8400.68,2.25335e-06,1000,311.629028320313,22.408052444458,312.345062255859,312.433624267578,502.120788574219,0,0,1.7313242977165,11.8846454661135,16.4566045603306,62.4096484180989,32.1428121708726,multi_jet (100%),multi_jet (99%),multi_jet,,,experiment_16_sample_58.npy
711,"2026-04-15T10:45:16,834",experiment,16,8600,8600.51,2.09416e-06,1000,813.007995605469,332.777740478516,704.015869140625,878.477600097656,110741.015625,0,0,256.151004765079,9.26276316608213,15.8218454746714,61.1762072389341,32.7202128401133,multi_jet (99%),multi_jet (100%),multi_jet,,,experiment_16_sample_59.npy
712,"2026-04-15T10:45:22,080",experiment,16,8800,8800.45,2.39526e-06,1000,666.670532226563,15.6605768203735,664.352966308594,666.8544921875,245.253677368164,0,0,0.928625666541721,13.3239526599202,13.8936944910032,64.6526097558476,33.3043105055317,multi_jet (97%),multi_jet (100%),multi_jet,,,experiment_16_sample_60.npy
713,"2026-04-15T10:45:27,380",experiment,16,9000,9000.65,2.36393e-06,1000,651.509338378906,15.5557594299316,649.479370117188,651.695007324219,241.981643676758,0,0,1.01255716337255,12.207729877029,14.3134804941104,61.396521185152,33.3297956307939,multi_jet (95%),multi_jet (100%),multi_jet,,,experiment_16_sample_61.npy
714,"2026-04-14T13:34:29,256",experiment,2,3000,3001.11,-4.85201e-08,7,-11.4986600875854,15.7212581634521,-9.91571617126465,19.4776077270508,247.157943725586,0,0,0.684019102279559,13.7890340585671,17.6752308068622,59.397799300045,32.9928474742793,dripping (84%),dripping (100%),dripping,,,experiment_2_sample_0.npy
715,"2026-04-14T13:34:34,471",experiment,2,3200,3201.1,-4.93055e-08,7,-21.4472007751465,15.4305944442749,-19.8314323425293,26.4213085174561,238.103240966797,0,0,0.595382446383373,14.0182749697112,13.2638303145907,56.8776167049581,32.225513564832,intermitent (57%),dripping (70%),dripping,,,experiment_2_sample_1.npy
716,"2026-04-14T13:34:39,511",experiment,2,3400,3400.99,6.00452e-08,7,11.3056020736694,15.3380041122437,9.91571617126465,19.05442237854,235.254379272461,0,0,0.553910836378605,12.4617076711757,13.7152170960315,57.0785443575931,32.2594147480471,dripping (64%),dripping (93%),intermitent,,,experiment_2_sample_2.npy
717,"2026-04-14T13:34:44,540",experiment,2,3600,3600.9,3.66555e-08,7,-1.56222093105316,15.4398651123047,0,15.5186967849731,238.389434814453,0,0,0.454936412862399,10.0471388559059,13.8473417901587,59.4442509216242,33.0834619922459,dripping (58%),dripping (97%),intermitent,,,experiment_2_sample_3.npy
718,"2026-04-14T13:34:49,592",experiment,2,3800,3800.87,5.60306e-08,7,37.8248863220215,19.7206153869629,39.6628646850586,42.6570587158203,388.902679443359,0,0,0.909172356191588,13.6671669330601,15.3305689331226,57.5840856222817,31.9122607951219,intermitent (81%),intermitent (100%),intermitent,,,experiment_2_sample_4.npy
719,"2026-04-14T13:34:54,627",experiment,2,4000,4001.06,8.19513e-08,7,16.9665832519531,15.8520498275757,14.8735733032227,23.2196559906006,251.287475585938,0,0,0.538110637791451,11.6327991352391,12.9375531021781,60.7272253121682,32.8255049316357,intermitent (66%),intermitent (100%),intermitent,,,experiment_2_sample_5.npy
720,"2026-04-14T13:34:59,682",experiment,2,4200,4200.97,1.69662e-07,7,3.69955372810364,15.6921844482422,4.95785808563232,16.122386932373,246.244659423828,0,0,0.565289490624773,14.2384803470814,16.2889742695034,57.6064797708413,31.8400752402041,dripping (51%),intermitent (74%),intermitent,,,experiment_2_sample_6.npy
721,"2026-04-14T13:35:04,717",experiment,2,4400,4401,1.54913e-07,7,4.04372835159302,15.4555320739746,4.95785808563232,15.9757690429688,238.873474121094,0,0,0.464916226976491,9.50687630757377,14.1898176520914,56.1931212443392,32.3151083018846,intermitent (37%),dripping (53%),intermitent,,,experiment_2_sample_7.npy
722,"2026-04-14T13:35:09,768",experiment,2,4600,4600.88,1.18345e-07,7,13.5245409011841,19.3231468200684,14.8735733032227,23.5859527587891,373.384002685547,0,0,0.908327328651925,8.32150229164597,12.1649941892961,54.3410158476782,31.9185075500215,intermitent (58%),intermitent (100%),intermitent,,,experiment_2_sample_8.npy
723,"2026-04-14T13:35:14,803",experiment,2,4800,4800.79,1.3868e-07,7,35.714225769043,15.1411094665527,34.705005645752,38.7912254333496,229.253204345703,0,0,0.385614776657889,11.0027701259072,12.9549664054664,58.674358872759,31.7788744462946,cone_jet (48%),cone_jet (82%),cone_jet,,,experiment_2_sample_9.npy
724,"2026-04-14T13:35:19,871",experiment,2,5000,5001.02,2.16093e-07,7,55.3260231018066,15.383472442627,54.5364379882813,57.4249114990234,236.651214599609,0,0,0.493262897077356,11.094620892302,14.2603259683183,59.8576821480506,31.6159913439762,cone_jet (44%),cone_jet (82%),cone_jet,,,experiment_2_sample_10.npy
725,"2026-04-14T13:35:24,903",experiment,2,5200,5201,2.73258e-07,7,64.4120864868164,15.2365026473999,64.4521560668945,66.1896438598633,232.151016235352,0,0,0.569007798504233,11.3779333107239,13.7704166326155,56.5995357313915,32.5008870533042,cone_jet (36%),multi_jet (48%),cone_jet,,,experiment_2_sample_11.npy
726,"2026-04-14T13:35:29,948",experiment,2,5400,5400.87,2.93768e-07,7,60.1259231567383,15.3042659759521,59.4942932128906,62.0431137084961,234.220565795898,0,0,1.08453436150191,13.7166439388009,15.3128534283768,56.4218307634463,32.1937547206472,cone_jet (44%),intermitent (48%),undefined,,,experiment_2_sample_12.npy
727,"2026-04-14T13:35:34,972",experiment,2,5600,5600.81,3.36794e-07,7,61.3796691894531,15.0709323883057,59.4942932128906,63.2028274536133,227.132995605469,0,0,0.876151670415085,11.4078196684232,13.8515463749636,55.1598125756995,31.8194631989356,multi_jet (40%),multi_jet (88%),undefined,,,experiment_2_sample_13.npy
728,"2026-04-14T13:35:40,032",experiment,2,5800,5800.81,2.84167e-07,7,49.3075866699219,15.1843519210815,49.5785827636719,51.592658996582,230.564544677734,0,0,0.885829110691944,8.14472147157755,13.2546210984137,56.3661248288728,31.6854976222146,multi_jet (41%),cone_jet (53%),multi_jet,,,experiment_2_sample_14.npy
729,"2026-04-14T13:35:45,101",experiment,2,6000,6001,3.50758e-07,7,102.834602355957,15.2257747650146,104.115013122559,103.955657958984,231.82421875,0,0,0.537085591995624,11.820103003353,13.7075905908416,56.1118795191094,31.4048963640989,cone_jet (48%),cone_jet (93%),multi_jet,,,experiment_2_sample_15.npy
730,"2026-04-14T13:35:50,155",experiment,2,6200,6200.95,3.76941e-07,7,100.565101623535,15.1921052932739,99.1571655273438,101.706130981445,230.800064086914,0,0,0.539910974642391,7.82552137962078,12.7761484874154,57.1320335528959,30.9933905977493,cone_jet (47%),cone_jet (84%),multi_jet,,,experiment_2_sample_16.npy
731,"2026-04-14T13:35:55,182",experiment,2,6400,6400.87,3.66555e-07,7,109.37818145752,15.5313062667847,109.072875976563,110.475372314453,241.221466064453,0,0,0.810228753839121,8.59726117336933,15.0480895589399,57.7262653942091,32.0055960059847,multi_jet (51%),multi_jet (72%),multi_jet,,,experiment_2_sample_17.npy
732,"2026-04-14T13:36:00,229",experiment,2,6600,6600.75,4.72071e-07,7,430.707855224609,15.8814420700073,431.333648681641,431.000549316406,252.220199584961,0,0,1.46971587728124,17.2967637314375,17.4629926969003,55.1364660604594,31.5810152082735,multi_jet (97%),multi_jet (100%),multi_jet,,,experiment_2_sample_18.npy
733,"2026-04-14T13:36:05,282",experiment,2,6800,6800.69,"5,53E-04",7,234.754165649414,18.0186042785645,233.019317626953,235.444671630859,324.670074462891,0,0,1.29172621119725,8.96750302581118,12.912988524474,55.4969744409376,30.7008541458194,multi_jet (99%),multi_jet (100%),multi_jet,,,experiment_2_sample_19.npy
734,"2026-04-14T13:36:10,299",experiment,2,7000,7001.01,6.47756e-07,7,663.870178222656,15.4285020828247,664.352966308594,664.049438476563,238.038681030273,0,0,0.667673215912446,7.74707605681763,12.9147501361481,57.9634730913674,32.6232962881965,multi_jet (99%),multi_jet (100%),multi_jet,,,experiment_2_sample_20.npy
735,"2026-04-14T13:36:15,310",experiment,2,7200,7200.92,9.17785e-07,7,349.255615234375,16.1124153137207,347.050079345703,349.627075195313,259.609924316406,0,0,3.31334266611416,14.0975787530446,15.1326919645551,59.5332556171911,32.4297052535755,multi_jet (100%),multi_jet (100%),multi_jet,,,experiment_2_sample_21.npy
736,"2026-04-14T13:36:20,347",experiment,2,7400,7400.82,1.02007e-06,7,661.027099609375,18.0700855255127,659.395080566406,661.274047851563,326.528015136719,0,0,1.16788108676222,12.2061730176241,12.6970222453971,55.5734224631766,32.307374953652,multi_jet (100%),multi_jet (100%),multi_jet,,,experiment_2_sample_22.npy
737,"2026-04-14T13:36:25,383",experiment,2,7600,7600.72,1.09547e-06,7,746.698547363281,15.7332572937012,748.636535644531,746.8642578125,247.535385131836,0,0,0.739097489735422,10.0718284828141,11.6245403210673,54.2330142395625,31.766389691657,multi_jet (100%),multi_jet (100%),multi_jet,,,experiment_2_sample_23.npy
738,"2026-04-14T13:36:30,493",experiment,2,7800,7800.63,1.49493e-06,7,1057.79443359375,15.5812063217163,1056.02368164063,1057.90930175781,242.774002075195,0,0,1.0279209333707,12.2954065225121,15.2812689365366,58.0161071256198,32.0718169678532,multi_jet (100%),multi_jet (100%),multi_jet,,,experiment_2_sample_24.npy
739,"2026-04-14T13:36:35,537",experiment,2,8000,8000.78,1.52993e-06,7,1245.74438476563,16.6810455322266,1244.42236328125,1245.85607910156,278.257293701172,0,0,1.07395621298227,11.4171103490616,15.1995748344048,56.0893603751394,32.3777471972574,multi_jet (100%),multi_jet (100%),multi_jet,,,experiment_2_sample_25.npy
740,"2026-04-14T13:36:40,556",experiment,2,8200,8200.81,1.71452e-06,7,1405.78283691406,16.0168399810791,1408.03173828125,1405.87414550781,256.539154052734,0,0,0.815373435700482,15.5340553150384,12.3512927269407,57.2853614572389,33.1570908457934,multi_jet (100%),multi_jet (100%),multi_jet,,,experiment_2_sample_26.npy
741,"2026-04-14T13:36:45,593",experiment,2,8400,8400.75,2.03351e-06,7,1528.69665527344,16.9395484924316,1527.02026367188,1528.79040527344,286.948272705078,0,0,1.25093782964467,10.6236357899004,13.4098806022044,57.1010406831664,32.4018462698704,multi_jet (100%),multi_jet (100%),multi_jet,,,experiment_2_sample_27.npy
742,"2026-04-14T13:36:50,605",experiment,2,8600,8600.57,2.3833e-06,7,1813.32507324219,16.1388244628906,1814.57604980469,1813.39709472656,260.461669921875,0,0,0.893397801058447,11.0746413573831,12.8725256871689,55.904891920545,32.313647129607,multi_jet (100%),multi_jet (100%),multi_jet,,,experiment_2_sample_28.npy
743,"2026-04-14T13:36:55,615",experiment,2,8800,8800.52,2.69462e-06,7,2147.21533203125,16.1490745544434,2146.75268554688,2147.27612304688,260.792633056641,0,0,1.01050785860413,11.4506881672864,14.850328996955,58.2559984397986,32.3412525131092,multi_jet (100%),multi_jet (100%),multi_jet,,,experiment_2_sample_29.npy
744,"2026-04-14T13:37:00,637",experiment,2,9000,9000.72,2.97328e-06,7,2243.16845703125,15.9135065078735,2240.95166015625,2243.22485351563,253.239685058594,0,0,1.95348119634771,17.2437337466168,16.1755520771192,56.7440418065238,32.5093306225739,multi_jet (100%),multi_jet (100%),multi_jet,,,experiment_2_sample_30.npy
745,"2026-04-14T13:37:22,838",experiment,2,3000,3001.2,-4.32841e-08,8,-17.1336631774902,15.2289485931396,-14.8735733032227,22.9234218597412,231.920883178711,0,0,0.362100749720974,10.3067437991411,13.6735207608179,57.9268921360271,31.975282502502,intermitent (55%),dripping (98%),dripping,,,experiment_2_sample_31.npy
746,"2026-04-14T13:37:27,896",experiment,2,3200,3201.15,1.48367e-09,8,7.61943483352661,15.6579504013062,9.91571617126465,17.4134197235107,245.171417236328,0,0,0.480329753794056,15.6424080313958,16.8768398293321,56.8814195047199,32.9560104067634,dripping (89%),dripping (100%),dripping,,,experiment_2_sample_32.npy
747,"2026-04-14T13:37:32,935",experiment,2,3400,3401.01,9.57408e-08,8,33.2588996887207,15.0561943054199,34.705005645752,36.5081253051758,226.688980102539,0,0,0.37582297277736,9.03732627804966,11.0767230257557,56.0707847486107,31.1854791503103,intermitent (69%),intermitent (100%),intermitent,,,experiment_2_sample_33.npy
748,"2026-04-14T13:37:37,997",experiment,2,3600,3600.88,9.76608e-08,8,31.8678226470947,16.9805717468262,29.7471466064453,36.1095275878906,288.33984375,0,0,0.762759246367362,11.3577521037551,16.4278508790172,55.9694146081175,32.880643475336,intermitent (83%),intermitent (100%),intermitent,,,experiment_2_sample_34.npy
749,"2026-04-14T13:37:43,084",experiment,2,3800,3800.88,1.02722e-07,8,43.0923156738281,15.3961124420166,44.6207237243652,45.7601127624512,237.040283203125,0,0,0.647879436737851,17.1842205606749,15.0704773076466,55.7253966638033,31.290090703179,intermitent (68%),intermitent (100%),intermitent,,,experiment_2_sample_35.npy
750,"2026-04-14T13:37:48,137",experiment,2,4000,4001.09,1.24716e-07,8,17.8035678863525,15.4764947891235,19.8314323425293,23.5900173187256,239.521881103516,0,0,0.632840948424006,12.1507949090109,15.8141200920151,60.2325387066155,31.9147491769206,intermitent (67%),intermitent (99%),intermitent,,,experiment_2_sample_36.npy
751,"2026-04-14T13:37:53,176",experiment,2,4200,4200.96,6.71145e-08,8,50.9535903930664,17.7848968505859,49.5785827636719,53.9682388305664,316.302551269531,0,0,0.75468563027249,10.2120660427149,11.2354362191522,56.4330722688389,31.2555106036506,intermitent (80%),intermitent (100%),intermitent,,,experiment_2_sample_37.npy
752,"2026-04-14T13:37:58,219",experiment,2,4400,4401.02,1.06213e-07,8,46.0948905944824,17.7744903564453,44.6207237243652,49.4031524658203,315.932525634766,0,0,0.924665610407377,9.4801512797116,13.2971858096538,53.1852895580119,30.9981839672906,intermitent (72%),intermitent (100%),intermitent,,,experiment_2_sample_38.npy
753,"2026-04-14T13:38:03,278",experiment,2,4600,4600.89,1.79437e-07,8,0.494100153446198,15.4515428543091,0,15.4594402313232,238.750183105469,0,0,0.425045351075085,12.9551499914789,15.1752106754923,60.2969164314453,32.6500287120197,intermitent (38%),cone_jet (42%),intermitent,,,experiment_2_sample_39.npy
754,"2026-04-14T13:38:08,322",experiment,2,4800,4800.8,1.52818e-07,8,-1.67803657054901,15.2821617126465,0,15.3740129470825,233.544479370117,0,0,0.652601120864312,9.15501780683054,13.0645542702466,58.2039016199169,32.904173112564,intermitent (34%),cone_jet (87%),intermitent,,,experiment_2_sample_40.npy
755,"2026-04-14T13:38:13,355",experiment,2,5000,5001.05,2.57985e-07,8,46.3675804138184,15.2315826416016,44.6207237243652,48.8052558898926,232.001113891602,0,0,0.626839808227124,10.1542775177423,15.1217284451265,57.6527049142618,31.7499471249082,cone_jet (50%),cone_jet (58%),intermitent,,,experiment_2_sample_41.npy
756,"2026-04-14T13:38:18,384",experiment,2,5200,5200.99,2.51352e-07,8,57.8259735107422,15.1052417755127,59.4942932128906,59.7663116455078,228.168334960938,0,0,0.415945236243629,6.85202186772045,12.2873745636783,56.7945684342837,32.0842763966147,cone_jet (41%),multi_jet (45%),cone_jet,,,experiment_2_sample_42.npy
757,"2026-04-14T13:38:23,420",experiment,2,5400,5400.83,3.38016e-07,8,86.6698989868164,15.2462720870972,89.2414474487305,88.0006866455078,232.448806762695,0,0,0.613133350996753,11.4830445708886,14.9039551735904,56.6606430458549,31.6731387138811,cone_jet (41%),cone_jet (66%),cone_jet,,,experiment_2_sample_43.npy
758,"2026-04-14T13:38:28,475",experiment,2,5600,5600.8,3.5006e-07,8,102.983337402344,14.9552507400513,104.115013122559,104.063575744629,223.659515380859,0,0,0.655167842495151,7.05080967385553,11.2662207889468,53.9244078890902,31.2716170492301,multi_jet (43%),multi_jet (85%),undefined,,,experiment_2_sample_44.npy
759,"2026-04-14T13:38:33,531",experiment,2,5800,5800.81,3.41856e-07,8,140.991271972656,14.956823348999,138.820022583008,141.782379150391,223.706573486328,0,0,0.690206353901689,8.35462422456507,11.9403217841184,56.9703160264922,30.440582456532,multi_jet (61%),multi_jet (65%),undefined,,,experiment_2_sample_45.npy
760,"2026-04-14T13:38:38,587",experiment,2,6000,6001.03,3.83137e-07,8,151.940994262695,15.1718702316284,153.693603515625,152.696594238281,230.185653686523,0,0,0.782449373283828,9.03612927774935,12.5550631739186,57.2034906673232,32.8169940485961,multi_jet (75%),multi_jet (94%),multi_jet,,,experiment_2_sample_46.npy
761,"2026-04-14T13:38:43,671",experiment,2,6200,6200.95,4.32361e-07,8,120.879623413086,15.7446928024292,118.988586425781,121.900688171387,247.89533996582,0,0,0.593204694504341,12.728950531828,13.7027772880851,57.7246586847246,33.3141800824904,multi_jet (53%),multi_jet (84%),multi_jet,,,experiment_2_sample_47.npy
762,"2026-04-14T13:38:48,652",experiment,2,6400,6400.85,4.69627e-07,8,134.375595092773,15.2314538955688,133.862167358398,135.236083984375,231.997192382813,0,0,0.620184746864619,9.44854957622306,12.2878886818135,52.6008985013751,32.6948557294658,multi_jet (53%),multi_jet (87%),multi_jet,,,experiment_2_sample_48.npy
763,"2026-04-14T13:38:53,687",experiment,2,6600,6600.75,4.46936e-07,8,139.590881347656,15.3446369171143,138.820022583008,140.431732177734,235.457885742188,0,0,0.742241049863489,12.7425626025602,14.4548935245134,58.1919002422098,32.0904917278968,multi_jet (63%),multi_jet (74%),multi_jet,,,experiment_2_sample_49.npy
764,"2026-04-14T13:38:58,748",experiment,2,6800,6800.66,5.96525e-07,8,301.550933837891,17.5151462554932,302.429351806641,302.059143066406,306.780334472656,0,0,1.4489463151318,7.09170918843354,12.2071107188282,57.5664108054009,31.9998262461423,multi_jet (99%),multi_jet (100%),multi_jet,,,experiment_2_sample_50.npy
765,"2026-04-14T13:39:03,788",experiment,2,7000,7000.99,6.91742e-07,8,486.867614746094,17.4664821624756,485.870086669922,487.180816650391,305.078002929688,0,0,1.4350623935848,9.14063203952696,12.2469207567277,56.344059918628,31.3728032058138,multi_jet (99%),multi_jet (100%),multi_jet,,,experiment_2_sample_51.npy
766,"2026-04-14T13:39:08,839",experiment,2,7200,7200.93,9.18221e-07,8,487.405853271484,16.2968826293945,485.870086669922,487.678192138672,265.588409423828,0,0,1.33078109275175,9.97966290288997,13.5610879162756,58.5517250570756,31.6722732211253,multi_jet (100%),multi_jet (100%),multi_jet,,,experiment_2_sample_52.npy
767,"2026-04-14T13:39:13,904",experiment,2,7400,7400.81,1.01352e-06,8,595.498168945313,16.4484786987305,594.942993164063,595.725280761719,270.552459716797,0,0,0.964728247554632,9.78751178847267,11.9478120745808,55.314327536369,32.4201077846471,multi_jet (99%),multi_jet (100%),multi_jet,,,experiment_2_sample_53.npy
768,"2026-04-14T13:39:18,948",experiment,2,7600,7600.71,1.22028e-06,8,899.795837402344,17.2099990844727,897.372314453125,899.96044921875,296.184051513672,0,0,1.16737255007307,12.7299406289378,13.3113885414087,57.4885680070395,31.4329146149176,multi_jet (100%),multi_jet (100%),multi_jet,,,experiment_2_sample_54.npy
769,"2026-04-14T13:39:24,005",experiment,2,7800,7800.63,1.36559e-06,8,1142.30383300781,16.9590930938721,1140.30725097656,1142.4296875,287.61083984375,0,0,1.03435688362897,16.6453580166155,14.1588998504272,55.0171729033266,32.1567551952415,multi_jet (100%),multi_jet (100%),multi_jet,,,experiment_2_sample_55.npy
770,"2026-04-14T13:39:29,068",experiment,2,8000,8000.78,1.62139e-06,8,1282.8486328125,15.4665937423706,1284.08532714844,1282.94189453125,239.215515136719,0,0,0.884464537889653,8.71755259263904,13.4031343084419,55.915247898695,32.2681071814559,multi_jet (99%),multi_jet (100%),multi_jet,,,experiment_2_sample_56.npy
771,"2026-04-14T13:39:34,122",experiment,2,8200,8200.79,1.99999e-06,8,1286.99133300781,15.6276988983154,1289.04309082031,1287.08630371094,244.224960327148,0,0,0.930408359566316,8.68632911435892,11.7562403836694,53.9535906432499,33.4057957566065,multi_jet (99%),multi_jet (100%),multi_jet,,,experiment_2_sample_57.npy
772,"2026-04-14T13:39:39,155",experiment,2,8400,8400.73,2.42057e-06,8,1946.86779785156,16.8042316436768,1948.43811035156,1946.94030761719,282.382171630859,0,0,1.31733692386243,9.86787315364177,12.4217354498206,58.303275688623,32.7861815401745,multi_jet (100%),multi_jet (100%),multi_jet,,,experiment_2_sample_58.npy
773,"2026-04-14T13:39:44,204",experiment,2,8600,8600.57,2.56588e-06,8,2047.13732910156,15.2817630767822,2047.59521484375,2047.19445800781,233.532287597656,0,0,0.782563674343504,9.11587348949395,12.534879431096,56.5460592590838,32.2748345444779,multi_jet (98%),multi_jet (100%),multi_jet,,,experiment_2_sample_59.npy
774,"2026-04-14T13:39:49,230",experiment,2,8800,8800.5,2.96491e-06,8,2357.54516601563,16.0797729492188,2359.9404296875,2357.59985351563,258.55908203125,0,0,1.1082531845459,10.7299990406418,13.3647710886991,56.607504113576,31.880880462039,multi_jet (100%),multi_jet (100%),multi_jet,,,experiment_2_sample_60.npy
775,"2026-04-14T13:39:54,255",experiment,2,9000,9000.71,2.98533e-06,8,2680.6826171875,17.9911518096924,2682.201171875,2680.74291992188,323.681549072266,0,0,1.13047578867602,13.2283677396912,14.2017217954214,54.3907667545476,32.0041207190796,multi_jet (100%),multi_jet (100%),multi_jet,,,experiment_2_sample_61.npy
776,"2026-04-14T13:40:16,413",experiment,2,3000,3001.21,-4.18878e-08,9,5.4601879119873,15.5102014541626,4.95785808563232,16.4432353973389,240.566345214844,0,0,0.465127106819917,11.1997718817189,15.3594546568003,62.2689523775284,31.9962521689613,dripping (79%),dripping (100%),dripping,,,experiment_2_sample_62.npy
777,"2026-04-14T13:40:21,467",experiment,2,3200,3201.12,-1.80641e-08,9,33.526424407959,15.2867813110352,34.705005645752,36.8470764160156,233.685684204102,0,0,0.521364714426547,11.7186235622003,15.1464294979496,57.6947603076227,31.849041240706,intermitent (72%),intermitent (99%),dripping,,,experiment_2_sample_63.npy
778,"2026-04-14T13:40:26,508",experiment,2,3400,3401.01,2.94989e-08,9,39.0162582397461,15.363450050354,39.6628646850586,41.9321365356445,236.035598754883,0,0,0.389037544115596,13.188822472925,15.7042302167635,55.5024054865839,31.1489451201093,intermitent (74%),intermitent (99%),intermitent,,,experiment_2_sample_64.npy
779,"2026-04-14T13:40:31,551",experiment,2,3600,3600.91,6.66782e-08,9,61.9418907165527,18.2696361541748,64.4521560668945,64.5800094604492,333.779632568359,0,0,0.714468625044066,8.25332045140498,14.5147941445532,59.183116467723,32.3280556060138,intermitent (81%),intermitent (100%),intermitent,,,experiment_2_sample_65.npy
780,"2026-04-14T13:40:36,579",experiment,2,3800,3800.87,3.15936e-08,9,10.5545854568481,15.2884578704834,9.91571617126465,18.5778427124023,233.736953735352,0,0,0.719969620531212,10.970479244787,14.9273606211729,61.6718183077096,32.3357534287811,dripping (66%),dripping (75%),intermitent,,,experiment_2_sample_66.npy
781,"2026-04-14T13:40:41,630",experiment,2,4000,4001.06,1.58317e-07,9,56.9313812255859,15.3085241317749,59.4942932128906,58.9536552429199,234.350921630859,0,0,0.601778598572078,12.1120097283032,14.5049785654335,57.8493208224917,32.9119478260353,intermitent (60%),intermitent (99%),undefined,,,experiment_2_sample_67.npy
782,"2026-04-14T13:40:46,682",experiment,2,4200,4200.97,1.67306e-07,9,74.0256805419922,17.0081100463867,74.3678741455078,75.9544448852539,289.275787353516,0,0,0.676199758192304,10.0113370687263,13.115459960199,57.028043444701,31.2390050949821,intermitent (74%),intermitent (100%),undefined,,,experiment_2_sample_68.npy
783,"2026-04-14T13:40:51,731",experiment,2,4400,4401.04,2.22289e-07,9,101.600196838379,15.4574098587036,99.1571655273438,102.769309997559,238.931518554688,0,0,0.784181939321491,12.3963324232338,14.5710963238224,56.8334868094399,32.2640769382917,intermitent (52%),intermitent (98%),undefined,,,experiment_2_sample_69.npy
784,"2026-04-14T13:40:56,767",experiment,2,4600,4600.9,2.31279e-07,9,61.5144233703613,15.211817741394,59.4942932128906,63.367374420166,231.399398803711,0,0,0.753966945010761,11.139494131528,14.9449418263809,55.8627270676793,31.4072923734101,intermitent (40%),intermitent (82%),cone_jet,,,experiment_2_sample_70.npy
785,"2026-04-14T13:41:01,817",experiment,2,4800,4800.82,2.28486e-07,9,75.7487335205078,15.0253257751465,74.3678741455078,77.2245483398438,225.760406494141,0,0,0.681852140977911,7.50121432473828,13.0320694978188,55.8101154032627,31.3394288878306,intermitent (36%),intermitent (76%),cone_jet,,,experiment_2_sample_71.npy
786,"2026-04-14T13:41:06,887",experiment,2,5000,5001.06,2.60079e-07,9,99.8558197021484,15.2392492294312,99.1571655273438,101.011978149414,232.234725952148,0,0,0.715949680639054,9.54565230650147,14.599045964099,56.9308367065877,31.8330404035309,intermitent (38%),intermitent (87%),cone_jet,,,experiment_2_sample_72.npy
787,"2026-04-14T13:41:11,935",experiment,2,5200,5201.01,2.97171e-07,9,91.498161315918,15.534631729126,89.2414474487305,92.8075332641602,241.324783325195,0,0,0.526383054970685,11.4033489922426,15.3063359251473,60.0359088634063,31.8401920415472,cone_jet (47%),intermitent (89%),cone_jet,,,experiment_2_sample_73.npy
788,"2026-04-14T13:41:16,996",experiment,2,5400,5400.86,3.00575e-07,9,55.8830909729004,15.1335411071777,54.5364379882813,57.8959770202637,229.024078369141,0,0,0.501517890880291,12.2511056803241,11.4798186046015,55.2514686296525,31.9999037134962,cone_jet (45%),cone_jet (40%),cone_jet,,,experiment_2_sample_74.npy
789,"2026-04-14T13:41:22,071",experiment,2,5600,5600.8,3.34787e-07,9,113.736640930176,15.6651058197021,114.030731201172,114.810348510742,245.395553588867,0,0,0.614904281212833,18.7154391498355,16.1660950373342,61.0045612399966,32.4897544456189,cone_jet (54%),cone_jet (86%),multi_jet,,,experiment_2_sample_75.npy
790,"2026-04-14T13:41:27,144",experiment,2,5800,5800.81,3.89247e-07,9,120.212387084961,15.3509817123413,118.988586425781,121.188575744629,235.652633666992,0,0,0.63180384314817,12.9515515346964,15.1391888272412,58.9922151824113,32.1145514395971,cone_jet (44%),cone_jet (42%),multi_jet,,,experiment_2_sample_76.npy
791,"2026-04-14T13:41:32,189",experiment,2,6000,6000.99,4.17262e-07,9,158.315902709961,15.0527143478394,158.651458740234,159.029907226563,226.584197998047,0,0,0.596333674380372,11.6547085642908,14.4272420260033,53.3530387900419,30.4567853691966,multi_jet (82%),multi_jet (99%),multi_jet,,,experiment_2_sample_77.npy
792,"2026-04-14T13:41:37,267",experiment,2,6200,6200.96,4.62296e-07,9,126.803359985352,15.4166812896729,128.904312133789,127.737106323242,237.674057006836,0,0,0.647373401159288,14.0475922467582,13.71205023023,56.132297060525,31.565896472072,cone_jet (43%),cone_jet (64%),multi_jet,,,experiment_2_sample_78.npy
793,"2026-04-14T13:41:42,309",experiment,2,6400,6400.86,3.90294e-07,9,169.181259155273,15.6506948471069,168.567169189453,169.903625488281,244.944244384766,0,0,0.786638235865911,8.75076623559004,11.9055191849668,57.0653986316753,31.257920583781,multi_jet (89%),multi_jet (100%),multi_jet,,,experiment_2_sample_79.npy
794,"2026-04-14T13:41:47,356",experiment,2,6600,6600.76,4.55838e-07,9,219.408721923828,15.5542831420898,218.145751953125,219.959365844727,241.93571472168,0,0,0.799991255514665,13.935846612826,12.3488149047055,53.480243782948,31.2378108650125,multi_jet (98%),multi_jet (100%),multi_jet,,,experiment_2_sample_80.npy
795,"2026-04-14T13:41:52,405",experiment,2,6800,6800.69,5.21381e-07,9,127.824981689453,15.2700643539429,128.904312133789,128.733840942383,233.174865722656,0,0,0.653697872801778,10.5272671748321,14.2222518538621,54.378118341215,32.7412320668155,multi_jet (67%),multi_jet (99%),multi_jet,,,experiment_2_sample_81.npy
796,"2026-04-14T13:41:57,438",experiment,2,7000,7001,6.7036e-07,9,189.252365112305,16.6933250427246,188.39860534668,189.987167358398,278.667114257813,0,0,1.34156347318063,12.3691087212597,13.9520404455914,55.6853407825362,32.7977905578521,multi_jet (99%),multi_jet (100%),multi_jet,,,experiment_2_sample_82.npy
797,"2026-04-14T13:42:02,489",experiment,2,7200,7200.97,8.57041e-07,9,577.995178222656,17.3811988830566,580.0693359375,578.256469726563,302.106048583984,0,0,1.87155244378349,11.8043471005464,13.5511612569625,58.8582652752554,32.1180448266838,multi_jet (100%),multi_jet (100%),multi_jet,,,experiment_2_sample_83.npy
798,"2026-04-14T13:42:07,533",experiment,2,7400,7400.83,1.07409e-06,9,740.794372558594,15.4113235473633,738.720825195313,740.954711914063,237.508895874023,0,0,0.709508614000581,10.5164505767678,13.6865167362506,56.729643182967,32.7401787372378,multi_jet (98%),multi_jet (100%),multi_jet,,,experiment_2_sample_84.npy
799,"2026-04-14T13:42:12,589",experiment,2,7600,7600.73,1.26959e-06,9,1012.82751464844,15.8931665420532,1011.40307617188,1012.95227050781,252.592742919922,0,0,0.990030883258196,18.2478397187265,17.1677988700756,58.9092534176628,31.501428064797,multi_jet (100%),multi_jet (100%),multi_jet,,,experiment_2_sample_85.npy
800,"2026-04-14T13:42:17,647",experiment,2,7800,7800.65,1.61031e-06,9,1101.0302734375,16.5633926391602,1100.64440917969,1101.15478515625,274.345977783203,0,0,1.95177475958659,11.7004530814949,13.75435173153,57.3538531041266,31.8397303451796,multi_jet (100%),multi_jet (100%),multi_jet,,,experiment_2_sample_86.npy
801,"2026-04-14T13:42:22,698",experiment,2,8000,8000.76,1.80956e-06,9,1279.01904296875,16.6933937072754,1279.12731933594,1279.1279296875,278.669403076172,0,0,0.825361912625118,10.5599425691688,14.7015979617894,58.1527404523413,32.3146266565131,multi_jet (100%),multi_jet (100%),multi_jet,,,experiment_2_sample_87.npy
802,"2026-04-14T13:42:27,770",experiment,2,8200,8200.81,2.12165e-06,9,1529.31396484375,21.2462005615234,1527.02026367188,1529.46154785156,451.401031494141,0,0,0.984639632028942,12.6678617337039,14.6995957415586,58.5788720344135,33.2683996009821,multi_jet (100%),multi_jet (100%),multi_jet,,,experiment_2_sample_88.npy
803,"2026-04-14T13:42:32,873",experiment,2,8400,8400.75,2.43366e-06,9,1828.53857421875,16.6411018371582,1829.44970703125,1828.6142578125,276.926300048828,0,0,0.695535792663453,13.1399093213404,15.5444130960163,57.8261555282213,31.2586342175753,multi_jet (100%),multi_jet (100%),multi_jet,,,experiment_2_sample_89.npy
804,"2026-04-14T13:42:37,902",experiment,2,8600,8600.59,2.70212e-06,9,2439.12255859375,17.1978874206543,2439.26611328125,2439.18334960938,295.767303466797,0,0,0.997937219321077,8.45739817772223,10.6797868803144,54.9151825223876,32.1527746207852,multi_jet (99%),multi_jet (100%),multi_jet,,,experiment_2_sample_90.npy
805,"2026-04-14T13:42:42,976",experiment,2,8800,8800.52,3.25457e-06,9,2617.81665039063,27.7934150695801,2622.70678710938,2617.96411132813,772.473937988281,0,0,1.8960617227898,12.0521582038043,16.3556521548654,58.1946761170441,32.702632827676,multi_jet (100%),multi_jet (100%),multi_jet,,,experiment_2_sample_91.npy
806,"2026-04-14T13:42:48,005",experiment,2,9000,9000.72,4.07985e-06,9,3178.27270507813,15.3389196395874,3177.98706054688,3178.3095703125,235.282455444336,0,0,0.640172281472712,6.86670552412242,13.3156610047151,58.808826910518,33.6342154485197,multi_jet (94%),multi_jet (100%),multi_jet,,,experiment_2_sample_92.npy
807,"2026-04-14T13:51:57,567",experiment,3,3000,3001.07,-5.6025e-08,10,-5.76390647888184,15.6990146636963,-4.95785808563232,16.7236862182617,246.459075927734,0,0,0.421631102374634,9.63021998290524,17.4325836695117,67.5518351136373,33.7523032124412,dripping (76%),dripping (100%),dripping,,,experiment_3_sample_0.npy
808,"2026-04-14T13:52:03,112",experiment,3,3200,3201.08,"-4,95E-05",10,30.60178565979,15.3943090438843,29.7471466064453,34.2557144165039,236.984756469727,0,0,0.693846641074395,10.3103771678319,13.4842692953423,63.3219246119067,32.7073915673715,intermitent (72%),intermitent (99%),dripping,,,experiment_3_sample_1.npy
809,"2026-04-14T13:52:08,168",experiment,3,3400,3400.95,3.8401e-08,10,35.6657409667969,15.3260135650635,34.705005645752,38.8192176818848,234.886703491211,0,0,0.375657979253348,12.7491691106433,15.3340914297678,62.3072899230829,31.8035343366909,intermitent (76%),intermitent (100%),intermitent,,,experiment_3_sample_2.npy
810,"2026-04-14T13:52:13,202",experiment,3,3600,3600.88,"3,49E-07",10,37.304313659668,15.7262525558472,39.6628646850586,40.4836616516113,247.315017700195,0,0,0.402268814549935,16.5493346296154,15.5441740486547,62.2509088030179,32.2057083643661,intermitent (79%),intermitent (100%),intermitent,,,experiment_3_sample_3.npy
811,"2026-04-14T13:52:18,254",experiment,3,3800,3800.86,5.84743e-08,10,7.26881504058838,15.9623422622681,4.95785808563232,17.5394401550293,254.796356201172,0,0,0.734789469150796,20.1080594601679,15.6948551509882,66.6607192442181,33.9207726161232,dripping (77%),dripping (90%),intermitent,,,experiment_3_sample_4.npy
812,"2026-04-14T13:52:23,292",experiment,3,4000,4001.06,7.56675e-08,10,8.78324222564697,16.8081512451172,9.91571617126465,18.9646854400635,282.513946533203,0,0,0.626258368663184,7.76502823176315,12.1337582072303,61.3837885110597,33.5718738288502,intermitent (44%),intermitent (93%),intermitent,,,experiment_3_sample_5.npy
813,"2026-04-14T13:52:28,323",experiment,3,4200,4200.93,7.01692e-08,10,21.247594833374,15.7549848556519,19.8314323425293,26.4514617919922,248.21955871582,0,0,0.413126260869194,20.075249266112,16.3042455377896,64.3559638706969,32.4237547640898,intermitent (75%),intermitent (99%),intermitent,,,experiment_3_sample_6.npy
814,"2026-04-14T13:52:33,359",experiment,3,4400,4400.99,8.72751e-08,10,36.0333137512207,15.6206197738647,34.705005645752,39.2734451293945,244.003753662109,0,0,0.424899824245336,12.2219267751702,13.0237617023269,66.6541641555651,32.4035541653754,intermitent (49%),intermitent (91%),intermitent,,,experiment_3_sample_7.npy
815,"2026-04-14T13:52:38,398",experiment,3,4600,4600.89,1.59538e-07,10,93.0261764526367,18.1878604888916,94.1993026733398,94.787483215332,330.798248291016,0,0,0.957824350264167,11.9391183719235,12.9108300096884,63.8665917858635,33.8560745129984,intermitent (64%),intermitent (100%),intermitent,,,experiment_3_sample_8.npy
816,"2026-04-14T13:52:43,474",experiment,3,4800,4800.8,1.77343e-07,10,-8.66683101654053,15.9599962234497,-9.91571617126465,18.1613731384277,254.721481323242,0,0,0.616735849741616,13.3077504543522,17.7451316723316,67.9801376354836,34.0650309614628,dripping (54%),dripping (66%),intermitent,,,experiment_3_sample_9.npy
817,"2026-04-14T13:52:48,510",experiment,3,5000,5001.03,1.74375e-07,10,89.0423431396484,15.4434413909912,89.2414474487305,90.3716659545898,238.499893188477,0,0,0.626387127705737,10.1458066494519,14.4337648481817,63.8588983089152,32.2011300341166,intermitent (35%),intermitent (84%),cone_jet,,,experiment_3_sample_10.npy
818,"2026-04-14T13:52:53,554",experiment,3,5200,5200.99,1.85023e-07,10,49.3813591003418,15.608512878418,49.5785827636719,51.789421081543,243.625686645508,0,0,0.657615867449381,13.27741524542,15.2719504250698,65.6205627801566,33.6931288438123,cone_jet (42%),intermitent (80%),undefined,,,experiment_3_sample_11.npy
819,"2026-04-14T13:52:58,644",experiment,3,5400,5400.85,1.80659e-07,10,89.1039123535156,16.4230785369873,89.2414474487305,90.6047744750977,269.717529296875,0,0,0.60556239465737,16.6484589514928,16.2252681507516,60.3559490512452,33.0688616257488,intermitent (44%),intermitent (92%),multi_jet,,,experiment_3_sample_12.npy
820,"2026-04-14T13:53:03,688",experiment,3,5600,5600.78,2.38697e-07,10,51.5383186340332,15.6884937286377,49.5785827636719,53.8732566833496,246.128845214844,0,0,0.561159348801492,14.4938984982808,13.3837290772311,65.2012288669742,33.4787190712038,cone_jet (43%),multi_jet (54%),multi_jet,,,experiment_3_sample_13.npy
821,"2026-04-14T13:53:08,800",experiment,3,5800,5800.78,2.27788e-07,10,91.4942016601563,15.5781536102295,89.2414474487305,92.8109130859375,242.678863525391,0,0,0.764251955629534,13.4057567565449,12.6247547471925,66.6656814512693,33.0364593680063,cone_jet (42%),cone_jet (70%),multi_jet,,,experiment_3_sample_14.npy
822,"2026-04-14T13:53:13,859",experiment,3,6000,6000.98,2.95513e-07,10,98.2329177856445,15.5674114227295,99.1571655273438,99.4587860107422,242.344284057617,0,0,0.639930060618488,12.6215614472168,13.2840006199608,63.9715200429184,33.305719053597,cone_jet (43%),cone_jet (67%),multi_jet,,,experiment_3_sample_15.npy
823,"2026-04-14T13:53:18,912",experiment,3,6200,6200.91,2.95513e-07,10,78.2736663818359,15.6110754013062,79.3257293701172,79.8152465820313,243.705673217773,0,0,0.532628373469006,13.652225892469,14.5376815084243,64.3556798167388,32.6539777389556,cone_jet (58%),cone_jet (53%),multi_jet,,,experiment_3_sample_16.npy
824,"2026-04-14T13:53:23,947",experiment,3,6400,6400.86,3.18641e-07,10,78.1380233764648,15.4560308456421,79.3257293701172,79.6519927978516,238.888885498047,0,0,0.52813704418165,9.93911996312899,13.4456529887029,61.7791731006642,33.7585670979894,cone_jet (47%),cone_jet (68%),multi_jet,,,experiment_3_sample_17.npy
825,"2026-04-14T13:53:28,993",experiment,3,6600,6600.73,5.54022e-07,10,309.241729736328,16.847541809082,307.38720703125,309.700317382813,283.839691162109,0,0,1.93909690324966,12.6646022173864,13.4425995461616,63.8755744882135,32.0912676435429,multi_jet (97%),multi_jet (100%),multi_jet,,,experiment_3_sample_18.npy
826,"2026-04-14T13:53:34,020",experiment,3,6800,6800.65,7.35467e-07,10,463.007446289063,15.8076162338257,461.080780029297,463.277191162109,249.880722045898,0,0,0.959587006279665,17.4349984645788,14.6825922179704,63.9446822055411,32.7351183762149,multi_jet (99%),multi_jet (100%),multi_jet,,,experiment_3_sample_19.npy
827,"2026-04-14T13:53:39,042",experiment,3,7000,7000.97,9.46498e-07,10,541.4423828125,17.7531604766846,540.406555175781,541.7333984375,315.174682617188,0,0,2.04800466360707,11.9307984494563,13.0654062129962,66.0549258324217,33.315716081136,multi_jet (100%),multi_jet (100%),multi_jet,,,experiment_3_sample_20.npy
828,"2026-04-14T13:53:44,076",experiment,3,7200,7200.91,1.00575e-06,10,744.098266601563,15.5846977233887,743.6787109375,744.261413574219,242.8828125,0,0,1.26980646341472,8.78716204888063,11.4453412509389,60.8173629203078,32.7087873040393,multi_jet (99%),multi_jet (100%),multi_jet,,,experiment_3_sample_21.npy
829,"2026-04-14T13:53:49,120",experiment,3,7400,7400.8,1.27823e-06,10,940.913757324219,26.517707824707,941.992980957031,941.287414550781,703.188781738281,0,0,2.9363734729386,11.4713349079577,13.4129438680681,61.9752030362912,32.9033762266302,multi_jet (100%),multi_jet (100%),multi_jet,,,experiment_3_sample_22.npy
830,"2026-04-14T13:53:54,193",experiment,3,7600,7600.71,1.59922e-06,10,1330.0400390625,15.8452262878418,1328.70593261719,1330.13439941406,251.071197509766,0,0,1.21498908519127,10.8592164894405,14.7956043457224,63.1875802450694,33.6794136479172,multi_jet (100%),multi_jet (100%),multi_jet,,,experiment_3_sample_23.npy
831,"2026-04-14T13:53:59,258",experiment,3,7800,7800.62,1.81794e-06,10,1771.82604980469,17.346227645874,1769.95532226563,1771.91101074219,300.891632080078,0,0,1.25912092654184,14.6936871235969,13.6012879923628,66.094630085597,33.0460618700081,multi_jet (100%),multi_jet (100%),multi_jet,,,experiment_3_sample_24.npy
832,"2026-04-14T13:54:04,307",experiment,3,8000,8000.75,2.30589e-06,10,2001.76379394531,19.5935668945313,2002.97473144531,2001.85961914063,383.907836914063,0,0,1.14149098748461,11.3834197868146,13.7139595129631,65.9599012012094,33.2452384184179,multi_jet (100%),multi_jet (100%),multi_jet,,,experiment_3_sample_25.npy
833,"2026-04-14T13:54:09,359",experiment,3,8200,8200.78,2.73171e-06,10,2190.77954101563,20.2888641357422,2191.37329101563,2190.87353515625,411.638031005859,0,0,1.62687874963442,9.86480685434534,15.2394844729092,63.1848578793588,33.0984030042715,multi_jet (100%),multi_jet (100%),multi_jet,,,experiment_3_sample_26.npy
834,"2026-04-14T13:54:14,389",experiment,3,8400,8400.71,3.5095e-06,10,3205.03002929688,17.9153747558594,3202.77612304688,3205.080078125,320.960632324219,0,0,0.844454980009098,12.9431713486316,14.6948080548423,64.7145584377392,32.8709250112986,multi_jet (100%),multi_jet (100%),multi_jet,,,experiment_3_sample_27.npy
835,"2026-04-14T13:54:19,405",experiment,3,8600,8600.54,3.72516e-06,10,3400.66040039063,16.8041591644287,3401.09057617188,3400.7021484375,282.379760742188,0,0,0.740052032174296,9.75390466921092,13.5211764675936,63.2038872574862,33.0088887994933,multi_jet (99%),multi_jet (100%),multi_jet,,,experiment_3_sample_28.npy
836,"2026-04-14T13:54:24,440",experiment,3,8800,8800.46,4.02294e-06,10,3742.72534179688,18.1674728393555,3743.18286132813,3742.76953125,330.057037353516,0,0,2.8021707702382,10.1007054130642,12.337966967892,66.3564388371448,35.0544899344258,multi_jet (100%),multi_jet (100%),multi_jet,,,experiment_3_sample_29.npy
837,"2026-04-14T13:54:29,457",experiment,3,9000,9000.68,5.16241e-06,10,4875.1982421875,17.8880290985107,4873.57421875,4875.23095703125,319.981567382813,0,0,1.87845160427323,13.8551900732695,14.3037178111849,65.8724823123049,33.640640291642,multi_jet (100%),multi_jet (100%),multi_jet,,,experiment_3_sample_30.npy
838,"2026-04-14T13:54:51,613",experiment,3,3000,3001.19,-4.80837e-08,11,19.1145267486572,15.4414253234863,19.8314323425293,24.5723972320557,238.437606811523,0,0,0.550802448165597,11.0801919826655,14.6162381027994,63.8518889264275,32.3727723877787,intermitent (74%),intermitent (95%),dripping,,,experiment_3_sample_31.npy
839,"2026-04-14T13:54:56,637",experiment,3,3200,3201.11,-3.83099e-08,11,-14.2454137802124,15.7868404388428,-14.8735733032227,21.2639636993408,249.224319458008,0,0,0.737025581431302,15.6251002750255,14.4766020313537,67.042328368776,32.5011085499473,dripping (59%),dripping (99%),dripping,,,experiment_3_sample_32.npy
840,"2026-04-14T13:55:01,734",experiment,3,3400,3400.97,-1.30899e-08,11,32.1751098632813,15.2973299026489,29.7471466064453,35.6264801025391,234.00830078125,0,0,0.839492312390163,8.08646702463846,13.8096776898459,64.7517508662835,32.120174051905,intermitent (71%),intermitent (100%),intermitent,,,experiment_3_sample_33.npy
841,"2026-04-14T13:55:06,791",experiment,3,3600,3600.86,3.51718e-08,11,24.0016841888428,15.8093214035034,24.7892913818359,28.7404861450195,249.934646606445,0,0,0.555866728775552,15.8085011075497,16.2550886695461,66.6389482036278,32.7296835091293,intermitent (78%),intermitent (99%),intermitent,,,experiment_3_sample_34.npy
842,"2026-04-14T13:55:11,903",experiment,3,3800,3800.83,1.00104e-07,11,82.2953872680664,15.6716022491455,84.2835845947266,83.7742767333984,245.59912109375,0,0,0.479097187463914,14.3019545646714,15.0361234090293,65.8848713401444,32.456920162654,intermitent (61%),intermitent (100%),intermitent,,,experiment_3_sample_35.npy
843,"2026-04-14T13:55:16,936",experiment,3,4000,4001.05,9.06788e-08,11,17.1910743713379,17.4285316467285,14.8735733032227,24.4803333282471,303.753723144531,0,0,0.695354783310088,7.78736715717483,14.286161271927,61.1551280620424,32.1503387645972,intermitent (69%),intermitent (100%),intermitent,,,experiment_3_sample_36.npy
844,"2026-04-14T13:55:21,985",experiment,3,4200,4200.92,8.37841e-08,11,-6.98839855194092,15.6530656814575,-4.95785808563232,17.1422348022461,245.018478393555,0,0,0.522184139553041,14.2689763118152,13.0426816269537,63.8082576412315,33.9866361104373,dripping (47%),intermitent (92%),intermitent,,,experiment_3_sample_37.npy
845,"2026-04-14T13:55:27,035",experiment,3,4400,4401,1.47844e-07,11,-1.14169549942017,15.6135940551758,0,15.6552801132202,243.784317016602,0,0,0.420258318609375,10.2027525577935,14.015292948361,65.4067569902377,33.6494613845451,dripping (35%),dripping (41%),intermitent,,,experiment_3_sample_38.npy
846,"2026-04-14T13:55:32,121",experiment,3,4600,4600.86,1.25763e-07,11,-5.91769933700562,15.6925086975098,-4.95785808563232,16.7712249755859,246.254837036133,0,0,0.587284578887138,9.90258636209354,13.0291750824138,64.7020464271554,34.3106191262501,dripping (42%),intermitent (59%),intermitent,,,experiment_3_sample_39.npy
847,"2026-04-14T13:55:37,170",experiment,3,4800,4800.74,1.12584e-07,11,2.62548351287842,15.6281929016113,4.95785808563232,15.8471937179565,244.24040222168,0,0,0.405583627398711,12.4964631100855,14.4360732486664,64.2182477303297,32.9210956466224,dripping (43%),cone_jet (57%),intermitent,,,experiment_3_sample_40.npy
848,"2026-04-14T13:55:42,251",experiment,3,5000,5001,1.24628e-07,11,71.9816513061523,15.7836360931396,69.4100112915039,73.6918029785156,249.123153686523,0,0,0.63082056169395,14.9240164218011,13.420516159509,60.9351691062644,32.1709092180868,intermitent (37%),intermitent (96%),intermitent,,,experiment_3_sample_41.npy
849,"2026-04-14T13:55:47,310",experiment,3,5200,5200.97,2.39483e-07,11,104.852157592773,15.6186323165894,104.115013122559,106.00904083252,243.941680908203,0,0,0.435332249332775,13.1183092215212,15.4881744845226,65.7941932126605,32.883125944295,cone_jet (47%),intermitent (58%),cone_jet,,,experiment_3_sample_42.npy
850,"2026-04-14T13:55:52,430",experiment,3,5400,5400.8,2.28835e-07,11,58.1375312805176,17.3721885681152,59.4942932128906,60.6775512695313,301.79296875,0,0,7.11614818942075,17.4781761930947,13.4440573424226,73.8465265840109,34.9185007735623,cone_jet (36%),cone_jet (49%),undefined,,,experiment_3_sample_43.npy
851,"2026-04-14T13:55:57,486",experiment,3,5600,5600.78,2.62261e-07,11,81.7524032592773,15.2717866897583,79.3257293701172,83.1665954589844,233.227478027344,0,0,0.463860595657815,8.37391093207065,11.8869251809775,62.8131871177105,31.9710473412573,multi_jet (49%),multi_jet (98%),undefined,,,experiment_3_sample_44.npy
852,"2026-04-14T13:56:02,543",experiment,3,5800,5800.77,3.16983e-07,11,101.342376708984,15.6542816162109,99.1571655273438,102.544311523438,245.056533813477,0,0,0.531184133621315,14.2806991597797,17.1541127480205,63.7321685604182,32.7154156197762,cone_jet (56%),cone_jet (82%),multi_jet,,,experiment_3_sample_45.npy
853,"2026-04-14T13:56:07,572",experiment,3,6000,6000.98,3.16023e-07,11,104.876243591309,15.5942754745483,104.115013122559,106.029281616211,243.181442260742,0,0,0.628015034871705,12.6650228019571,11.8851271483851,66.6604246242329,32.2418419667023,cone_jet (40%),cone_jet (82%),multi_jet,,,experiment_3_sample_46.npy
854,"2026-04-14T13:56:12,643",experiment,3,6200,6200.92,3.50933e-07,11,77.4682235717773,15.392315864563,79.3257293701172,78.9825744628906,236.923400878906,0,0,0.738761882308004,10.7476511835685,13.5958291910576,62.4081415122682,31.7732488382807,multi_jet (42%),multi_jet (79%),multi_jet,,,experiment_3_sample_47.npy
855,"2026-04-14T13:56:17,690",experiment,3,6400,6400.86,3.20648e-07,11,139.355285644531,15.2280244827271,138.820022583008,140.184829711914,231.892715454102,0,0,0.789015428261193,7.17232444939123,10.6257078317262,59.2819505074229,31.8632104531477,multi_jet (76%),multi_jet (100%),multi_jet,,,experiment_3_sample_48.npy
856,"2026-04-14T13:56:22,720",experiment,3,6600,6600.75,3.56082e-07,11,213.426376342773,15.7505311965942,213.187881469727,214.006759643555,248.079238891602,0,0,1.89757726187409,10.3366019461594,14.5723831756179,61.5622780403449,32.0418354332402,multi_jet (97%),multi_jet (100%),multi_jet,,,experiment_3_sample_49.npy
857,"2026-04-14T13:56:27,761",experiment,3,6800,6800.67,6.53516e-07,11,508.642395019531,16.1392765045166,510.659393310547,508.8984375,260.476226806641,0,0,1.47936404517983,10.2879283309302,14.4369397358338,65.5848565652581,33.9272320547172,multi_jet (99%),multi_jet (100%),multi_jet,,,experiment_3_sample_50.npy
858,"2026-04-14T13:56:32,801",experiment,3,7000,7000.97,7.61737e-07,11,496.043914794922,16.7694129943848,495.785797119141,496.327270507813,281.213226318359,0,0,1.41520432458634,9.903202104304,13.5799827931179,62.9231019800879,32.3320201067472,multi_jet (100%),multi_jet (100%),multi_jet,,,experiment_3_sample_51.npy
859,"2026-04-14T13:56:37,849",experiment,3,7200,7200.91,1.12323e-06,11,362.685211181641,15.6579217910767,361.923645019531,363.023010253906,245.170516967773,0,0,0.699165495998469,13.9507684877182,14.7847133430645,66.7801745139411,31.71079542218,multi_jet (97%),multi_jet (100%),multi_jet,,,experiment_3_sample_52.npy
860,"2026-04-14T13:56:42,880",experiment,3,7400,7400.8,1.23066e-06,11,881.504943847656,15.5553722381592,882.498718261719,881.642211914063,241.969619750977,0,0,1.0143770124627,10.6420159711685,11.153694700576,60.6585460160846,32.2768242823065,multi_jet (100%),multi_jet (100%),multi_jet,,,experiment_3_sample_53.npy
861,"2026-04-14T13:56:47,904",experiment,3,7600,7600.7,1.43637e-06,11,802.517272949219,16.3358135223389,803.173034667969,802.683532714844,266.858825683594,0,0,0.774549804223967,9.65078726611796,13.3075905414466,61.2775152397276,33.0431543415014,multi_jet (99%),multi_jet (100%),multi_jet,,,experiment_3_sample_54.npy
862,"2026-04-14T13:56:52,970",experiment,3,7800,7800.6,1.78486e-06,11,1468.21923828125,15.6421842575073,1467.52600097656,1468.30261230469,244.677917480469,0,0,0.697073339569501,13.0926339136089,15.3487661530808,62.2856883912546,33.0271549823882,multi_jet (100%),multi_jet (100%),multi_jet,,,experiment_3_sample_55.npy
863,"2026-04-14T13:56:58,012",experiment,3,8000,8000.75,2.44998e-06,11,2155.34936523438,15.6860799789429,2156.66821289063,2155.40649414063,246.053100585938,0,0,2.0340555165705,12.3478408078789,15.7661957867941,61.9770560038024,32.9198303025478,multi_jet (100%),multi_jet (100%),multi_jet,,,experiment_3_sample_56.npy
864,"2026-04-14T13:57:03,056",experiment,3,8200,8200.79,3.01762e-06,11,2496.392578125,48.4671325683594,2483.88696289063,2496.86303710938,2349.06298828125,0,0,11.9512402684937,17.0718923774932,13.2297117562634,63.8280642072493,32.6378249013522,multi_jet (99%),multi_jet (100%),multi_jet,,,experiment_3_sample_57.npy
865,"2026-04-14T13:57:08,083",experiment,3,8400,8400.72,3.18824e-06,11,2547.2109375,19.8483047485352,2548.33911132813,2547.2880859375,393.955169677734,0,0,3.11389955237584,17.9822938161876,16.9789569363623,66.2366376620485,33.9567555757585,multi_jet (100%),multi_jet (100%),multi_jet,,,experiment_3_sample_58.npy
866,"2026-04-14T13:57:13,121",experiment,3,8600,8600.56,3.48411e-06,11,3140.22314453125,35.7094421386719,3143.28198242188,3140.42602539063,1275.16430664063,0,0,3.40982382593714,13.5749772496679,15.9628190191356,64.2146767754868,34.0970530436531,multi_jet (100%),multi_jet (100%),multi_jet,,,experiment_3_sample_59.npy
867,"2026-04-14T13:57:18,077",experiment,3,8800,8800.48,4.37056e-06,11,2999.79370117188,51.2712478637695,2994.54614257813,3000.23193359375,2628.74072265625,0,0,6.44987658565883,10.3101676413443,13.7637610535493,64.5759925481332,33.3176583047139,multi_jet (100%),multi_jet (100%),multi_jet,,,experiment_3_sample_60.npy
868,"2026-04-14T13:57:23,113",experiment,3,9000,9000.7,5.08482e-06,11,4207.58984375,26.6615428924561,4209.22119140625,4207.67431640625,710.837829589844,0,0,1.79407635891525,15.3150813125533,16.8003990961329,66.4534693165088,33.4833667027922,multi_jet (100%),multi_jet (100%),multi_jet,,,experiment_3_sample_61.npy
869,"2026-04-14T13:57:45,301",experiment,3,3000,3001.21,-7.52236e-08,12,19.1292018890381,15.5682563781738,19.8314323425293,24.6636772155762,242.370620727539,0,0,0.471945715868541,10.3983340146166,13.6845443735358,63.8722232187705,33.4953621488489,intermitent (74%),intermitent (98%),dripping,,,experiment_3_sample_62.npy
870,"2026-04-14T13:57:50,343",experiment,3,3200,3201.13,-4.99163e-08,12,29.1407051086426,15.4090337753296,29.7471466064453,32.9639015197754,237.438323974609,0,0,0.666981547746551,10.8710748074496,13.2340384715977,61.7820562416102,32.9909625223433,intermitent (75%),intermitent (100%),dripping,,,experiment_3_sample_63.npy
871,"2026-04-14T13:57:55,372",experiment,3,3400,3401,3.77901e-08,12,-1.50986588001251,15.9873476028442,0,16.0584850311279,255.595275878906,0,0,0.716814189396117,18.3570640122701,17.308824231241,63.9250799592981,33.5481973985453,dripping (88%),dripping (100%),intermitent,,,experiment_3_sample_64.npy
872,"2026-04-14T13:58:00,408",experiment,3,3600,3600.89,8.02931e-09,12,-4.54318284988403,15.6691570281982,-4.95785808563232,16.3145008087158,245.522476196289,0,0,0.407254461577444,10.8928486252575,13.9186416149412,65.152015427518,34.4875695022968,dripping (60%),dripping (82%),intermitent,,,experiment_3_sample_65.npy
873,"2026-04-14T13:58:05,477",experiment,3,3800,3800.88,7.20019e-08,12,83.7821502685547,19.6247730255127,84.2835845947266,86.0498733520508,385.131683349609,0,0,0.969057925019355,19.0539640937837,13.9779334428096,60.802014306792,30.9144948518145,intermitent (80%),intermitent (100%),intermitent,,,experiment_3_sample_66.npy
874,"2026-04-14T13:58:10,531",experiment,3,4000,4001.06,4.38121e-08,12,36.7073860168457,15.4700756072998,34.705005645752,39.834098815918,239.323226928711,0,0,0.444356575233346,11.6614455181821,14.047072983994,64.3566813868887,31.988929756084,intermitent (73%),intermitent (100%),intermitent,,,experiment_3_sample_67.npy
875,"2026-04-14T13:58:15,606",experiment,3,4200,4200.95,1.28119e-07,12,6.40019798278809,17.1389961242676,4.95785808563232,18.2950210571289,293.745208740234,0,0,0.652359620897652,13.8181687303655,14.80933121101,60.9701278128846,33.0688803124862,dripping (50%),intermitent (83%),intermitent,,,experiment_3_sample_68.npy
876,"2026-04-14T13:58:20,670",experiment,3,4400,4401.02,8.00313e-08,12,10.2506685256958,15.6309204101563,9.91571617126465,18.6922950744629,244.32568359375,0,0,0.402920854136036,11.3622979848025,14.8162667162476,66.378013311473,32.8826166834501,dripping (62%),dripping (75%),intermitent,,,experiment_3_sample_69.npy
877,"2026-04-14T13:58:25,743",experiment,3,4600,4600.92,1.43218e-07,12,86.3290023803711,22.9150638580322,89.2414474487305,89.3185119628906,525.100158691406,0,0,1.09538345352002,7.94948584047632,12.8246157980922,62.1724790532921,33.1024029342354,intermitent (70%),intermitent (100%),intermitent,,,experiment_3_sample_70.npy
878,"2026-04-14T13:58:30,780",experiment,3,4800,4800.79,1.72281e-07,12,83.6683120727539,23.2840023040771,84.2835845947266,86.8477478027344,542.144775390625,0,0,1.10103308854938,10.443667925987,14.7950869099728,59.9036418661402,32.0823064636198,intermitent (67%),intermitent (100%),intermitent,,,experiment_3_sample_71.npy
879,"2026-04-14T13:58:35,854",experiment,3,5000,5001.04,1.37021e-07,12,93.6311264038086,15.6664123535156,94.1993026733398,94.9327392578125,245.436462402344,0,0,0.348080914869518,10.1130927183557,12.8255631134708,63.4829530410456,32.6576521302549,intermitent (35%),intermitent (96%),intermitent,,,experiment_3_sample_72.npy
880,"2026-04-14T13:58:40,921",experiment,3,5200,5200.98,2.17489e-07,12,111.116798400879,15.4963798522949,109.072875976563,112.192169189453,240.137802124023,0,0,0.534067844377334,13.5920879065535,14.392886686132,61.6023328406115,31.2533056755561,cone_jet (44%),intermitent (82%),cone_jet,,,experiment_3_sample_73.npy
881,"2026-04-14T13:58:45,992",experiment,3,5400,5400.84,2.61738e-07,12,114.112838745117,15.6446666717529,114.030731201172,115.180274963379,244.755599975586,0,0,0.57356680091899,14.3178440960647,14.5246299166218,67.2974566241228,33.0727606923063,cone_jet (49%),intermitent (77%),undefined,,,experiment_3_sample_74.npy
882,"2026-04-14T13:58:51,039",experiment,3,5600,5600.79,3.22743e-07,12,98.3971176147461,15.5795412063599,99.1571655273438,99.6228713989258,242.722106933594,0,0,0.859459258945753,14.1995927499689,13.9668733419258,65.7064384019721,33.5290396753348,cone_jet (46%),intermitent (50%),multi_jet,,,experiment_3_sample_75.npy
883,"2026-04-14T13:58:56,155",experiment,3,5800,5800.8,2.89404e-07,12,132.445999145508,15.4092998504639,133.862167358398,133.339385986328,237.446517944336,0,0,0.534593975700438,8.33607038284749,14.2462543896067,64.2965830749212,31.9098815353924,cone_jet (45%),cone_jet (48%),multi_jet,,,experiment_3_sample_76.npy
884,"2026-04-14T13:59:01,222",experiment,3,6000,6000.98,3.62628e-07,12,95.5559692382813,15.226936340332,94.1993026733398,96.7615737915039,231.859603881836,0,0,0.55959208509999,7.91952036867844,13.277795113952,61.0338461669526,31.8918102388151,cone_jet (43%),multi_jet (90%),multi_jet,,,experiment_3_sample_77.npy
885,"2026-04-14T13:59:06,298",experiment,3,6200,6200.93,3.5678e-07,12,120.393348693848,15.7624797821045,118.988586425781,121.42081451416,248.455764770508,0,0,0.574571065032233,16.7820026117476,15.9765604158311,64.9665935610942,33.591545755258,cone_jet (48%),multi_jet (74%),multi_jet,,,experiment_3_sample_78.npy
886,"2026-04-14T13:59:11,365",experiment,3,6400,6400.87,4.07225e-07,12,142.569061279297,15.4431133270264,143.777877807617,143.403015136719,238.489761352539,0,0,0.732008881276332,9.72784533286353,14.7037898703422,63.3478369727966,33.2297123677748,multi_jet (57%),multi_jet (79%),multi_jet,,,experiment_3_sample_79.npy
887,"2026-04-14T13:59:16,393",experiment,3,6600,6600.73,5.11868e-07,12,124.811096191406,15.5425062179565,123.946449279785,125.775115966797,241.56950378418,0,0,0.446561256439879,9.71556143584628,13.1821680788658,64.0344548967098,33.2151710214907,multi_jet (58%),multi_jet (71%),multi_jet,,,experiment_3_sample_80.npy
888,"2026-04-14T13:59:21,473",experiment,3,6800,6800.66,6.4697e-07,12,217.21794128418,20.4871711730957,218.145751953125,218.181945800781,419.724151611328,0,0,2.34808566099134,9.66469873599942,12.9597524893109,62.7905368401078,32.095689443162,multi_jet (100%),multi_jet (100%),multi_jet,,,experiment_3_sample_81.npy
889,"2026-04-14T13:59:26,531",experiment,3,7000,7000.99,8.98061e-07,12,576.244812011719,16.95583152771,575.111511230469,576.494201660156,287.500244140625,0,0,1.68798329513933,11.4929955814124,14.2294567382842,64.7000434785596,33.7818940865996,multi_jet (100%),multi_jet (100%),multi_jet,,,experiment_3_sample_82.npy
890,"2026-04-14T13:59:31,662",experiment,3,7200,7200.92,1.10429e-06,12,769.44189453125,17.2581558227539,768.467956542969,769.635437011719,297.843933105469,0,0,2.5518298287099,15.9275366663645,14.3007810490848,63.1564849386761,33.2328945966465,multi_jet (100%),multi_jet (100%),multi_jet,,,experiment_3_sample_83.npy
891,"2026-04-14T13:59:36,711",experiment,3,7400,7400.8,1.2386e-06,12,1108.208984375,16.8264579772949,1110.56018066406,1108.33666992188,283.129669189453,0,0,1.41795896827075,14.3251584186117,15.9911073097369,64.7157360651537,32.6489126385148,multi_jet (100%),multi_jet (100%),multi_jet,,,experiment_3_sample_84.npy
892,"2026-04-14T13:59:41,792",experiment,3,7600,7600.72,1.35485e-06,12,1273.19006347656,15.8834400177002,1274.16955566406,1273.2890625,252.283676147461,0,0,0.851657654800415,11.755412322458,14.3581998902981,64.4554485162493,32.8609022821463,multi_jet (100%),multi_jet (100%),multi_jet,,,experiment_3_sample_85.npy
893,"2026-04-14T13:59:46,855",experiment,3,7800,7800.61,1.83312e-06,12,1399.64733886719,15.7445392608643,1398.11596679688,1399.73596191406,247.890518188477,0,0,0.592668341399696,11.1457622547099,11.8881081412054,60.5691177877707,32.776716899645,multi_jet (100%),multi_jet (100%),multi_jet,,,experiment_3_sample_86.npy
894,"2026-04-14T13:59:51,911",experiment,3,8000,8000.76,2.05899e-06,12,1882.08227539063,16.2134380340576,1883.98596191406,1882.15209960938,262.875549316406,0,0,1.00635844869459,8.5966120962936,13.2130006694649,60.5041496213014,34.5523885730911,multi_jet (100%),multi_jet (100%),multi_jet,,,experiment_3_sample_87.npy
895,"2026-04-14T13:59:56,934",experiment,3,8200,8200.81,2.73677e-06,12,2280.01831054688,21.0487728118896,2280.61450195313,2280.11547851563,443.050811767578,0,0,2.62805078225457,9.30968102628179,13.7122433949723,64.2425184054316,33.0360991983443,multi_jet (100%),multi_jet (100%),multi_jet,,,experiment_3_sample_88.npy
896,"2026-04-14T14:00:01,972",experiment,3,8400,8400.72,2.96866e-06,12,2165.154296875,17.481409072876,2166.583984375,2165.22485351563,305.599639892578,0,0,1.03606377028021,11.2693393059794,13.2760073622192,61.6807865230276,32.6596970092094,multi_jet (100%),multi_jet (100%),multi_jet,,,experiment_3_sample_89.npy
897,"2026-04-14T14:00:07,026",experiment,3,8600,8600.57,3.57531e-06,12,3084.81884765625,23.7348232269287,3083.78759765625,3084.91015625,563.341796875,0,0,2.79788392706578,13.5720620273331,13.9819993953796,65.1183243968503,33.3424400614242,multi_jet (100%),multi_jet (100%),multi_jet,,,experiment_3_sample_90.npy
898,"2026-04-14T14:00:12,076",experiment,3,8800,8800.49,3.99571e-06,12,3071.58081054688,17.4264717102051,3073.87182617188,3071.63037109375,303.681884765625,0,0,1.48422597619294,11.3952644273018,15.0952032279762,66.0552669096346,33.1907760806746,multi_jet (100%),multi_jet (100%),multi_jet,,,experiment_3_sample_91.npy
899,"2026-04-14T14:00:17,112",experiment,3,9000,9000.72,4.24453e-06,12,3901.77661132813,17.9893398284912,3901.83422851563,3901.81787109375,323.616333007813,0,0,1.31253323813887,11.2303603657332,17.4518113035711,65.8259025902671,33.6319233432554,multi_jet (100%),multi_jet (100%),multi_jet,,,experiment_3_sample_92.npy
900,"2026-04-14T14:10:14,757",experiment,4,3000,3001.03,-6.14355e-08,13,28.6817054748535,15.3042888641357,29.7471466064453,32.509407043457,234.221252441406,0,0,0.587131254285652,6.83201857446658,12.2642452434873,62.2267576064139,32.7405195130943,intermitent (75%),intermitent (99%),dripping,,,experiment_4_sample_0.npy
901,"2026-04-14T14:10:20,060",experiment,4,3200,3201.04,-3.31612e-08,13,8.13009357452393,15.6558170318604,9.91571617126465,17.6409473419189,245.104598999023,0,0,0.483670632577937,12.0363826580131,15.8574289144149,64.8819712282665,33.6378430186206,dripping (87%),dripping (100%),dripping,,,experiment_4_sample_1.npy
902,"2026-04-14T14:10:25,105",experiment,4,3400,3400.93,"-1,21E-05",13,7.15557765960693,15.9148187637329,4.95785808563232,17.449462890625,253.281463623047,0,0,0.423538772737118,17.9883017416398,14.7320967369916,66.9321437220853,33.1740864750268,dripping (86%),dripping (100%),intermitent,,,experiment_4_sample_2.npy
903,"2026-04-14T14:10:30,155",experiment,4,3600,3600.83,7.03437e-08,13,31.0739707946777,15.5214691162109,29.7471466064453,34.7348213195801,240.916000366211,0,0,0.658792809835654,12.4586489123199,13.409780156121,64.2990601304975,32.5612447633459,intermitent (76%),intermitent (100%),intermitent,,,experiment_4_sample_3.npy
904,"2026-04-14T14:10:35,182",experiment,4,3800,3800.81,1.33967e-07,13,43.5192832946777,15.4032001495361,44.6207237243652,46.1647758483887,237.258560180664,0,0,0.644548839147942,10.4602754968151,13.114923861521,62.5783319688969,32.7508628987199,intermitent (73%),intermitent (100%),intermitent,,,experiment_4_sample_4.npy
905,"2026-04-14T14:10:40,202",experiment,4,4000,4001.01,1.09355e-07,13,61.5466499328613,15.3336515426636,59.4942932128906,63.4279975891113,235.120880126953,0,0,0.368858115284127,10.1125793248386,12.404314297572,63.0235775432862,32.399596327848,intermitent (65%),intermitent (99%),intermitent,,,experiment_4_sample_5.npy
906,"2026-04-14T14:10:45,247",experiment,4,4200,4200.91,9.53044e-08,13,80.4172515869141,15.575005531311,79.3257293701172,81.9116287231445,242.580795288086,0,0,0.388908535521568,11.1290912706014,14.4132221621537,63.7142513863164,32.787071852658,intermitent (61%),intermitent (98%),undefined,,,experiment_4_sample_6.npy
907,"2026-04-14T14:10:50,269",experiment,4,4400,4400.98,1.43305e-07,13,-3.4786319732666,15.6020107269287,-4.95785808563232,15.9851064682007,243.422744750977,0,0,0.510912189316114,10.6721767641183,13.3675232070424,65.7465300534575,33.4171385683828,dripping (40%),intermitent (43%),intermitent,,,experiment_4_sample_7.npy
908,"2026-04-14T14:10:55,296",experiment,4,4600,4600.87,1.3484e-07,13,54.6500701904297,16.1268653869629,54.5364379882813,56.9798736572266,260.075775146484,0,0,0.859907702440539,14.8894497443495,14.6340478071256,63.5893350308149,32.227902046157,intermitent (66%),intermitent (100%),intermitent,,,experiment_4_sample_8.npy
909,"2026-04-14T14:11:00,339",experiment,4,4800,4800.77,1.27945e-07,13,77.7396087646484,18.316593170166,79.3257293701172,79.868293762207,335.49755859375,0,0,0.513367862755734,11.7940448073919,14.7393967201838,64.370400924136,32.4547839135897,intermitent (65%),intermitent (100%),intermitent,,,experiment_4_sample_9.npy
910,"2026-04-14T14:11:05,377",experiment,4,5000,5001,1.88427e-07,13,13.4374809265137,16.0771312713623,14.8735733032227,20.9532814025879,258.474151611328,0,0,0.703441360349742,11.0039548563806,15.290173617388,62.642190387307,33.0747352977233,intermitent (48%),intermitent (70%),intermitent,,,experiment_4_sample_10.npy
911,"2026-04-14T14:11:10,327",experiment,4,5200,5200.95,2.41926e-07,13,103.299743652344,15.7362117767334,104.115013122559,104.491470336914,247.628356933594,0,0,0.793896073374127,13.8037925010596,15.3420079831523,64.8186726922507,33.1956734321164,intermitent (40%),intermitent (89%),cone_jet,,,experiment_4_sample_11.npy
912,"2026-04-14T14:11:15,366",experiment,4,5400,5400.83,2.91411e-07,13,79.1977233886719,15.5192775726318,79.3257293701172,80.7039413452148,240.84797668457,0,0,0.444007585618448,12.0177189017306,13.4798325784247,65.7237063482623,33.0026085054751,cone_jet (48%),cone_jet (46%),cone_jet,,,experiment_4_sample_12.npy
913,"2026-04-14T14:11:20,434",experiment,4,5600,5600.74,2.5589e-07,13,108.354278564453,15.6952438354492,109.072875976563,109.48511505127,246.340682983398,0,0,0.658151161951078,14.6036152551549,14.106293302365,64.7239053568334,31.5145079214751,cone_jet (41%),cone_jet (40%),undefined,,,experiment_4_sample_13.npy
914,"2026-04-14T14:11:25,483",experiment,4,5800,5800.79,2.87571e-07,13,95.5810470581055,15.5920534133911,94.1993026733398,96.8444671630859,243.11213684082,0,0,0.597132133961022,9.76748668448781,13.4934346398182,64.3871574181095,34.2097159522706,multi_jet (40%),multi_jet (59%),multi_jet,,,experiment_4_sample_14.npy
915,"2026-04-14T14:11:30,520",experiment,4,6000,6000.97,3.54075e-07,13,89.5986099243164,15.6347055435181,89.2414474487305,90.9524841308594,244.44401550293,0,0,0.678227581267016,11.0743608604772,13.5517527487515,63.5684772085665,31.4365866152692,cone_jet (43%),cone_jet (69%),multi_jet,,,experiment_4_sample_15.npy
916,"2026-04-14T14:11:35,542",experiment,4,6200,6200.9,3.65682e-07,13,121.499443054199,15.4013757705688,118.988586425781,122.471710205078,237.202362060547,0,0,0.556363830081374,9.18166058503276,13.8244332951958,61.2466149732715,33.5297571134774,cone_jet (46%),cone_jet (52%),multi_jet,,,experiment_4_sample_16.npy
917,"2026-04-14T14:11:40,576",experiment,4,6400,6400.85,3.37493e-07,13,89.8372802734375,15.468656539917,89.2414474487305,91.1592864990234,239.279342651367,0,0,0.624082191427704,8.36977286359549,14.0255111510309,61.6328248191966,33.1495978653596,multi_jet (45%),multi_jet (78%),multi_jet,,,experiment_4_sample_17.npy
918,"2026-04-14T14:11:45,629",experiment,4,6600,6600.73,3.75894e-07,13,107.762413024902,15.5117855072021,109.072875976563,108.873115539551,240.615478515625,0,0,0.716809652750675,7.83386040396924,15.7872289847731,67.4101035468456,32.7214072343472,multi_jet (48%),multi_jet (66%),multi_jet,,,experiment_4_sample_18.npy
919,"2026-04-14T14:11:50,661",experiment,4,6800,6800.65,5.41455e-07,13,311.941192626953,17.8364601135254,312.345062255859,312.45068359375,318.139282226563,0,0,2.07953425427192,8.72330813918751,11.7303764422639,59.1075382876468,33.7914846735194,multi_jet (100%),multi_jet (100%),multi_jet,,,experiment_4_sample_19.npy
920,"2026-04-14T14:11:55,671",experiment,4,7000,7000.96,8.03193e-07,13,588.077819824219,15.4806241989136,589.985107421875,588.281555175781,239.64973449707,0,0,1.05716473881015,9.58006021785507,11.8570259612903,61.6137890688438,33.1326082313731,multi_jet (95%),multi_jet (100%),multi_jet,,,experiment_4_sample_20.npy
921,"2026-04-14T14:12:00,690",experiment,4,7200,7200.91,1.06318e-06,13,559.702453613281,16.6172733306885,560.237915039063,559.949096679688,276.1337890625,0,0,1.57662136813629,13.3152358509291,18.3357048832457,66.5509834487389,34.142240571335,multi_jet (100%),multi_jet (100%),multi_jet,,,experiment_4_sample_21.npy
922,"2026-04-14T14:12:05,717",experiment,4,7400,7400.77,1.24899e-06,13,958.339172363281,16.8598823547363,956.866638183594,958.487487792969,284.255615234375,0,0,1.19686654620868,13.2490893711327,13.653900945921,62.1541762504894,33.2369970814029,multi_jet (100%),multi_jet (100%),multi_jet,,,experiment_4_sample_22.npy
923,"2026-04-14T14:12:10,770",experiment,4,7600,7600.67,1.58701e-06,13,1129.99963378906,17.0545978546143,1130.3916015625,1130.12829589844,290.859313964844,0,0,1.38032153941481,9.09891181957623,12.3553680833661,64.3970066698483,33.1409140787104,multi_jet (100%),multi_jet (100%),multi_jet,,,experiment_4_sample_23.npy
924,"2026-04-14T14:12:15,849",experiment,4,7800,7800.6,1.97363e-06,13,1323.58532714844,16.1105289459229,1323.74816894531,1323.68334960938,259.549163818359,0,0,1.01104903680742,11.796618842647,14.127571941721,64.636569495393,32.3940757017083,multi_jet (100%),multi_jet (100%),multi_jet,,,experiment_4_sample_24.npy
925,"2026-04-14T14:12:20,879",experiment,4,8000,8000.73,2.33687e-06,13,1726.36291503906,20.7881088256836,1725.33459472656,1726.48803710938,432.145446777344,0,0,1.78608600027967,10.0318280063838,13.452688652586,62.2383795473575,33.3040245100489,multi_jet (100%),multi_jet (100%),multi_jet,,,experiment_4_sample_25.npy
926,"2026-04-14T14:12:25,909",experiment,4,8200,8200.74,2.58788e-06,13,2050.21850585938,15.9184980392456,2052.55322265625,2050.2802734375,253.398574829102,0,0,0.626610591510961,12.2601540528439,13.0947174928217,63.0686469945732,34.3120516701585,multi_jet (100%),multi_jet (100%),multi_jet,,,experiment_4_sample_26.npy
927,"2026-04-14T14:12:30,930",experiment,4,8400,8400.72,3.13387e-06,13,2562.53491210938,34.3652648925781,2553.296875,2562.76538085938,1180.97155761719,0,0,6.6219159974649,9.2406621723332,14.4359712650944,65.2076507544536,34.368881865602,multi_jet (100%),multi_jet (100%),multi_jet,,,experiment_4_sample_27.npy
928,"2026-04-14T14:12:35,946",experiment,4,8600,8600.57,3.61895e-06,13,3311.40869140625,15.9658088684082,3311.84912109375,3311.44702148438,254.907043457031,0,0,0.834753970138843,13.2517622172372,14.7847283757988,67.4549570892152,35.15293170619,multi_jet (100%),multi_jet (100%),multi_jet,,,experiment_4_sample_28.npy
929,"2026-04-14T14:12:40,944",experiment,4,8800,8800.47,4.13134e-06,13,3786.77368164063,15.9758253097534,3787.80346679688,3786.80712890625,255.227005004883,0,0,1.06152915438644,15.4562099563743,14.416090500718,67.1386083646693,34.4670022352905,multi_jet (100%),multi_jet (100%),multi_jet,,,experiment_4_sample_29.npy
930,"2026-04-14T14:12:45,976",experiment,4,9000,9000.72,5.05131e-06,13,4181.78173828125,26.4036636352539,4184.43212890625,4181.86474609375,697.153503417969,0,0,2.19657540306882,12.8573477914787,13.3676155008308,60.5473029527248,34.3312069473984,multi_jet (100%),multi_jet (100%),multi_jet,,,experiment_4_sample_30.npy
931,"2026-04-14T14:13:08,105",experiment,4,3000,3001.19,-7.16456e-08,15,19.8181457519531,15.5096454620361,19.8314323425293,25.1656093597412,240.549102783203,0,0,0.563218769785872,8.41312483393797,14.5734715500742,64.7319265434001,32.1233701130159,intermitent (80%),intermitent (97%),dripping,,,experiment_4_sample_31.npy
932,"2026-04-14T14:13:13,171",experiment,4,3200,3201.13,4.45975e-08,15,-5.95875072479248,15.7598791122437,-4.95785808563232,16.8487529754639,248.373794555664,0,0,0.453965857713986,12.2580009164652,13.3154408782434,66.4183608175567,33.7984212642231,dripping (64%),dripping (100%),dripping,,,experiment_4_sample_32.npy
933,"2026-04-14T14:13:18,208",experiment,4,3400,3401,1.46622e-08,15,-15.9173021316528,15.4622564315796,-14.8735733032227,22.191032409668,239.081359863281,0,0,0.547843005774726,8.15182964000764,11.9184528685261,64.829451901943,34.234873902114,intermitent (62%),dripping (55%),intermitent,,,experiment_4_sample_33.npy
934,"2026-04-14T14:13:23,307",experiment,4,3600,3600.91,-4.18878e-09,15,18.997917175293,15.5788297653198,19.8314323425293,24.5686950683594,242.699935913086,0,0,0.524203998972292,14.4167039588795,15.1015100093447,62.3307077428638,33.2306466851052,intermitent (85%),intermitent (100%),intermitent,,,experiment_4_sample_34.npy
935,"2026-04-14T14:13:28,370",experiment,4,3800,3800.87,2.87135e-08,15,44.279426574707,15.1771535873413,44.6207237243652,46.8082618713379,230.345977783203,0,0,0.455842760962761,9.53586746453994,11.9553792094574,59.0445691566785,32.4855050945544,intermitent (80%),intermitent (100%),intermitent,,,experiment_4_sample_35.npy
936,"2026-04-14T14:13:33,415",experiment,4,4000,4001.07,7.68021e-08,15,-10.2271690368652,15.7245817184448,-9.91571617126465,18.7578639984131,247.262481689453,0,0,0.724004217488954,9.53860835104362,14.5369269226477,62.8578094723183,34.9359640396598,dripping (62%),dripping (89%),intermitent,,,experiment_4_sample_36.npy
937,"2026-04-14T14:13:38,455",experiment,4,4200,4200.95,9.79227e-08,15,0.861180007457733,15.8833618164063,0,15.9066905975342,252.281173706055,0,0,0.786957970914352,13.7353199101796,16.1551626943527,68.1511501982921,33.1773458072644,dripping (55%),dripping (93%),intermitent,,,experiment_4_sample_37.npy
938,"2026-04-14T14:13:43,514",experiment,4,4400,4401.02,1.44789e-07,15,66.8517532348633,16.8907337188721,69.4100112915039,68.9525527954102,285.296905517578,0,0,0.515922149530354,8.75092870758967,14.3464049620383,65.3721046385623,33.2741080895684,intermitent (74%),intermitent (100%),intermitent,,,experiment_4_sample_38.npy
939,"2026-04-14T14:13:48,573",experiment,4,4600,4600.87,1.61459e-07,15,59.7392082214355,21.965425491333,59.4942932128906,63.6494598388672,482.479919433594,0,0,1.0889415874315,10.7870053648984,11.912332567242,63.1700642607687,33.5846477015968,intermitent (80%),intermitent (100%),intermitent,,,experiment_4_sample_39.npy
940,"2026-04-14T14:13:53,603",experiment,4,4800,4800.77,1.76732e-07,15,21.5103607177734,15.4145240783691,19.8314323425293,26.4632434844971,237.607559204102,0,0,0.596250837773131,8.72769863507373,11.6587492232687,63.5691357923583,33.9886748227634,intermitent (60%),intermitent (93%),intermitent,,,experiment_4_sample_40.npy
941,"2026-04-14T14:13:58,658",experiment,4,5000,5001.02,1.9663e-07,15,44.4648513793945,15.5814771652222,44.6207237243652,47.1158676147461,242.782440185547,0,0,0.501980829596556,10.200205298835,16.5655669093855,67.3013012617357,32.718050745139,intermitent (55%),intermitent (77%),intermitent,,,experiment_4_sample_41.npy
942,"2026-04-14T14:14:03,711",experiment,4,5200,5200.96,2.68196e-07,15,119.069198608398,15.5283060073853,118.988586425781,120.077491760254,241.128295898438,0,0,0.862343026794644,12.1236867640998,14.3339913009634,62.1752946893945,32.9727254239864,multi_jet (36%),intermitent (97%),cone_jet,,,experiment_4_sample_42.npy
943,"2026-04-14T14:14:08,765",experiment,4,5400,5400.83,2.43497e-07,15,57.3801689147949,15.4911804199219,59.4942932128906,59.4345016479492,239.976684570313,0,0,0.653753735746463,10.8102198385409,12.8453038055267,64.4518891576569,31.7469102728926,intermitent (40%),multi_jet (78%),undefined,,,experiment_4_sample_43.npy
944,"2026-04-14T14:14:13,815",experiment,4,5600,5600.79,2.86786e-07,15,174.289321899414,15.5219097137451,173.525039672852,174.979156494141,240.9296875,0,0,0.454071297773034,10.3792168923748,12.1702963464871,64.2136068835401,32.4854860300881,multi_jet (78%),multi_jet (99%),undefined,,,experiment_4_sample_44.npy
945,"2026-04-14T14:14:18,903",experiment,4,5800,5800.79,2.94379e-07,15,117.617141723633,15.3390560150146,118.988586425781,118.613151550293,235.286636352539,0,0,0.808644776736643,8.37404069399639,12.5170229836977,63.5734950699213,32.9717322104899,multi_jet (48%),cone_jet (39%),multi_jet,,,experiment_4_sample_45.npy
946,"2026-04-14T14:14:23,949",experiment,4,6000,6000.98,3.48576e-07,15,116.671203613281,15.5284824371338,118.988586425781,117.700035095215,241.133758544922,0,0,0.71140162763374,10.7818858454451,13.7749066834686,63.5663637692904,32.2682967775351,multi_jet (44%),multi_jet (92%),multi_jet,,,experiment_4_sample_46.npy
947,"2026-04-14T14:14:28,966",experiment,4,6200,6200.92,4.19007e-07,15,156.674362182617,15.3323993682861,158.651458740234,157.422805786133,235.082473754883,0,0,0.498877000367304,7.63134279577184,12.8144601195908,62.7913571780975,33.297975506755,multi_jet (84%),multi_jet (99%),multi_jet,,,experiment_4_sample_47.npy
948,"2026-04-14T14:14:34,015",experiment,4,6400,6400.84,4.19095e-07,15,121.361923217773,16.0412158966064,118.988586425781,122.417465209961,257.320617675781,0,0,0.538465579682056,15.9232006467614,14.296732574318,65.5402610529329,33.4583544674733,cone_jet (48%),cone_jet (70%),multi_jet,,,experiment_4_sample_48.npy
949,"2026-04-14T14:14:39,044",experiment,4,6600,6600.74,3.99981e-07,15,226.785018920898,16.3383903503418,228.061462402344,227.372772216797,266.943023681641,0,0,1.33012300794635,9.78172591850032,11.4920508148156,61.1058449049771,32.9699135077926,multi_jet (98%),multi_jet (100%),multi_jet,,,experiment_4_sample_49.npy
950,"2026-04-14T14:14:44,080",experiment,4,6800,6800.64,6.22359e-07,15,327.202087402344,16.6777896881104,327.218627929688,327.626831054688,278.148651123047,0,0,1.50881935476495,11.8543059875052,15.2769735851974,64.5308337581938,33.2713941237139,multi_jet (100%),multi_jet (100%),multi_jet,,,experiment_4_sample_50.npy
951,"2026-04-14T14:14:49,124",experiment,4,7000,7000.99,8.07644e-07,15,503.522888183594,16.83864402771,505.701538085938,503.804321289063,283.539947509766,0,0,1.54280164931082,9.60655088419594,12.3992651669677,63.6709014497209,32.5615770146459,multi_jet (100%),multi_jet (100%),multi_jet,,,experiment_4_sample_51.npy
952,"2026-04-14T14:14:54,167",experiment,4,7200,7200.93,1.07165e-06,15,630.229736328125,15.9998626708984,629.64794921875,630.432800292969,255.99560546875,0,0,0.998248165985246,13.9304156123815,13.0792236591914,67.4781110323244,32.865546069287,multi_jet (100%),multi_jet (100%),multi_jet,,,experiment_4_sample_52.npy
953,"2026-04-14T14:14:59,206",experiment,4,7400,7400.82,1.22141e-06,15,1012.11895751953,16.1782321929932,1011.40307617188,1012.24829101563,261.735198974609,0,0,1.0249471804797,8.99733977043406,13.364655787135,62.9261550983695,33.1810139331165,multi_jet (100%),multi_jet (100%),multi_jet,,,experiment_4_sample_53.npy
954,"2026-04-14T14:15:04,234",experiment,4,7600,7600.72,1.64688e-06,15,1047.53930664063,37.1148872375488,1036.19226074219,1048.19665527344,1377.51477050781,0,0,8.99166618018823,15.6325155764696,13.7598635420175,83.5899436325395,36.5102094390507,multi_jet (99%),multi_jet (100%),multi_jet,,,experiment_4_sample_54.npy
955,"2026-04-14T14:15:09,273",experiment,4,7800,7800.63,1.71321e-06,15,1323.69494628906,16.3152484893799,1323.74816894531,1323.79553222656,266.187347412109,0,0,0.763180464444499,16.5695218838995,14.7872901573977,62.5770064501886,33.8135843937317,multi_jet (100%),multi_jet (100%),multi_jet,,,experiment_4_sample_55.npy
956,"2026-04-14T14:15:14,320",experiment,4,8000,8000.75,2.34909e-06,15,2111.71142578125,17.4266242980957,2112.04736328125,2111.783203125,303.687225341797,0,0,0.927447460338004,13.8016163518671,12.7649932347332,65.1346960503015,32.8851714885694,multi_jet (100%),multi_jet (100%),multi_jet,,,experiment_4_sample_56.npy
957,"2026-04-14T14:15:19,350",experiment,4,8200,8200.78,2.86253e-06,15,2303.14184570313,19.5874652862549,2305.40405273438,2303.22534179688,383.668792724609,0,0,3.83621927063208,11.960914343229,14.9592775594912,66.2952421359461,33.3307370162118,multi_jet (100%),multi_jet (100%),multi_jet,,,experiment_4_sample_57.npy
958,"2026-04-14T14:15:24,382",experiment,4,8400,8400.72,3.16197e-06,15,2390.93408203125,17.3310470581055,2389.6875,2390.9970703125,300.365173339844,0,0,2.76395540758882,13.0339255518149,13.923973639378,65.4123545191581,34.263585349677,multi_jet (100%),multi_jet (100%),multi_jet,,,experiment_4_sample_58.npy
959,"2026-04-14T14:15:29,420",experiment,4,8600,8600.55,3.38575e-06,15,2977.24194335938,16.7327728271484,2979.67260742188,2977.2890625,279.985717773438,0,0,0.670995513549063,7.55037967668624,13.5205341023889,63.7832314762994,33.2989585030808,multi_jet (100%),multi_jet (100%),multi_jet,,,experiment_4_sample_59.npy
960,"2026-04-14T14:15:34,432",experiment,4,8800,8800.47,4.02975e-06,15,3425.26904296875,17.9970722198486,3425.8798828125,3425.31640625,323.894592285156,0,0,1.57612739223249,7.9213431554143,10.7059519278293,64.6473023578698,34.4989168803515,multi_jet (100%),multi_jet (100%),multi_jet,,,experiment_4_sample_60.npy
961,"2026-04-14T14:15:39,448",experiment,4,9000,9000.69,4.64949e-06,15,3947.00024414063,17.9829521179199,3946.455078125,3947.041015625,323.386535644531,0,0,0.998796402765947,8.2949819201017,12.5911948912415,64.6390245079111,34.991893838947,multi_jet (100%),multi_jet (100%),multi_jet,,,experiment_4_sample_61.npy
962,"2026-04-14T14:16:01,597",experiment,4,3000,3001.19,-5.90793e-08,18,-23.9402084350586,15.7124605178833,-24.7892913818359,28.6359024047852,246.881423950195,0,0,0.555042869700516,13.934311142242,12.5981632453201,66.2515819947437,33.4517435174474,intermitent (62%),dripping (95%),dripping,,,experiment_4_sample_62.npy
963,"2026-04-14T14:16:06,627",experiment,4,3200,3201.11,-1.33517e-08,18,2.1503221988678,15.9823436737061,0,16.126350402832,255.435302734375,0,0,0.440348845189698,15.1112668240334,19.064838974782,68.029992764164,33.3097723295105,dripping (91%),dripping (100%),dripping,,,experiment_4_sample_63.npy
964,"2026-04-14T14:16:11,657",experiment,4,3400,3400.99,8.01185e-08,18,29.7922649383545,15.4204339981079,29.7471466064453,33.5465202331543,237.789794921875,0,0,0.494737197080098,9.8631077822863,14.7629646803526,63.9336169880112,32.331482387585,intermitent (83%),intermitent (100%),intermitent,,,experiment_4_sample_64.npy
965,"2026-04-14T14:16:16,677",experiment,4,3600,3600.87,2.7928e-09,18,39.4961814880371,15.2206802368164,39.6628646850586,42.3274993896484,231.66911315918,0,0,0.65680625748651,10.3621602511909,11.2969470817426,59.6926464662775,32.4730832870699,intermitent (78%),intermitent (100%),intermitent,,,experiment_4_sample_65.npy
966,"2026-04-14T14:16:21,717",experiment,4,3800,3800.86,2.98481e-08,18,44.0516586303711,15.3644371032715,44.6207237243652,46.6542053222656,236.065933227539,0,0,0.438048653977832,10.4156338910245,14.368974856378,60.1820921262502,33.3652371461689,intermitent (83%),intermitent (100%),intermitent,,,experiment_4_sample_66.npy
967,"2026-04-14T14:16:26,755",experiment,4,4000,4001.04,8.36095e-08,18,29.4235992431641,15.751389503479,29.7471466064453,33.3744583129883,248.10627746582,0,0,0.513899387893477,13.5061761712631,15.6468633572836,65.6619395768587,33.6272270238169,intermitent (85%),intermitent (100%),intermitent,,,experiment_4_sample_67.npy
968,"2026-04-14T14:16:31,815",experiment,4,4200,4200.92,1.13894e-07,18,67.6943969726563,15.4456939697266,69.4100112915039,69.4341430664063,238.569473266602,0,0,0.536781844235437,10.4907659050701,13.0265145790702,61.7908940524266,33.1804423850122,intermitent (68%),intermitent (99%),intermitent,,,experiment_4_sample_68.npy
969,"2026-04-14T14:16:36,900",experiment,4,4400,4400.98,1.45487e-07,18,20.559642791748,15.5270948410034,19.8314323425293,25.7641143798828,241.090682983398,0,0,0.563401879365422,9.08370719060664,13.6218376247423,64.7398154092854,33.3759914726306,intermitent (63%),intermitent (88%),intermitent,,,experiment_4_sample_69.npy
970,"2026-04-14T14:16:41,976",experiment,4,4600,4600.85,1.71932e-07,18,117.46443939209,15.7570009231567,118.988586425781,118.516578674316,248.283081054688,0,0,0.42985568370981,15.19535838834,13.046347269517,65.2630648732176,32.989407948809,multi_jet (39%),intermitent (99%),intermitent,,,experiment_4_sample_70.npy
971,"2026-04-14T14:16:47,023",experiment,4,4800,4800.76,1.61459e-07,18,28.6813106536865,17.3843765258789,29.7471466064453,33.5385475158691,302.216552734375,0,0,0.587175237274189,11.3049550698838,13.7436969771205,62.9984699744852,32.8286944712173,intermitent (73%),intermitent (100%),intermitent,,,experiment_4_sample_71.npy
972,"2026-04-14T14:16:52,056",experiment,4,5000,5001,2.48908e-07,18,12.8667325973511,15.7467479705811,14.8735733032227,20.3350162506104,247.960083007813,0,0,0.599678603221407,12.152032034475,14.0956350996433,63.7410615919918,33.6930509245216,dripping (39%),intermitent (64%),intermitent,,,experiment_4_sample_72.npy
973,"2026-04-14T14:16:57,093",experiment,4,5200,5200.95,2.47599e-07,18,111.861862182617,15.6122379302979,114.030731201172,112.946098327637,243.741958618164,0,0,0.397410419139785,14.2050152903675,15.6059845373505,65.0815657095945,32.3033633922341,cone_jet (43%),intermitent (95%),cone_jet,,,experiment_4_sample_73.npy
974,"2026-04-14T14:17:02,132",experiment,4,5400,5400.82,3.15586e-07,18,64.6362915039063,15.2888965606689,64.4521560668945,66.4198760986328,233.750366210938,0,0,0.771233895663719,8.15123929451014,12.4157500803622,62.919052384123,32.6975951336096,intermitent (42%),multi_jet (84%),cone_jet,,,experiment_4_sample_74.npy
975,"2026-04-14T14:17:07,177",experiment,4,5600,5600.76,2.74393e-07,18,80.9524002075195,15.7645311355591,79.3257293701172,82.4730987548828,248.520446777344,0,0,0.683671560701738,18.1742598696782,15.6870998659775,63.104937051672,32.9226356482109,intermitent (40%),intermitent (79%),multi_jet,,,experiment_4_sample_75.npy
976,"2026-04-14T14:17:12,320",experiment,4,5800,5800.76,3.64111e-07,18,145.790176391602,15.4400653839111,143.777877807617,146.605499267578,238.395614624023,0,0,0.829383962684131,9.08193210941057,11.9041124647996,64.4880960548315,32.4135358553069,multi_jet (78%),multi_jet (100%),multi_jet,,,experiment_4_sample_76.npy
977,"2026-04-14T14:17:17,411",experiment,4,6000,6000.95,4.05742e-07,18,163.718978881836,15.6216373443604,163.609313964844,164.462585449219,244.035552978516,0,0,0.759669408235674,14.9581922492027,15.5083046077623,61.9345937617971,32.6317177607761,multi_jet (87%),multi_jet (99%),multi_jet,,,experiment_4_sample_77.npy
978,"2026-04-14T14:17:22,486",experiment,4,6200,6200.9,4.29917e-07,18,127.43628692627,15.45534324646,128.904312133789,128.370071411133,238.867645263672,0,0,0.710058979891026,10.9821772645481,14.5861658126476,62.5035041581256,32.6555055521939,multi_jet (49%),multi_jet (73%),multi_jet,,,experiment_4_sample_78.npy
979,"2026-04-14T14:17:27,574",experiment,4,6400,6400.84,4.29306e-07,18,157.784317016602,15.5854997634888,158.651458740234,158.552200317383,242.907806396484,0,0,0.645057993788755,10.2664296629173,11.4969338975609,64.2149947419419,32.8591720761066,multi_jet (87%),multi_jet (100%),multi_jet,,,experiment_4_sample_79.npy
980,"2026-04-14T14:17:32,670",experiment,4,6600,6600.71,4.81758e-07,18,144.396621704102,15.4899759292603,143.777877807617,145.225082397461,239.939346313477,0,0,0.737947840060325,9.84049927686215,14.3982700097436,64.1200356838524,32.6459566662561,multi_jet (90%),multi_jet (100%),multi_jet,,,experiment_4_sample_80.npy
981,"2026-04-14T14:17:37,736",experiment,4,6800,6800.65,4.91882e-07,18,232.636779785156,18.0850315093994,233.019317626953,233.338668823242,327.068389892578,0,0,0.775152112689503,13.5476645057072,13.6176364965025,60.4953166170992,33.2851272852575,multi_jet (99%),multi_jet (100%),multi_jet,,,experiment_4_sample_81.npy
982,"2026-04-14T14:17:42,842",experiment,4,7000,7000.96,7.92021e-07,18,487.685852050781,16.4480514526367,485.870086669922,487.963134765625,270.538391113281,0,0,2.3826925977728,9.40515914347153,12.8051180128963,64.1051365271329,33.7421903278947,multi_jet (100%),multi_jet (100%),multi_jet,,,experiment_4_sample_82.npy
983,"2026-04-14T14:17:47,902",experiment,4,7200,7200.91,8.71267e-07,18,538.926574707031,16.762321472168,540.406555175781,539.187194824219,280.975433349609,0,0,1.30065006102421,10.1129905957982,12.4624460042993,62.4368813034028,32.0700323361473,multi_jet (100%),multi_jet (100%),multi_jet,,,experiment_4_sample_83.npy
984,"2026-04-14T14:17:52,989",experiment,4,7400,7400.77,1.19392e-06,18,745.509765625,20.0849189758301,743.6787109375,745.7802734375,403.403991699219,0,0,3.3977247371601,11.0520538812364,15.4757605775051,63.9946836667505,33.4986314031134,multi_jet (100%),multi_jet (100%),multi_jet,,,experiment_4_sample_84.npy
985,"2026-04-14T14:17:58,113",experiment,4,7600,7600.67,1.50793e-06,18,1197.13061523438,18.8071231842041,1194.84375,1197.2783203125,353.707916259766,0,0,0.789978995642705,14.6918049378079,14.0503258030457,62.4367024663525,34.0769508133634,multi_jet (100%),multi_jet (100%),multi_jet,,,experiment_4_sample_85.npy
986,"2026-04-14T14:18:03,215",experiment,4,7800,7800.59,1.7901e-06,18,1429.2080078125,17.2039051055908,1427.86315917969,1429.31164550781,295.974365234375,0,0,1.04416298479655,16.4601145849204,13.8909164179894,65.2853125540228,33.6827622981696,multi_jet (100%),multi_jet (100%),multi_jet,,,experiment_4_sample_86.npy
987,"2026-04-14T14:18:08,259",experiment,4,8000,8000.72,2.09591e-06,18,2114.78271484375,403.905975341797,1973.2275390625,2153.00854492188,163140.03125,0,0,3501.29227185586,147.337018334327,21.3795127549955,63.8551194252113,33.1346322628971,multi_jet (99%),multi_jet (100%),multi_jet,,,experiment_4_sample_87.npy
988,"2026-04-14T14:18:13,343",experiment,4,8200,8200.78,2.56466e-06,18,1964.59619140625,17.9874649047852,1963.31176757813,1964.67846679688,323.548889160156,0,0,1.98740284783435,6.3607758622871,14.0456882932933,66.9636423208687,34.0543499348466,multi_jet (100%),multi_jet (100%),multi_jet,,,experiment_4_sample_88.npy
989,"2026-04-14T14:18:18,407",experiment,4,8400,8400.69,2.96962e-06,18,2314.71630859375,26.4052429199219,2315.31982421875,2314.86694335938,697.23681640625,0,0,1.44191607176442,11.7397183794955,13.1495683509837,64.4231253820519,33.9070083961128,multi_jet (100%),multi_jet (100%),multi_jet,,,experiment_4_sample_89.npy
990,"2026-04-14T14:18:23,485",experiment,4,8600,8600.55,3.3662e-06,18,2577.69653320313,18.9630126953125,2578.08618164063,2577.76635742188,359.595886230469,0,0,2.29610113597512,10.6422265510893,14.4112788371724,65.9866366791426,34.1860618238535,multi_jet (100%),multi_jet (100%),multi_jet,,,experiment_4_sample_90.npy
991,"2026-04-14T14:18:28,448",experiment,4,8800,8800.46,3.8065e-06,18,3109.53540039063,17.7047595977783,3108.57690429688,3109.5859375,313.45849609375,0,0,1.53967642421009,12.8763698660178,13.5620019510025,63.7285161238101,33.4359553799208,multi_jet (100%),multi_jet (100%),multi_jet,,,experiment_4_sample_91.npy
992,"2026-04-14T14:18:33,507",experiment,4,9000,9000.7,4.57164e-06,18,3833.42700195313,34.4010772705078,3827.46655273438,3833.58129882813,1183.43408203125,0,0,7.70655685535775,14.5005965452967,16.2404554540174,68.0286510578472,35.808411849951,multi_jet (100%),multi_jet (100%),multi_jet,,,experiment_4_sample_92.npy
993,"2026-04-14T14:23:04,185",experiment,5,3000,3001.03,-6.08246e-08,20,-14.8089237213135,14.9205904006958,-14.8735733032227,21.0220890045166,222.6240234375,0,0,0.546075758332607,9.78631912012235,11.1407420627356,53.1465783396085,31.2992475666305,intermitent (54%),dripping (100%),dripping,,,experiment_5_sample_0.npy
994,"2026-04-14T14:23:09,372",experiment,5,3200,3201.04,-2.19038e-08,20,-6.26931047439575,15.3574800491333,-4.95785808563232,16.5878391265869,235.852203369141,0,0,0.524137723742489,11.4013071761019,13.3182331203639,55.8792806831434,33.9981290239437,dripping (64%),dripping (99%),dripping,,,experiment_5_sample_1.npy
995,"2026-04-14T14:23:14,409",experiment,5,3400,3400.95,-1.10828e-08,20,11.8790273666382,15.0732774734497,9.91571617126465,19.1915340423584,227.203704833984,0,0,0.583428284702813,8.95931594278575,12.2511876703339,57.5851536577234,32.4215422636224,dripping (52%),dripping (74%),intermitent,,,experiment_5_sample_2.npy
996,"2026-04-14T14:23:19,453",experiment,5,3600,3600.83,"3,30E-05",20,43.9197807312012,15.155574798584,44.6207237243652,46.4611511230469,229.691436767578,0,0,0.533367413998957,10.9948486245131,12.185892909808,56.9823012906123,31.1359872749539,intermitent (83%),intermitent (100%),intermitent,,,experiment_5_sample_3.npy
997,"2026-04-14T14:23:24,520",experiment,5,3800,3800.83,1.35014e-07,20,-0.163411021232605,15.4374942779541,0,15.4383592605591,238.31623840332,0,0,0.52914295148041,14.5335312470013,12.9869904618106,58.0735976529774,32.5232034351722,dripping (61%),dripping (96%),intermitent,,,experiment_5_sample_4.npy
998,"2026-04-14T14:23:29,557",experiment,5,4000,4001.01,9.12898e-08,20,-5.37639999389648,15.2937612533569,-4.95785808563232,16.2112560272217,233.899139404297,0,0,0.924990825093746,12.922203528565,16.1689034964909,55.0844684877827,31.9961423669868,dripping (66%),dripping (62%),intermitent,,,experiment_5_sample_5.npy
999,"2026-04-14T14:23:34,603",experiment,5,4200,4200.92,1.77954e-07,20,107.888343811035,15.1829624176025,109.072875976563,108.951446533203,230.522354125977,0,0,0.571732927062469,14.6342296128251,14.032580535681,54.3477980778885,31.2123827831928,intermitent (54%),intermitent (100%),intermitent,,,experiment_5_sample_6.npy
1000,"2026-04-14T14:23:39,643",experiment,5,4400,4400.96,1.26112e-07,20,76.5056991577148,15.3538284301758,74.3678741455078,78.0311660766602,235.740036010742,0,0,0.46235429270525,12.3283005705006,13.4084847208079,53.406924276527,31.8467587663066,intermitent (56%),intermitent (100%),intermitent,,,experiment_5_sample_7.npy
1001,"2026-04-14T14:23:44,694",experiment,5,4600,4600.83,2.0754e-07,20,98.2396621704102,15.3141899108887,99.1571655273438,99.4261322021484,234.524398803711,0,0,0.548769409497543,17.1907502231538,15.8820370481238,56.3594489992383,30.9998645646894,intermitent (48%),intermitent (94%),intermitent,,,experiment_5_sample_8.npy
1002,"2026-04-14T14:23:49,728",experiment,5,4800,4800.74,1.72368e-07,20,21.5926609039307,15.1005039215088,19.8314323425293,26.3489685058594,228.025207519531,0,0,0.488494383910107,12.1082565555488,12.6132445950663,52.765364281659,31.2543313897919,intermitent (56%),intermitent (95%),intermitent,,,experiment_5_sample_9.npy
1003,"2026-04-14T14:23:54,764",experiment,5,5000,5000.98,2.20369e-07,20,49.111946105957,24.8330497741699,49.5785827636719,55.0332946777344,616.680358886719,0,0,1.44840265637179,12.5778797650524,11.467237716724,52.8475484669629,31.4490884348135,intermitent (76%),intermitent (100%),intermitent,,,experiment_5_sample_10.npy
1004,"2026-04-14T14:23:59,796",experiment,5,5200,5200.92,2.13736e-07,20,48.7549781799316,24.4520053863525,49.5785827636719,54.5430908203125,597.900573730469,0,0,1.27900906424278,10.5606725294894,11.7172855825831,55.4409048661987,33.3638481118177,intermitent (73%),intermitent (100%),intermitent,,,experiment_5_sample_11.npy
1005,"2026-04-14T14:24:04,835",experiment,5,5400,5400.8,2.70029e-07,20,86.0490798950195,14.8979234695435,84.2835845947266,87.329216003418,221.948135375977,0,0,0.49080373018815,9.02618610929741,12.2585083180621,53.431417878463,31.1441584893247,intermitent (37%),multi_jet (43%),cone_jet,,,experiment_5_sample_12.npy
1006,"2026-04-14T14:24:09,873",experiment,5,5600,5600.73,3.45085e-07,20,87.875358581543,14.8295965194702,89.2414474487305,89.1178741455078,219.916946411133,0,0,0.575471916955607,8.14543018818167,10.1052705150909,51.0723066726889,31.3157901671654,multi_jet (43%),multi_jet (86%),cone_jet,,,experiment_5_sample_13.npy
1007,"2026-04-14T14:24:14,935",experiment,5,5800,5800.76,3.53813e-07,20,112.376892089844,15.3384809494019,114.030731201172,113.418846130371,235.268997192383,0,0,0.555966670636143,12.8188298343976,15.2697474802946,56.2652526500922,31.1979373262696,multi_jet (41%),cone_jet (53%),cone_jet,,,experiment_5_sample_14.npy
1008,"2026-04-14T14:24:19,979",experiment,5,6000,6000.93,3.15499e-07,20,143.033416748047,15.2180995941162,143.777877807617,143.840698242188,231.590560913086,0,0,0.696061619953552,11.520333015714,13.3058466471945,56.7095125464053,31.3284353842741,multi_jet (66%),multi_jet (82%),multi_jet,,,experiment_5_sample_15.npy
1009,"2026-04-14T14:24:25,023",experiment,5,6200,6200.89,3.49798e-07,20,127.958641052246,14.8675241470337,128.904312133789,128.819473266602,221.043273925781,0,0,1.05464772565354,7.8801259055153,10.8619839411413,52.5752108985831,31.7403227551573,multi_jet (54%),multi_jet (84%),multi_jet,,,experiment_5_sample_16.npy
1010,"2026-04-14T14:24:30,071",experiment,5,6400,6400.83,4.8586e-07,20,142.622009277344,15.0124626159668,143.777877807617,143.409942626953,225.374038696289,0,0,0.702502857331705,10.2445056118812,11.9910652646784,53.2251668446309,32.0902368607963,multi_jet (81%),multi_jet (98%),multi_jet,,,experiment_5_sample_17.npy
1011,"2026-04-14T14:24:35,099",experiment,5,6600,6600.69,4.80798e-07,20,169.778762817383,15.4011058807373,168.567169189453,170.475875854492,237.194061279297,0,0,0.480468449989313,15.6447146832022,14.8443936784366,59.2321478819269,31.6985999149144,multi_jet (95%),multi_jet (100%),multi_jet,,,experiment_5_sample_18.npy
1012,"2026-04-14T14:24:40,136",experiment,5,6800,6800.61,5.48611e-07,20,173.999893188477,15.2683410644531,173.525039672852,174.668502807617,233.122253417969,0,0,0.805293354052786,12.1521380131144,14.9137132389024,55.78354626403,32.0873392162718,multi_jet (93%),multi_jet (100%),multi_jet,,,experiment_5_sample_19.npy
1013,"2026-04-14T14:24:45,181",experiment,5,7000,7000.92,5.29323e-07,20,122.767280578613,15.0611476898193,123.946449279785,123.687675476074,226.838165283203,0,0,0.326718115243142,11.6279731931816,12.1450304979521,54.4642937150442,32.0476707609471,multi_jet (58%),multi_jet (92%),multi_jet,,,experiment_5_sample_20.npy
1014,"2026-04-14T14:24:50,207",experiment,5,7200,7200.88,1.13448e-06,20,513.150024414063,21.2995738983154,515.617248535156,513.591857910156,453.671813964844,0,0,3.67481588011585,15.8239746910735,16.6973699427383,56.9421331505735,31.7249233239568,multi_jet (100%),multi_jet (100%),multi_jet,,,experiment_5_sample_21.npy
1015,"2026-04-14T14:24:55,264",experiment,5,7400,7400.74,8.81478e-07,20,461.085754394531,15.2517433166504,461.080780029297,461.337921142578,232.615676879883,0,0,1.60543280922348,11.8599572887794,12.5065091041685,51.9445219988318,31.8663068669209,multi_jet (97%),multi_jet (100%),multi_jet,,,experiment_5_sample_22.npy
1016,"2026-04-14T14:25:00,321",experiment,5,7600,7600.65,1.21844e-06,20,751.212951660156,22.5175094604492,748.636535644531,751.550354003906,507.038238525391,0,0,1.62438326298256,9.89596432278009,13.0968260897473,54.5379745774457,31.2241568037175,multi_jet (100%),multi_jet (100%),multi_jet,,,experiment_5_sample_23.npy
1017,"2026-04-14T14:25:05,364",experiment,5,7800,7800.55,1.46028e-06,20,874.854797363281,15.2190113067627,872.5830078125,874.987121582031,231.618301391602,0,0,0.979522317280584,12.4728965576737,14.9426218761139,54.6362824944194,30.7632197992525,multi_jet (100%),multi_jet (100%),multi_jet,,,experiment_5_sample_24.npy
1018,"2026-04-14T14:25:10,411",experiment,5,8000,8000.7,2.1433e-06,20,1490.47595214844,15.1677923202515,1492.31530761719,1490.55322265625,230.061920166016,0,0,0.823837514010859,11.8756758211299,12.2725875368448,52.5412503774223,31.7425273438599,multi_jet (100%),multi_jet (100%),multi_jet,,,experiment_5_sample_25.npy
1019,"2026-04-14T14:25:15,442",experiment,5,8200,8200.74,2.04634e-06,20,2170.05322265625,34.8306770324707,2176.49951171875,2170.33276367188,1213.17614746094,0,0,5.76186978559066,9.82094029965602,13.3279461461266,53.4052634320701,31.6835694896063,multi_jet (100%),multi_jet (100%),multi_jet,,,experiment_5_sample_26.npy
1020,"2026-04-14T14:25:20,478",experiment,5,8400,8400.66,2.95854e-06,20,2469.91430664063,79.6720733642578,2434.30834960938,2471.19873046875,6347.63916015625,0,0,12.1553073029586,8.39032331651765,12.2598073622708,54.2807971988712,32.6995713328517,multi_jet (99%),multi_jet (100%),multi_jet,,,experiment_5_sample_27.npy
1021,"2026-04-14T14:25:25,495",experiment,5,8600,8600.5,3.34159e-06,20,2612.40112304688,25.6103267669678,2612.791015625,2612.52685546875,655.888793945313,0,0,1.63053813246037,12.385358925797,13.1348540706285,55.6784103308838,32.9298469964631,multi_jet (100%),multi_jet (100%),multi_jet,,,experiment_5_sample_28.npy
1022,"2026-04-14T14:25:30,525",experiment,5,8800,8800.41,3.65665e-06,20,3433.10913085938,41.763729095459,3440.75341796875,3433.36328125,1744.20910644531,0,0,6.03402392949094,7.40951102250116,11.3491088910536,55.3736913417435,32.5699144453268,multi_jet (100%),multi_jet (100%),multi_jet,,,experiment_5_sample_29.npy
1023,"2026-04-14T14:25:35,528",experiment,5,9000,9000.66,4.46028e-06,20,3537.3515625,90.0444717407227,3505.20556640625,3538.49780273438,8108.00634765625,0,0,19.8113154758919,14.4685563446631,14.0965452768867,57.004813938624,32.5973009378582,multi_jet (99%),multi_jet (100%),multi_jet,,,experiment_5_sample_30.npy
1024,"2026-04-14T14:25:57,693",experiment,5,3000,3001.18,-7.46127e-08,23,16.3413982391357,15.4167938232422,14.8735733032227,22.4659461975098,237.677520751953,0,0,0.596083547593317,10.8012132034132,12.8572956420649,57.8644008394029,32.8134030132308,intermitent (70%),intermitent (56%),dripping,,,experiment_5_sample_31.npy
1025,"2026-04-14T14:26:02,752",experiment,5,3200,3201.08,1.42258e-08,23,22.2184429168701,15.0272798538208,19.8314323425293,26.8230934143066,225.819152832031,0,0,0.484093617957986,8.47957993780447,11.3351843037892,55.0277818625422,31.9264115311093,intermitent (83%),intermitent (100%),dripping,,,experiment_5_sample_32.npy
1026,"2026-04-14T14:26:07,782",experiment,5,3400,3400.96,-9.0757e-09,23,-20.496280670166,15.3038377761841,-19.8314323425293,25.5793857574463,234.207458496094,0,0,0.618692790948688,12.8127758137783,13.7521048285175,53.2978305202979,33.1371561731331,intermitent (63%),intermitent (92%),intermitent,,,experiment_5_sample_33.npy
1027,"2026-04-14T14:26:12,836",experiment,5,3600,3600.84,4.83504e-08,23,71.8726806640625,14.9935245513916,69.4100112915039,73.4199447631836,224.805786132813,0,0,0.544366892942254,8.59911780862411,11.8480129827267,56.2922983491862,32.9955032618806,intermitent (76%),intermitent (100%),intermitent,,,experiment_5_sample_34.npy
1028,"2026-04-14T14:26:17,880",experiment,5,3800,3800.82,1.00366e-07,23,106.829536437988,15.3104734420776,109.072875976563,107.921089172363,234.410583496094,0,0,0.632079240001555,12.7101592903109,14.8574394724027,55.212331596094,32.0029807324064,intermitent (64%),intermitent (100%),intermitent,,,experiment_5_sample_35.npy
1029,"2026-04-14T14:26:22,919",experiment,5,4000,4001,1.09792e-07,23,110.164398193359,14.9404935836792,109.072875976563,111.172889709473,223.218353271484,0,0,0.747228650282528,10.0614158163844,11.9670753350198,53.1113728078626,31.8583708789215,intermitent (54%),intermitent (100%),intermitent,,,experiment_5_sample_36.npy
1030,"2026-04-14T14:26:27,943",experiment,5,4200,4200.9,1.67393e-07,23,111.434600830078,15.1572351455688,109.072875976563,112.460708618164,229.741775512695,0,0,0.484267537238278,10.4365611409057,14.435647238575,54.6945706225441,32.3086678166732,intermitent (50%),intermitent (100%),intermitent,,,experiment_5_sample_37.npy
1031,"2026-04-14T14:26:32,985",experiment,5,4400,4400.94,1.13544e-07,23,26.618839263916,15.3524007797241,24.7892913818359,30.7287940979004,235.696212768555,0,0,0.666022282176169,13.095266729739,16.8180184565779,58.5465403620491,31.9433155307846,intermitent (67%),intermitent (99%),intermitent,,,experiment_5_sample_38.npy
1032,"2026-04-14T14:26:38,040",experiment,5,4600,4600.83,1.56135e-07,23,49.9545860290527,14.9312124252319,49.5785827636719,52.1382904052734,222.941101074219,0,0,0.631554366461185,9.28697619468025,11.1814034875461,53.7807230533888,31.7078059329261,intermitent (64%),intermitent (96%),intermitent,,,experiment_5_sample_39.npy
1033,"2026-04-14T14:26:43,094",experiment,5,4800,4800.71,1.76121e-07,23,4.61973190307617,15.523962020874,4.95785808563232,16.1967697143555,240.993392944336,0,0,0.536719957985095,14.0234081429071,15.526130077227,60.5644599393845,33.3089020826345,dripping (62%),dripping (93%),intermitent,,,experiment_5_sample_40.npy
1034,"2026-04-14T14:26:48,129",experiment,5,5000,5000.98,1.92179e-07,23,11.1996021270752,25.1616744995117,9.91571617126465,27.5416221618652,633.10986328125,0,0,1.31217818923474,17.6756111627222,14.9781807195596,55.8108060258116,31.3245320250535,intermitent (70%),intermitent (100%),intermitent,,,experiment_5_sample_41.npy
1035,"2026-04-14T14:26:53,173",experiment,5,5200,5200.92,2.7064e-07,23,5.5732274055481,15.3353481292725,4.95785808563232,16.31667137146,235.172897338867,0,0,0.510960567622744,14.1426176857979,12.965769090992,55.0823684117486,32.2932182314178,dripping (51%),dripping (77%),intermitent,,,experiment_5_sample_42.npy
1036,"2026-04-14T14:26:58,223",experiment,5,5400,5400.8,2.70029e-07,23,119.357261657715,15.4934377670288,118.988586425781,120.35863494873,240.046615600586,0,0,0.742412819139738,15.805725760279,13.4614636848582,57.6604828647857,33.0661378810691,multi_jet (42%),intermitent (89%),intermitent,,,experiment_5_sample_43.npy
1037,"2026-04-14T14:27:03,291",experiment,5,5600,5600.71,3.52067e-07,23,112.571830749512,15.114842414856,114.030731201172,113.582023620605,228.458465576172,0,0,0.634341427191824,10.2108771290731,13.6879954953876,55.6312451876273,31.008052363172,multi_jet (47%),intermitent (56%),cone_jet,,,experiment_5_sample_44.npy
1038,"2026-04-14T14:27:08,375",experiment,5,5800,5800.72,3.82177e-07,23,143.862564086914,15.0244121551514,143.777877807617,144.644973754883,225.732955932617,0,0,0.499351174745174,8.62858778087156,12.423109124516,54.0884221185345,32.0562970247937,multi_jet (76%),multi_jet (58%),undefined,,,experiment_5_sample_45.npy
1039,"2026-04-14T14:27:13,435",experiment,5,6000,6000.95,4.4039e-07,23,183.930877685547,15.3441076278687,183.44075012207,184.569793701172,235.441635131836,0,0,0.748626861533827,10.6134230717045,12.6678451963483,53.6069822453742,31.7989198089209,multi_jet (90%),multi_jet (100%),undefined,,,experiment_5_sample_46.npy
1040,"2026-04-14T14:27:18,517",experiment,5,6200,6200.85,4.37684e-07,23,199.375106811523,15.0207357406616,198.314331054688,199.940124511719,225.622497558594,0,0,0.560337720828654,10.4232277589254,11.4860345679892,52.8145847236623,32.2369426713794,multi_jet (89%),multi_jet (100%),multi_jet,,,experiment_5_sample_47.npy
1041,"2026-04-14T14:27:23,553",experiment,5,6400,6400.78,5.11694e-07,23,171.449157714844,15.1629362106323,173.525039672852,172.118377685547,229.914627075195,0,0,0.439162931559382,12.4946827310722,14.3249016075302,56.2369227853707,32.4773977453435,multi_jet (85%),multi_jet (99%),multi_jet,,,experiment_5_sample_48.npy
1042,"2026-04-14T14:27:28,605",experiment,5,6600,6600.68,4.62121e-07,23,197.798004150391,15.1214265823364,198.314331054688,198.375183105469,228.65754699707,0,0,0.711375628929976,10.3131973091633,16.3222670604571,55.3107117234168,31.7141509296688,multi_jet (93%),multi_jet (100%),multi_jet,,,experiment_5_sample_49.npy
1043,"2026-04-14T14:27:33,644",experiment,5,6800,6800.6,5.28014e-07,23,253.100143432617,15.1965684890747,252.850769042969,253.555938720703,230.935684204102,0,0,0.81669074814127,14.8628620522751,14.7152667793838,55.6786074346243,30.9367335555443,multi_jet (96%),multi_jet (100%),multi_jet,,,experiment_5_sample_50.npy
1044,"2026-04-14T14:27:38,704",experiment,5,7000,7000.9,5.78634e-07,23,218.39631652832,14.9286880493164,218.145751953125,218.905960083008,222.86572265625,0,0,0.487202749502794,9.45575271530089,12.1845792360064,52.2106222653544,31.7687476268282,multi_jet (94%),multi_jet (100%),multi_jet,,,experiment_5_sample_51.npy
1045,"2026-04-14T14:27:43,748",experiment,5,7200,7200.86,6.72978e-07,23,247.524139404297,15.3125848770142,247.89289855957,247.997329711914,234.47526550293,0,0,0.797785571966873,14.8643830509419,15.0358182593212,54.4716550720574,31.3597381114509,multi_jet (97%),multi_jet (100%),multi_jet,,,experiment_5_sample_52.npy
1046,"2026-04-14T14:27:48,783",experiment,5,7400,7400.74,9.74688e-07,23,591.865112304688,15.2950563430786,589.985107421875,592.062683105469,233.938735961914,0,0,1.77546682773333,13.3102432863686,13.3359016167809,53.7529381675759,31.2715918531876,multi_jet (100%),multi_jet (100%),multi_jet,,,experiment_5_sample_53.npy
1047,"2026-04-14T14:27:53,817",experiment,5,7600,7600.63,1.16355e-06,23,650.924865722656,15.5314960479736,649.479370117188,651.110168457031,241.227355957031,0,0,2.61621584637073,14.9645873172802,14.3919496559183,57.626511255306,32.8908062057583,multi_jet (100%),multi_jet (100%),multi_jet,,,experiment_5_sample_54.npy
1048,"2026-04-14T14:27:58,870",experiment,5,7800,7800.54,1.35704e-06,23,865.1943359375,15.391640663147,867.625183105469,865.331176757813,236.902603149414,0,0,0.879935185484523,16.1252563592524,13.9447504757204,55.4625273704908,30.8156713568136,multi_jet (99%),multi_jet (100%),multi_jet,,,experiment_5_sample_55.npy
1049,"2026-04-14T14:28:03,917",experiment,5,8000,8000.65,1.76836e-06,23,1234.76245117188,21.3839206695557,1234.50659179688,1234.94750976563,457.272033691406,0,0,1.57654908848846,8.4594226229869,13.5278540958792,55.7387445529257,32.9535331192203,multi_jet (100%),multi_jet (100%),multi_jet,,,experiment_5_sample_56.npy
1050,"2026-04-14T14:28:08,971",experiment,5,8200,8200.69,2.19339e-06,23,1268.88671875,17.8635597229004,1269.21166992188,1269.01245117188,319.106750488281,0,0,3.23146987696315,11.7463235397907,13.6315427855055,70.7220375366583,34.5773890213607,multi_jet (99%),multi_jet (100%),multi_jet,,,experiment_5_sample_57.npy
1051,"2026-04-14T14:28:14,002",experiment,5,8400,8400.64,2.69392e-06,23,2418.14013671875,20.0827407836914,2419.43481445313,2418.2236328125,403.316467285156,0,0,1.27103979175215,12.9853606282492,15.0546501171497,53.9716478262431,32.9557149832079,multi_jet (100%),multi_jet (100%),multi_jet,,,experiment_5_sample_58.npy
1052,"2026-04-14T14:28:19,042",experiment,5,8600,8600.49,3.04983e-06,23,2563.546875,21.2282314300537,2563.21264648438,2563.63500976563,450.637786865234,0,0,1.14246695254231,14.2267182335876,13.7932937343594,53.6570505569299,32.8815078093859,multi_jet (100%),multi_jet (100%),multi_jet,,,experiment_5_sample_59.npy
1053,"2026-04-14T14:28:24,077",experiment,5,8800,8800.37,3.5733e-06,23,3301.42016601563,40.2266998291016,3301.93359375,3301.6650390625,1618.1875,0,0,2.72988921116249,14.694112309582,14.4278521163902,57.3456600929616,33.9679253537052,multi_jet (100%),multi_jet (100%),multi_jet,,,experiment_5_sample_60.npy
1054,"2026-04-14T14:28:29,088",experiment,5,9000,9000.62,4.17358e-06,23,3436.01782226563,25.3760185241699,3435.79565429688,3436.11181640625,643.942321777344,0,0,1.58748966680616,10.6228524274685,14.4902117371183,53.8777255501059,32.8236432035433,multi_jet (100%),multi_jet (100%),multi_jet,,,experiment_5_sample_61.npy
1055,"2026-04-14T14:28:51,233",experiment,5,3000,3001.15,2.52225e-08,25,-12.6437273025513,15.3571968078613,-14.8735733032227,19.8923950195313,235.843505859375,0,0,0.476054987123274,14.1423059581376,14.001750407308,53.8765035095441,32.3378965295893,dripping (65%),dripping (100%),dripping,,,experiment_5_sample_62.npy
1056,"2026-04-14T14:28:56,234",experiment,5,3200,3201.07,-5.85557e-08,25,0.757758975028992,15.2025098800659,0,15.2213821411133,231.116302490234,0,0,0.470785714176305,9.52182303181973,12.3789522337573,56.1664484608125,33.5306711860445,dripping (61%),dripping (100%),dripping,,,experiment_5_sample_63.npy
1057,"2026-04-14T14:29:01,276",experiment,5,3400,3400.94,-1.40498e-08,25,5.77818489074707,15.4204225540161,4.95785808563232,16.4674491882324,237.789443969727,0,0,0.586967397331535,19.0916758058597,14.4432483623374,54.4797699804567,33.3384385892163,dripping (82%),dripping (98%),intermitent,,,experiment_5_sample_64.npy
1058,"2026-04-14T14:29:06,319",experiment,5,3600,3600.86,9.33844e-09,25,43.5080795288086,14.8355283737183,44.6207237243652,45.9678802490234,220.092895507813,0,0,0.460936876140514,8.89419304742473,10.871986564393,51.3032189312376,31.7642146973009,intermitent (82%),intermitent (100%),intermitent,,,experiment_5_sample_65.npy
1059,"2026-04-14T14:29:11,366",experiment,5,3800,3800.85,1.06912e-07,25,-0.776103138923645,15.3717222213745,0,15.391303062439,236.289855957031,0,0,0.359112736571114,11.695941955847,14.0792251829731,56.1636702418244,32.533283222033,dripping (60%),dripping (98%),intermitent,,,experiment_5_sample_66.npy
1060,"2026-04-14T14:29:16,405",experiment,5,4000,4000.99,1.40862e-07,25,56.3443717956543,15.548243522644,54.5364379882813,58.4502830505371,241.74787902832,0,0,0.628178613577363,9.66828575822137,12.424618931181,51.1144373479891,32.2415348322549,intermitent (82%),intermitent (100%),intermitent,,,experiment_5_sample_67.npy
1061,"2026-04-14T14:29:21,436",experiment,5,4200,4200.88,1.20265e-07,25,54.391170501709,22.3510456085205,54.5364379882813,58.8044967651367,499.569244384766,0,0,1.03798669055809,16.4440065786852,15.0959891381964,55.5042143994547,32.0648769150597,intermitent (84%),intermitent (100%),intermitent,,,experiment_5_sample_68.npy
1062,"2026-04-14T14:29:26,465",experiment,5,4400,4400.96,1.23232e-07,25,122.935836791992,15.2532358169556,123.946449279785,123.878494262695,232.661193847656,0,0,0.53084992045103,12.2830214543771,13.624941011223,56.1814199189047,31.8051747830185,intermitent (37%),intermitent (99%),intermitent,,,experiment_5_sample_69.npy
1063,"2026-04-14T14:29:31,519",experiment,5,4600,4600.85,1.91656e-07,25,52.5076866149902,14.9587335586548,54.5364379882813,54.5968933105469,223.763702392578,0,0,0.406961230444817,7.25579336666737,10.8286183546201,55.0511554093766,31.2311872966387,intermitent (58%),intermitent (95%),intermitent,,,experiment_5_sample_70.npy
1064,"2026-04-14T14:29:36,558",experiment,5,4800,4800.71,1.92267e-07,25,13.7315797805786,16.1115016937256,14.8735733032227,21.1692409515381,259.580474853516,0,0,0.850481910182363,10.765198538185,12.3503216668473,52.8869158955603,31.7540097827859,intermitent (48%),intermitent (95%),intermitent,,,experiment_5_sample_71.npy
1065,"2026-04-14T14:29:41,601",experiment,5,5000,5000.96,1.92878e-07,25,99.7575607299805,24.7817306518555,99.1571655273438,102.789611816406,614.134155273438,0,0,1.18674881504078,10.2590801609023,11.5227109083271,55.3253520587804,31.9656502503091,intermitent (63%),intermitent (100%),intermitent,,,experiment_5_sample_72.npy
1066,"2026-04-14T14:29:46,663",experiment,5,5200,5200.91,1.96281e-07,25,30.6569156646729,15.4318523406982,29.7471466064453,34.3218383789063,238.142059326172,0,0,0.75576315274776,14.7521520240137,15.6715223078464,58.6240434173888,32.5822892874716,intermitent (59%),intermitent (74%),intermitent,,,experiment_5_sample_73.npy
1067,"2026-04-14T14:29:51,696",experiment,5,5400,5400.76,2.99964e-07,25,56.9141235351563,15.0077753067017,54.5364379882813,58.8595886230469,225.233322143555,0,0,0.519862748450127,10.2265920037735,12.575123327024,53.0453676873707,30.7599073127182,intermitent (48%),multi_jet (44%),intermitent,,,experiment_5_sample_74.npy
1068,"2026-04-14T14:29:56,750",experiment,5,5600,5600.73,3.84185e-07,25,116.637977600098,15.0909013748169,118.988586425781,117.610168457031,227.735305786133,0,0,0.64530833103788,10.9351900367886,12.9392267970413,54.7835327387911,31.2072008446208,multi_jet (46%),intermitent (51%),cone_jet,,,experiment_5_sample_75.npy
1069,"2026-04-14T14:30:01,792",experiment,5,5800,5800.72,3.24488e-07,25,134.872680664063,15.2103652954102,133.862167358398,135.727645874023,231.355224609375,0,0,0.581701711968591,13.700296703842,15.1817962942035,56.2790988678377,31.5910419709149,multi_jet (52%),intermitent (45%),undefined,,,experiment_5_sample_76.npy
1070,"2026-04-14T14:30:06,834",experiment,5,6000,6000.91,3.52067e-07,25,80.3466491699219,16.2387199401855,79.3257293701172,81.9712142944336,263.696014404297,0,0,0.726660338350176,12.2158803386515,12.0934675213213,52.4274686262845,32.0989420743573,multi_jet (63%),multi_jet (100%),undefined,,,experiment_5_sample_77.npy
1071,"2026-04-14T14:30:11,913",experiment,5,6200,6200.85,4.13073e-07,25,171.608123779297,15.4866151809692,173.525039672852,172.30549621582,239.835235595703,0,0,0.44004960301946,13.0289841688806,12.2234582979236,55.2569315640784,31.650081714344,multi_jet (90%),multi_jet (100%),undefined,,,experiment_5_sample_78.npy
1072,"2026-04-14T14:30:16,956",experiment,5,6400,6400.78,5.41367e-07,25,243.566955566406,15.0828914642334,242.935043334961,244.03352355957,227.493621826172,0,0,0.611030856784422,10.2891558819309,12.9067854170743,53.6253856461075,31.2894209090342,multi_jet (87%),multi_jet (99%),multi_jet,,,experiment_5_sample_79.npy
1073,"2026-04-14T14:30:21,988",experiment,5,6600,6600.67,4.87606e-07,25,206.373992919922,15.1056489944458,208.230026245117,206.92610168457,228.180633544922,0,0,0.754626955007979,14.072828808834,12.335567824945,53.1061090492187,31.7097348792789,multi_jet (92%),multi_jet (100%),multi_jet,,,experiment_5_sample_80.npy
1074,"2026-04-14T14:30:27,034",experiment,5,6800,6800.58,5.21468e-07,25,240.978759765625,15.1310472488403,242.935043334961,241.453353881836,228.948593139648,0,0,0.599588927493857,10.6900157696608,14.5550499216849,58.3857495061575,32.0120221529058,multi_jet (94%),multi_jet (100%),multi_jet,,,experiment_5_sample_81.npy
1075,"2026-04-14T14:30:32,064",experiment,5,7000,7000.9,6.38243e-07,25,224.841842651367,15.2986993789673,223.103607177734,225.361709594727,234.050201416016,0,0,0.61477374083968,16.1276755947458,12.6610189344952,54.7043063722526,31.8575575743278,multi_jet (97%),multi_jet (100%),multi_jet,,,experiment_5_sample_82.npy
1076,"2026-04-14T14:30:37,112",experiment,5,7200,7200.84,6.49763e-07,25,266.053344726563,15.1648893356323,267.724334716797,266.485168457031,229.973876953125,0,0,0.609026043084188,11.7958926379658,13.9068408134336,54.3998309611698,32.0754313701868,multi_jet (95%),multi_jet (100%),multi_jet,,,experiment_5_sample_83.npy
1077,"2026-04-14T14:30:42,138",experiment,5,7400,7400.74,8.94395e-07,25,421.358642578125,15.3688554763794,421.417907714844,421.638793945313,236.201721191406,0,0,1.17736628749074,8.90506264747192,12.8206096396543,54.4439891266993,31.9696812274962,multi_jet (100%),multi_jet (100%),multi_jet,,,experiment_5_sample_84.npy
1078,"2026-04-14T14:30:47,196",experiment,5,7600,7600.65,1.2613e-06,25,861.551330566406,19.8254318237305,862.667297363281,861.779418945313,393.047760009766,0,0,2.92797434197794,12.3921403301816,14.8936984639665,54.9532847418745,31.345857080802,multi_jet (100%),multi_jet (100%),multi_jet,,,experiment_5_sample_85.npy
1079,"2026-04-14T14:30:52,230",experiment,5,7800,7800.54,1.28992e-06,25,776.849731445313,15.7310333251953,778.383728027344,777.009033203125,247.465423583984,0,0,1.4084178685326,16.4785065295771,17.0612255415099,57.0840828625291,32.1394080272304,multi_jet (100%),multi_jet (100%),multi_jet,,,experiment_5_sample_86.npy
1080,"2026-04-14T14:30:57,282",experiment,5,8000,8000.66,1.56981e-06,25,1066.810546875,15.4228935241699,1065.939453125,1066.92199707031,237.865646362305,0,0,1.18474689282475,14.9777536230097,14.0392826491176,53.5826170122023,32.7570319701208,multi_jet (100%),multi_jet (100%),multi_jet,,,experiment_5_sample_87.npy
1081,"2026-04-14T14:31:02,319",experiment,5,8200,8200.71,2.00837e-06,25,1379.04748535156,15.1762771606445,1378.28454589844,1379.13110351563,230.319381713867,0,0,0.731859660683401,11.30245304536,14.267080546137,55.0468871030378,32.7042959689799,multi_jet (95%),multi_jet (100%),multi_jet,,,experiment_5_sample_88.npy
1082,"2026-04-14T14:31:07,362",experiment,5,8400,8400.65,2.63701e-06,25,2056.46630859375,17.7871742248535,2057.51098632813,2056.54296875,316.383544921875,0,0,1.13705974299774,10.73007550161,11.4762399898835,52.7243968856068,32.1547805705363,multi_jet (100%),multi_jet (100%),multi_jet,,,experiment_5_sample_89.npy
1083,"2026-04-14T14:31:12,382",experiment,5,8600,8600.48,2.80118e-06,25,2715.02856445313,51.1159324645996,2731.77978515625,2715.509765625,2612.83862304688,0,0,11.75275071377,14.8252874211655,15.5999943203081,56.8858551714419,32.5860223391133,multi_jet (100%),multi_jet (100%),multi_jet,,,experiment_5_sample_90.npy
1084,"2026-04-14T14:31:17,406",experiment,5,8800,8800.38,3.47817e-06,25,3203.06616210938,39.1125411987305,3202.77612304688,3203.30493164063,1529.791015625,0,0,2.56413171797729,11.571202466685,12.9976485713309,54.4058211185183,32.6694260171683,multi_jet (100%),multi_jet (100%),multi_jet,,,experiment_5_sample_91.npy
1085,"2026-04-14T14:31:22,411",experiment,5,9000,9000.63,4.11755e-06,25,3823.89501953125,20.4743633270264,3827.46655273438,3823.94995117188,419.199584960938,0,0,1.65571906724646,7.53261500298724,12.4089076893263,52.9966095401984,32.9095919558705,multi_jet (100%),multi_jet (100%),multi_jet,,,experiment_5_sample_92.npy
1086,"2026-04-14T14:34:52,076",experiment,6,3000,3001,-5.06144e-08,27,9.47466468811035,15.3440427780151,9.91571617126465,18.0335502624512,235.439636230469,0,0,0.527083491995548,13.4962798859294,12.8401687855024,57.41921346842,32.119813903556,dripping (66%),dripping (100%),dripping,,,experiment_6_sample_0.npy
1087,"2026-04-14T14:34:57,434",experiment,6,3200,3201.01,-4.45058e-08,27,-9.22290515899658,15.3824796676636,-9.91571617126465,17.9355125427246,236.620666503906,0,0,0.758665171565983,13.0356011261365,13.8746483943409,56.1231889560833,33.2717751192723,dripping (70%),dripping (93%),dripping,,,experiment_6_sample_1.npy
1088,"2026-04-14T14:35:02,487",experiment,6,3400,3400.89,4.80013e-08,27,43.8394660949707,15.1224174499512,44.6207237243652,46.3744087219238,228.6875,0,0,0.457018502107146,9.86244369567463,13.3282701104262,55.0430601367517,31.2037950569465,intermitent (85%),intermitent (100%),intermitent,,,experiment_6_sample_2.npy
1089,"2026-04-14T14:35:07,541",experiment,6,3600,3600.81,1.96369e-08,27,41.0624694824219,17.1414947509766,39.6628646850586,44.4967079162598,293.830810546875,0,0,0.688732467867632,13.3766872024257,12.6025451591192,53.3240142982744,31.5969747600074,intermitent (84%),intermitent (100%),intermitent,,,experiment_6_sample_3.npy
1090,"2026-04-14T14:35:12,580",experiment,6,3800,3800.78,1.00628e-07,27,10.1262264251709,15.2938604354858,9.91571617126465,18.3423728942871,233.902160644531,0,0,0.544879330296429,11.6644638416768,16.6132217895972,55.1480244766376,32.7283355429735,dripping (79%),dripping (98%),intermitent,,,experiment_6_sample_4.npy
1091,"2026-04-14T14:35:17,641",experiment,6,4000,4000.96,1.25065e-07,27,72.9696578979492,18.540641784668,74.3678741455078,75.2882843017578,343.755401611328,0,0,0.685634080287666,12.0781692458816,14.463297434006,54.0711109817288,31.8961355713395,intermitent (79%),intermitent (100%),intermitent,,,experiment_6_sample_5.npy
1092,"2026-04-14T14:35:22,675",experiment,6,4200,4200.86,1.3161e-07,27,72.2975616455078,24.868335723877,74.3678741455078,76.4550323486328,618.43408203125,0,0,1.24431654229031,11.7104362824642,12.3236668179857,53.426665781428,31.8503672087969,intermitent (78%),intermitent (100%),intermitent,,,experiment_6_sample_6.npy
1093,"2026-04-14T14:35:27,723",experiment,6,4400,4400.93,1.43043e-07,27,17.6262760162354,20.915340423584,14.8735733032227,27.3520927429199,437.451446533203,0,0,1.24165660282708,17.5865399037379,14.7730567983554,54.9159659835028,31.3645187122937,intermitent (76%),intermitent (100%),intermitent,,,experiment_6_sample_7.npy
1094,"2026-04-14T14:35:32,774",experiment,6,4600,4600.81,2.28573e-07,27,37.021614074707,14.9327592849731,34.705005645752,39.9197578430176,222.9873046875,0,0,0.434123455758708,8.30634649217199,12.3711988694994,52.1928144170005,31.628587660165,intermitent (60%),intermitent (80%),undefined,,,experiment_6_sample_8.npy
1095,"2026-04-14T14:35:37,790",experiment,6,4800,4800.67,1.65473e-07,27,120.82933807373,15.2888889312744,118.988586425781,121.792770385742,233.750122070313,0,0,0.704635475879046,10.1131739662577,11.4397477515486,51.6928041400534,31.7167473220412,multi_jet (45%),intermitent (100%),intermitent,,,experiment_6_sample_9.npy
1096,"2026-04-14T14:35:42,829",experiment,6,5000,5000.94,2.03263e-07,27,79.8816986083984,17.5879230499268,79.3257293701172,81.7949981689453,309.335052490234,0,0,0.818994159821796,9.09644998443173,12.1224729699717,50.6291742821448,31.8609116914572,intermitent (72%),intermitent (99%),intermitent,,,experiment_6_sample_10.npy
1097,"2026-04-14T14:35:47,885",experiment,6,5200,5200.89,2.07714e-07,27,32.3076858520508,20.0907001495361,29.7471466064453,38.0450096130371,403.636199951172,0,0,1.10329146745148,13.5982461578597,13.127718748788,53.5298128064832,32.0503426039826,intermitent (74%),intermitent (100%),intermitent,,,experiment_6_sample_11.npy
1098,"2026-04-14T14:35:52,932",experiment,6,5400,5400.74,1.97154e-07,27,82.0639572143555,15.3728342056274,84.2835845947266,83.4914169311523,236.324020385742,0,0,1.00862008714256,17.1072695744739,13.110627217304,55.7629474930911,31.6736386296165,intermitent (47%),intermitent (95%),undefined,,,experiment_6_sample_12.npy
1099,"2026-04-14T14:35:57,914",experiment,6,5600,5600.68,2.94117e-07,27,16.3756065368652,15.2732086181641,14.8735733032227,22.3926639556885,233.270904541016,0,0,0.647592096657233,12.2802729639287,14.2050609834841,55.523803312627,32.4365875911637,intermitent (46%),cone_jet (54%),undefined,,,experiment_6_sample_13.npy
1100,"2026-04-14T14:36:02,951",experiment,6,5800,5800.69,3.51282e-07,27,134.154174804688,26.689525604248,133.862167358398,136.783309936523,712.330749511719,0,0,1.3475719444336,13.855976047099,13.9525497703052,55.8374325174496,32.0509245885725,multi_jet (58%),intermitent (98%),undefined,,,experiment_6_sample_14.npy
1101,"2026-04-14T14:36:07,993",experiment,6,6000,6000.89,3.05986e-07,27,175.493896484375,17.5957565307617,173.525039672852,176.373809814453,309.610626220703,0,0,1.32669128713078,12.4646418727672,12.2810036656904,53.911133809863,32.0613038592385,multi_jet (89%),multi_jet (99%),multi_jet,,,experiment_6_sample_15.npy
1102,"2026-04-14T14:36:13,051",experiment,6,6200,6200.83,4.17611e-07,27,148.725723266602,15.314227104187,148.735748291016,149.512100219727,234.525543212891,0,0,0.64743226871898,12.9955124906802,14.1176008095174,57.0444228585323,31.987840039889,multi_jet (74%),multi_jet (99%),multi_jet,,,experiment_6_sample_16.npy
1103,"2026-04-14T14:36:18,103",experiment,6,6400,6400.75,5.12043e-07,27,191.571243286133,15.2324733734131,193.356475830078,192.175872802734,232.028244018555,0,0,0.90305225477314,10.8537223674593,13.1820031699689,56.843436833796,30.8739382687812,multi_jet (86%),multi_jet (99%),multi_jet,,,experiment_6_sample_17.npy
1104,"2026-04-14T14:36:23,145",experiment,6,6600,6600.63,5.84394e-07,27,178.331756591797,14.7685527801514,178.482894897461,178.942260742188,218.110153198242,0,0,0.620600295608902,9.15335849204036,11.3158208201252,49.8482151034223,31.4263272631158,multi_jet (94%),multi_jet (100%),multi_jet,,,experiment_6_sample_18.npy
1105,"2026-04-14T14:36:28,173",experiment,6,6800,6800.56,5.66939e-07,27,204.015579223633,15.0314636230469,203.272186279297,204.568557739258,225.944900512695,0,0,0.621033333853612,9.28566220527145,11.4462974419108,54.6131917463397,31.7637338500758,multi_jet (94%),multi_jet (100%),multi_jet,,,experiment_6_sample_19.npy
1106,"2026-04-14T14:36:33,210",experiment,6,7000,7000.89,5.53673e-07,27,219.336318969727,15.6626806259155,218.145751953125,219.894836425781,245.319564819336,0,0,0.595172641651471,13.4133993678321,13.5969549031718,53.8031187490687,31.2270221010488,multi_jet (100%),multi_jet (100%),multi_jet,,,experiment_6_sample_20.npy
1107,"2026-04-14T14:36:38,240",experiment,6,7200,7200.84,6.10664e-07,27,236.393844604492,15.512957572937,237.977172851563,236.902297973633,240.651840209961,0,0,0.855373661921048,15.5325439470399,13.2909464969083,56.87464561158,31.1992455753508,multi_jet (100%),multi_jet (100%),multi_jet,,,experiment_6_sample_21.npy
1108,"2026-04-14T14:36:43,276",experiment,6,7400,7400.72,9.40651e-07,27,537.996704101563,28.5269050598145,545.364379882813,538.75244140625,813.784301757813,0,0,3.93243437235483,8.36999480712508,11.2969787120002,52.147490240187,31.1159507779132,multi_jet (100%),multi_jet (100%),multi_jet,,,experiment_6_sample_22.npy
1109,"2026-04-14T14:36:48,309",experiment,6,7600,7600.62,1.28704e-06,27,726.77783203125,21.4333724975586,723.847290039063,727.093872070313,459.389434814453,0,0,12.426225142611,15.3416247554869,13.5722471841209,59.1155757183505,32.4446549560286,multi_jet (99%),multi_jet (100%),multi_jet,,,experiment_6_sample_23.npy
1110,"2026-04-14T14:36:53,358",experiment,6,7800,7800.55,1.53665e-06,27,955.071044921875,16.2777137756348,956.866638183594,955.209777832031,264.963958740234,0,0,0.943567158894999,18.497922078432,17.0364060172288,53.3753071479217,30.6956086825949,multi_jet (100%),multi_jet (100%),multi_jet,,,experiment_6_sample_24.npy
1111,"2026-04-14T14:36:58,408",experiment,6,8000,8000.67,1.68571e-06,27,1595.90051269531,21.8629531860352,1596.43029785156,1596.05017089844,477.988708496094,0,0,2.56674153735813,12.5391677132464,12.9028354541129,53.3260271297709,32.8377873244108,multi_jet (100%),multi_jet (100%),multi_jet,,,experiment_6_sample_25.npy
1112,"2026-04-14T14:37:03,434",experiment,6,8200,8200.71,2.14085e-06,27,1572.34448242188,20.5472354888916,1571.64099121094,1572.47863769531,422.188873291016,0,0,1.02305295585473,10.1324001827313,11.8493239947548,54.2270194513178,31.9979249616749,multi_jet (100%),multi_jet (100%),multi_jet,,,experiment_6_sample_26.npy
1113,"2026-04-14T14:37:08,463",experiment,6,8400,8400.62,2.69837e-06,27,1930.62890625,16.8522682189941,1928.60668945313,1930.70239257813,283.998931884766,0,0,1.15773340858442,10.0127359616941,12.8104880493929,55.4724940778282,32.3722953254278,multi_jet (100%),multi_jet (100%),multi_jet,,,experiment_6_sample_27.npy
1114,"2026-04-14T14:37:13,572",experiment,6,8600,8600.5,3.08343e-06,27,2361.2294921875,16.2345008850098,2359.9404296875,2361.28540039063,263.559020996094,0,0,0.754742714875433,12.2436392185203,13.6829131235776,55.5518185628457,32.3327644115942,multi_jet (100%),multi_jet (100%),multi_jet,,,experiment_6_sample_28.npy
1115,"2026-04-14T14:37:18,600",experiment,6,8800,8800.39,4.04825e-06,27,3036.01171875,120.288154602051,2994.54614257813,3038.39379882813,14469.240234375,0,0,24.2312532854567,16.2047302783893,14.5219800311956,59.1324839007051,31.9913575325554,multi_jet (99%),multi_jet (100%),multi_jet,,,experiment_6_sample_29.npy
1116,"2026-04-14T14:37:23,603",experiment,6,9000,9000.62,4.0047e-06,27,3285.54052734375,31.2372245788574,3287.05981445313,3285.68920898438,975.764221191406,0,0,1.77086891927218,10.7647795913169,12.5201687276061,55.9923667803549,33.4261002242274,multi_jet (100%),multi_jet (100%),multi_jet,,,experiment_6_sample_30.npy
1117,"2026-04-14T14:37:45,801",experiment,6,3000,3001.15,-3.45574e-08,28,-17.2900333404541,15.4386472702026,-19.8314323425293,23.1796703338623,238.351821899414,0,0,0.527820133493838,13.5657970864913,15.2695921047756,57.5046020025665,33.0223690307648,intermitent (54%),dripping (100%),dripping,,,experiment_6_sample_31.npy
1118,"2026-04-14T14:37:50,842",experiment,6,3200,3201.08,-1.84132e-08,28,-10.544867515564,15.407054901123,-9.91571617126465,18.670072555542,237.377334594727,0,0,0.474745738694047,10.7963739737176,15.7215231559719,55.1123320459236,32.4088901344428,dripping (76%),dripping (100%),dripping,,,experiment_6_sample_32.npy
1119,"2026-04-14T14:37:55,887",experiment,6,3400,3400.93,-2.89724e-08,28,-7.47159147262573,15.3227090835571,-9.91571617126465,17.047290802002,234.785415649414,0,0,0.562331096376494,12.5436315565293,13.8053811886391,54.2320886453959,32.3737624153617,dripping (61%),dripping (59%),intermitent,,,experiment_6_sample_33.npy
1120,"2026-04-14T14:38:00,946",experiment,6,3600,3600.8,1.12934e-07,28,-11.7000503540039,15.3417720794678,-9.91571617126465,19.2940692901611,235.369979858398,0,0,0.422109241346916,12.2524578669284,13.1437113874485,55.3691074105489,31.8208445446175,dripping (51%),dripping (69%),intermitent,,,experiment_6_sample_34.npy
1121,"2026-04-14T14:38:05,996",experiment,6,3800,3800.81,9.16388e-08,28,47.0966796875,15.1073999404907,49.5785827636719,49.4603958129883,228.233520507813,0,0,0.405711410592212,11.088794236491,13.5457409225643,54.6398194702201,30.5697208048543,intermitent (85%),intermitent (100%),intermitent,,,experiment_6_sample_35.npy
1122,"2026-04-14T14:38:11,034",experiment,6,4000,4000.99,7.63657e-08,28,80.2459030151367,14.9890012741089,79.3257293701172,81.6337966918945,224.670166015625,0,0,0.420312616636836,10.1777759701698,12.3086548292748,53.7131353899417,31.2348116625278,intermitent (72%),intermitent (100%),undefined,,,experiment_6_sample_36.npy
1123,"2026-04-14T14:38:16,064",experiment,6,4200,4200.88,1.06213e-07,28,73.9029235839844,15.0812673568726,74.3678741455078,75.4260330200195,227.444625854492,0,0,0.511371710991152,9.99839133456858,13.7643697026864,54.1290515685274,30.796861274088,intermitent (73%),intermitent (100%),undefined,,,experiment_6_sample_37.npy
1124,"2026-04-14T14:38:21,123",experiment,6,4400,4400.94,1.45138e-07,28,107.554481506348,15.4345254898071,109.072875976563,108.656295776367,238.224563598633,0,0,0.635002183798432,15.5057981165839,15.0261209377969,56.114977725284,31.1092745003604,intermitent (51%),intermitent (100%),undefined,,,experiment_6_sample_38.npy
1125,"2026-04-14T14:38:26,170",experiment,6,4600,4600.83,2.16267e-07,28,8.20039653778076,15.452935218811,9.91571617126465,17.493989944458,238.793197631836,0,0,0.712679727898057,13.085554561543,13.1866787931011,53.6251814889811,32.2323655909375,dripping (70%),dripping (90%),undefined,,,experiment_6_sample_39.npy
1126,"2026-04-14T14:38:31,215",experiment,6,4800,4800.72,2.08762e-07,28,41.8579063415527,22.2992763519287,39.6628646850586,47.4272270202637,497.257690429688,0,0,0.882180268978583,18.156673479432,13.9695406073848,54.883271539133,31.3946806318866,intermitent (84%),intermitent (100%),undefined,,,experiment_6_sample_40.npy
1127,"2026-04-14T14:38:36,254",experiment,6,5000,5000.98,2.54756e-07,28,92.3369293212891,15.2861738204956,94.1993026733398,93.5936737060547,233.667098999023,0,0,0.70397497391601,9.94027608689479,14.5617619116368,56.8100457967091,32.0652992813108,intermitent (55%),intermitent (99%),undefined,,,experiment_6_sample_41.npy
1128,"2026-04-14T14:38:41,313",experiment,6,5200,5200.94,2.97171e-07,28,111.549118041992,15.2359418869019,114.030731201172,112.584823608398,232.133926391602,0,0,0.614393983665568,7.76457121852084,12.4343328138343,54.2939081330667,31.5540906142932,multi_jet (43%),intermitent (75%),undefined,,,experiment_6_sample_42.npy
1129,"2026-04-14T14:38:46,356",experiment,6,5400,5400.77,2.54407e-07,28,96.6678237915039,15.4412202835083,99.1571655273438,97.8933029174805,238.431274414063,0,0,0.667689411739563,13.5259498130476,15.6507304458436,57.4236128866498,31.9703275946495,intermitent (41%),intermitent (93%),undefined,,,experiment_6_sample_43.npy
1130,"2026-04-14T14:38:51,423",experiment,6,5600,5600.72,3.90294e-07,28,81.4994506835938,15.3304233551025,79.3257293701172,82.9287796020508,235.021881103516,0,0,0.6286411180952,10.790640987776,12.1553333169973,54.0993900894774,31.7361392064359,multi_jet (40%),multi_jet (66%),cone_jet,,,experiment_6_sample_44.npy
1131,"2026-04-14T14:38:56,480",experiment,6,5800,5800.72,3.84097e-07,28,117.635887145996,15.3002414703369,118.988586425781,118.626724243164,234.097381591797,0,0,0.604314673127572,13.867819494008,14.1012741877821,55.9612722093709,31.4647350489219,multi_jet (47%),multi_jet (54%),undefined,,,experiment_6_sample_45.npy
1132,"2026-04-14T14:39:01,573",experiment,6,6000,6000.91,4.54267e-07,28,140.657409667969,16.1515235900879,138.820022583008,141.581695556641,260.871734619141,0,0,0.770684444941537,10.6917168606888,14.6591514665807,56.2779829357918,31.2405793158581,multi_jet (74%),multi_jet (92%),multi_jet,,,experiment_6_sample_46.npy
1133,"2026-04-14T14:39:06,614",experiment,6,6200,6200.84,4.42223e-07,28,190.775604248047,15.2066287994385,188.39860534668,191.38069152832,231.241561889648,0,0,0.655349210878861,11.7273391715681,15.105969034959,52.5124520834066,32.3486322502578,multi_jet (85%),multi_jet (98%),multi_jet,,,experiment_6_sample_47.npy
1134,"2026-04-14T14:39:11,677",experiment,6,6400,6400.78,5.29323e-07,28,207.383834838867,15.2992963790894,208.230026245117,207.947402954102,234.068466186523,0,0,0.756691048784869,15.7549683014685,12.2827746085158,54.8895471338007,31.6887706655587,multi_jet (87%),multi_jet (99%),multi_jet,,,experiment_6_sample_48.npy
1135,"2026-04-14T14:39:16,716",experiment,6,6600,6600.67,5.34734e-07,28,222.78303527832,15.062554359436,223.103607177734,223.291641235352,226.880554199219,0,0,0.637344480995864,8.77249013654033,11.9238596477264,54.7688458841007,32.2804934825253,multi_jet (95%),multi_jet (100%),multi_jet,,,experiment_6_sample_49.npy
1136,"2026-04-14T14:39:21,759",experiment,6,6800,6800.59,5.9155e-07,28,265.656005859375,15.4124965667725,267.724334716797,266.102722167969,237.545043945313,0,0,0.45993067268497,14.9389097291276,15.0851552796819,55.8119159795792,32.2078776704254,multi_jet (96%),multi_jet (100%),multi_jet,,,experiment_6_sample_50.npy
1137,"2026-04-14T14:39:26,821",experiment,6,7000,7000.9,5.8003e-07,28,251.774719238281,15.2267894744873,252.850769042969,252.234725952148,231.855117797852,0,0,0.614871323782122,14.1312523920369,15.1407315963376,53.1026276233036,32.1385889768336,multi_jet (97%),multi_jet (100%),multi_jet,,,experiment_6_sample_51.npy
1138,"2026-04-14T14:39:31,870",experiment,6,7200,7200.83,6.07696e-07,28,268.944366455078,15.0505113601685,267.724334716797,269.365142822266,226.517883300781,0,0,0.747117432081784,11.850358732898,13.0902368506019,54.0611559377119,31.2948040898427,multi_jet (95%),multi_jet (100%),multi_jet,,,experiment_6_sample_52.npy
1139,"2026-04-14T14:39:36,923",experiment,6,7400,7400.73,7.88269e-07,28,484.867126464844,15.9224214553833,485.870086669922,485.128448486328,253.523498535156,0,0,2.8232731757023,7.68705143577442,12.2510328691394,54.3257001824337,31.4661066980252,multi_jet (100%),multi_jet (100%),multi_jet,,,experiment_6_sample_53.npy
1140,"2026-04-14T14:39:41,974",experiment,6,7600,7600.65,1.09224e-06,28,632.382934570313,15.6491889953613,634.605834960938,632.576477050781,244.897125244141,0,0,2.04700240482639,13.4465823439345,14.2572408129006,55.6933004480289,32.7878859695311,multi_jet (100%),multi_jet (100%),multi_jet,,,experiment_6_sample_54.npy
1141,"2026-04-14T14:39:47,028",experiment,6,7800,7800.53,1.40259e-06,28,916.759826660156,15.8745269775391,917.203735351563,916.897277832031,252.000595092773,0,0,1.83417449258331,16.334685545769,14.5026725120553,57.4275616594905,31.2701275615197,multi_jet (100%),multi_jet (100%),multi_jet,,,experiment_6_sample_55.npy
1142,"2026-04-14T14:39:52,077",experiment,6,8000,8000.7,1.70998e-06,28,1188.32373046875,15.6448678970337,1189.88598632813,1188.4267578125,244.761901855469,0,0,1.25901818075978,14.4670185985499,13.4317942177052,53.23451725883,31.2449222263664,multi_jet (100%),multi_jet (100%),multi_jet,,,experiment_6_sample_56.npy
1143,"2026-04-14T14:39:57,122",experiment,6,8200,8200.69,1.97032e-06,28,1501.10302734375,15.9854469299316,1502.23095703125,1501.18823242188,255.534515380859,0,0,1.16201279537561,9.80737488220601,14.7182163528428,52.9690175322111,31.1917322873208,multi_jet (100%),multi_jet (100%),multi_jet,,,experiment_6_sample_57.npy
1144,"2026-04-14T14:40:02,154",experiment,6,8400,8400.64,2.29751e-06,28,1900.28991699219,17.1553249359131,1898.85961914063,1900.36730957031,294.30517578125,0,0,1.13419232138015,15.4173766173262,14.9850782150827,60.8002279910066,33.1496782074622,multi_jet (100%),multi_jet (100%),multi_jet,,,experiment_6_sample_58.npy
1145,"2026-04-14T14:40:07,195",experiment,6,8600,8600.46,2.74366e-06,28,2295.21508789063,15.7277164459229,2295.48828125,2295.26904296875,247.361053466797,0,0,0.644180258074815,11.7657511791498,14.7125587324601,55.7155140479474,32.0145411806656,multi_jet (100%),multi_jet (100%),multi_jet,,,experiment_6_sample_59.npy
1146,"2026-04-14T14:40:12,237",experiment,6,8800,8800.38,3.14993e-06,28,2551.68725585938,15.4831428527832,2553.296875,2551.73461914063,239.727722167969,0,0,0.904597508133277,15.1759489130157,15.7952865080215,55.765538463843,33.4897671090468,multi_jet (100%),multi_jet (100%),multi_jet,,,experiment_6_sample_60.npy
1147,"2026-04-14T14:40:17,274",experiment,6,9000,9000.61,3.38933e-06,28,2844.97607421875,15.8373174667358,2845.81030273438,2845.02001953125,250.82063293457,0,0,1.08287416310252,16.8184895099008,14.7590194181036,55.2892971483453,32.4601091057723,multi_jet (100%),multi_jet (100%),multi_jet,,,experiment_6_sample_61.npy
1148,"2026-04-14T14:40:39,442",experiment,6,3000,3001.15,-3.30739e-08,30,-3.6908278465271,15.7590084075928,-4.95785808563232,16.1854438781738,248.34635925293,0,0,0.686255383677185,16.9597842230784,17.3549618529654,58.0331362911659,33.2740592508029,dripping (92%),dripping (100%),dripping,,,experiment_6_sample_62.npy
1149,"2026-04-14T14:40:44,493",experiment,6,3200,3201.06,3.62191e-08,30,-4.49528980255127,15.4815053939819,-4.95785808563232,16.1209392547607,239.677017211914,0,0,0.561045594494829,13.9036677935116,13.6250120944766,57.7681360260476,33.2030581985,dripping (68%),dripping (97%),dripping,,,experiment_6_sample_63.npy
1150,"2026-04-14T14:40:49,529",experiment,6,3400,3400.95,1.22185e-08,30,34.7900848388672,15.3148431777954,34.705005645752,38.0117645263672,234.544418334961,0,0,0.513014849803778,12.5778501883408,15.480351727436,54.462991738965,32.6077190996709,intermitent (88%),intermitent (100%),intermitent,,,experiment_6_sample_64.npy
1151,"2026-04-14T14:40:54,562",experiment,6,3600,3600.84,4.21538e-08,30,-4.96400547027588,15.1802768707275,-4.95785808563232,15.9712915420532,230.440795898438,0,0,0.479366435151026,8.92037688690542,11.5446647648165,54.8796084863766,33.2701181772994,dripping (59%),dripping (75%),intermitent,,,experiment_6_sample_65.npy
1152,"2026-04-14T14:40:59,601",experiment,6,3800,3800.84,4.24157e-08,30,62.2464981079102,15.2620573043823,64.4521560668945,64.0902328491211,232.930404663086,0,0,0.601463132966131,14.6582667515806,13.4959418071533,54.4097532030785,31.8284545406532,intermitent (78%),intermitent (100%),undefined,,,experiment_6_sample_66.npy
1153,"2026-04-14T14:41:04,667",experiment,6,4000,4001,8.91951e-08,30,89.1129379272461,15.1199617385864,89.2414474487305,90.3865509033203,228.613235473633,0,0,0.710304103708332,10.4085849746598,14.3601377357067,57.1418474953813,31.9624639978721,intermitent (71%),intermitent (100%),undefined,,,experiment_6_sample_67.npy
1154,"2026-04-14T14:41:09,706",experiment,6,4200,4200.88,1.74724e-07,30,63.3562698364258,15.8576936721802,64.4521560668945,65.3106689453125,251.466445922852,0,0,0.562163055000114,16.6434063574295,15.0424465773953,56.2018778908474,31.3354029544851,intermitent (80%),intermitent (100%),intermitent,,,experiment_6_sample_68.npy
1155,"2026-04-14T14:41:14,760",experiment,6,4400,4400.94,1.39378e-07,30,60.1713447570801,15.507266998291,59.4942932128906,62.1374740600586,240.475326538086,0,0,0.732799437428227,10.2254559380846,13.0667038116017,53.7159504689765,31.6071147656834,intermitent (66%),intermitent (99%),undefined,,,experiment_6_sample_69.npy
1156,"2026-04-14T14:41:19,804",experiment,6,4600,4600.85,1.55e-07,30,127.687850952148,15.2999858856201,128.904312133789,128.601226806641,234.089553833008,0,0,0.590549487117696,9.90558098986884,13.1560193449781,54.3208162312054,32.5509488206158,multi_jet (38%),intermitent (100%),undefined,,,experiment_6_sample_70.npy
1157,"2026-04-14T14:41:24,853",experiment,6,4800,4800.72,2.22377e-07,30,93.3961334228516,18.0657939910889,94.1993026733398,95.1273345947266,326.372924804688,0,0,0.729318475573492,10.4274334136965,11.3763318983752,52.7132588709785,32.4838183873338,intermitent (63%),intermitent (100%),undefined,,,experiment_6_sample_71.npy
1158,"2026-04-14T14:41:29,895",experiment,6,5000,5000.97,2.24122e-07,30,108.735038757324,15.2100553512573,109.072875976563,109.793701171875,231.345794677734,0,0,0.629651482314395,11.5028820185393,14.6763651141868,55.0115706330742,31.8799908694478,intermitent (40%),intermitent (99%),intermitent,,,experiment_6_sample_72.npy
1159,"2026-04-14T14:41:34,949",experiment,6,5200,5200.92,2.96822e-07,30,89.7033233642578,14.880051612854,89.2414474487305,90.9291000366211,221.415924072266,0,0,0.67479764827962,7.57786778697804,12.1952385370936,52.7464393917934,31.5294745350722,intermitent (40%),intermitent (84%),undefined,,,experiment_6_sample_73.npy
1160,"2026-04-14T14:41:40,005",experiment,6,5400,5400.78,2.99877e-07,30,132.888534545898,15.1553030014038,133.862167358398,133.749954223633,229.683197021484,0,0,0.57594677178143,10.0832720552976,12.5805391299815,54.6850846286442,31.8237416857035,multi_jet (50%),intermitent (57%),undefined,,,experiment_6_sample_74.npy
1161,"2026-04-14T14:41:45,059",experiment,6,5600,5600.71,3.39413e-07,30,98.5522003173828,16.2494735717773,99.1571655273438,99.8828430175781,264.045379638672,0,0,0.915482151781197,13.5726942472634,15.0295647729294,57.2119203095657,31.4891862963559,multi_jet (46%),intermitent (83%),undefined,,,experiment_6_sample_75.npy
1162,"2026-04-14T14:41:50,104",experiment,6,5800,5800.7,3.10699e-07,30,145.241134643555,15.3837747573853,143.777877807617,146.053588867188,236.660522460938,0,0,0.850815920100309,15.9529178470728,14.6687651598912,55.5481106647416,32.7709487953431,multi_jet (76%),multi_jet (95%),undefined,,,experiment_6_sample_76.npy
1163,"2026-04-14T14:41:55,194",experiment,6,6000,6000.89,4.16215e-07,30,222.140975952148,15.3991899490356,223.103607177734,222.674102783203,237.135040283203,0,0,0.609989174152773,9.54908213811991,11.9595416383969,54.1615963757587,31.3991148203048,multi_jet (92%),multi_jet (100%),undefined,,,experiment_6_sample_77.npy
1164,"2026-04-14T14:42:00,237",experiment,6,6200,6200.84,4.1796e-07,30,235.947647094727,15.0820512771606,237.977172851563,236.429183959961,227.468276977539,0,0,0.535489137213149,12.2451286388666,15.9532116459583,53.6214326526471,31.6089923935705,multi_jet (87%),multi_jet (98%),multi_jet,,,experiment_6_sample_78.npy
1165,"2026-04-14T14:42:05,288",experiment,6,6400,6400.76,5.26269e-07,30,202.248672485352,15.7131223678589,203.272186279297,202.858154296875,246.902206420898,0,0,0.714876498065407,15.3858775907874,16.0469855589849,54.9402791948466,31.6353711107372,multi_jet (92%),multi_jet (100%),multi_jet,,,experiment_6_sample_79.npy
1166,"2026-04-14T14:42:10,313",experiment,6,6600,6600.66,5.5891e-07,30,239.58935546875,15.2873210906982,237.977172851563,240.076599121094,233.702194213867,0,0,0.732732370778169,11.9385615797318,15.5787602112572,57.5540525186035,32.1966498149341,multi_jet (94%),multi_jet (100%),multi_jet,,,experiment_6_sample_80.npy
1167,"2026-04-14T14:42:15,362",experiment,6,6800,6800.55,5.52189e-07,30,269.728668212891,15.0554046630859,267.724334716797,270.148529052734,226.66520690918,0,0,0.83198324782491,8.51863260437177,11.6109271680696,56.0913952110623,31.7380347446817,multi_jet (95%),multi_jet (100%),multi_jet,,,experiment_6_sample_81.npy
1168,"2026-04-14T14:42:20,413",experiment,6,7000,7000.93,5.91638e-07,30,276.396606445313,15.2485675811768,277.640045166016,276.816925048828,232.518798828125,0,0,0.851544773901153,13.5623762948575,13.4955325735455,54.4738177013458,30.7822282345283,multi_jet (97%),multi_jet (100%),multi_jet,,,experiment_6_sample_82.npy
1169,"2026-04-14T14:42:25,454",experiment,6,7200,7200.82,6.48192e-07,30,297.300445556641,15.4361572265625,297.471496582031,297.700897216797,238.274963378906,0,0,0.857770611099043,15.4115322641643,14.8126328804053,55.5837201327057,32.6242878209227,multi_jet (97%),multi_jet (100%),multi_jet,,,experiment_6_sample_83.npy
1170,"2026-04-14T14:42:30,499",experiment,6,7400,7400.72,8.39761e-07,30,301.210693359375,15.2290887832642,302.429351806641,301.595458984375,231.925155639648,0,0,0.61991203571148,13.7554570074999,16.4378631985436,56.1843412819034,32.0827237561824,multi_jet (97%),multi_jet (100%),multi_jet,,,experiment_6_sample_84.npy
1171,"2026-04-14T14:42:35,550",experiment,6,7600,7600.59,9.06439e-07,30,730.779907226563,15.8548946380615,728.805114746094,730.951904296875,251.377685546875,0,0,2.16668091093947,11.2292506800402,13.9348220638843,57.7270517399664,32.6326066452801,multi_jet (100%),multi_jet (100%),multi_jet,,,experiment_6_sample_85.npy
1172,"2026-04-14T14:42:40,575",experiment,6,7800,7800.52,1.32248e-06,30,847.670715332031,16.2179660797119,847.793701171875,847.825866699219,263.022430419922,0,0,1.31196063251795,17.4380196898346,16.0945269128319,58.1447831899088,32.9736208129933,multi_jet (100%),multi_jet (100%),multi_jet,,,experiment_6_sample_86.npy
1173,"2026-04-14T14:42:45,609",experiment,6,8000,8000.66,1.48184e-06,30,1082.93762207031,16.0415115356445,1080.81311035156,1083.05639648438,257.330078125,0,0,1.28206604484675,17.886705572854,16.5063176230129,55.1987464492508,32.1126929157089,multi_jet (100%),multi_jet (100%),multi_jet,,,experiment_6_sample_87.npy
1174,"2026-04-14T14:42:50,677",experiment,6,8200,8200.69,1.9163e-06,30,1201.66857910156,37.3779792785645,1209.71740722656,1202.24975585938,1397.11328125,0,0,4.36575796780663,9.84506767725935,12.7348616116736,54.4491529723865,33.1185520074957,multi_jet (100%),multi_jet (100%),multi_jet,,,experiment_6_sample_88.npy
1175,"2026-04-14T14:42:55,710",experiment,6,8400,8400.61,2.29105e-06,30,1884.66528320313,15.4556732177734,1883.98596191406,1884.72875976563,238.877838134766,0,0,1.27744190003846,12.6428630189259,15.9288926872651,56.6193532670654,32.9284391713999,multi_jet (100%),multi_jet (100%),multi_jet,,,experiment_6_sample_89.npy
1176,"2026-04-14T14:43:00,729",experiment,6,8600,8600.46,2.68999e-06,30,2194.78247070313,19.2432022094727,2196.3310546875,2194.86694335938,370.300842285156,0,0,2.36850959995356,8.11848966315503,11.3344039633255,55.6494560109919,32.0568736152757,multi_jet (100%),multi_jet (100%),multi_jet,,,experiment_6_sample_90.npy
1177,"2026-04-14T14:43:05,745",experiment,6,8800,8800.35,3.2304e-06,30,2669.109375,15.3363981246948,2667.32763671875,2669.15356445313,235.205093383789,0,0,1.3344630415848,9.40877005645359,12.7028109577621,54.6850827371473,32.6366582213517,multi_jet (100%),multi_jet (100%),multi_jet,,,experiment_6_sample_91.npy
1178,"2026-04-14T14:43:10,773",experiment,6,9000,9000.61,3.36367e-06,30,2917.22583007813,16.9902210235596,2915.22045898438,2917.275390625,288.667602539063,0,0,1.5525576869003,9.22110092059115,12.2581138134528,57.4026211085435,33.6837324266319,multi_jet (100%),multi_jet (100%),multi_jet,,,experiment_6_sample_92.npy
1179,"2026-04-14T14:48:44,958",experiment,7,3000,3000.97,-6.54497e-08,33,1.55329692363739,15.2390260696411,0,15.3179845809937,232.227905273438,0,0,0.40183295729952,11.4835302928585,12.1473404363857,55.7038666368547,33.2220293947969,dripping (65%),dripping (100%),dripping,,,experiment_7_sample_0.npy
1180,"2026-04-14T14:48:50,515",experiment,7,3200,3200.98,-6.23954e-08,33,-14.0450172424316,15.1300563812256,-14.8735733032227,20.6441555023193,228.918594360352,0,0,0.551667158247764,10.0170310653369,11.745399399448,53.0822886553942,32.5280935019481,dripping (51%),dripping (78%),dripping,,,experiment_7_sample_1.npy
1181,"2026-04-14T14:48:55,544",experiment,7,3400,3400.89,-4.66875e-08,33,5.54913234710693,15.5551614761353,4.95785808563232,16.515323638916,241.96305847168,0,0,0.609053558911516,19.363031415702,15.1394852303546,54.2610261983844,33.6251413003183,dripping (85%),dripping (99%),intermitent,,,experiment_7_sample_2.npy
1182,"2026-04-14T14:49:00,580",experiment,7,3600,3600.8,1.05602e-08,33,40.1526031494141,14.9716663360596,39.6628646850586,42.85302734375,224.150802612305,0,0,0.693947590869807,8.49429897923255,12.6894540872977,53.3543850307217,31.7175227132326,intermitent (83%),intermitent (100%),intermitent,,,experiment_7_sample_3.npy
1183,"2026-04-14T14:49:05,642",experiment,7,3800,3800.76,3.44736e-08,33,16.471887588501,15.2304000854492,14.8735733032227,22.4340858459473,231.965072631836,0,0,0.459553278482942,13.8905835985413,14.9902619621858,53.8829889378678,31.0925607097816,intermitent (77%),intermitent (100%),undefined,,,experiment_7_sample_4.npy
1184,"2026-04-14T14:49:10,662",experiment,7,4000,4000.94,2.57461e-08,33,34.5803642272949,14.9977531433105,34.705005645752,37.6926307678223,224.932586669922,0,0,0.69212018908762,11.6627361586961,13.1799471469551,52.8193286390145,31.7405852715091,intermitent (81%),intermitent (99%),undefined,,,experiment_7_sample_5.npy
1185,"2026-04-14T14:49:15,709",experiment,7,4200,4200.85,8.23877e-08,33,45.4644508361816,14.8234977722168,44.6207237243652,47.8199996948242,219.736083984375,0,0,0.501424497571022,7.81962254023828,11.267048662314,50.8515114116839,31.1959589983202,intermitent (81%),intermitent (99%),undefined,,,experiment_7_sample_6.npy
1186,"2026-04-14T14:49:20,746",experiment,7,4400,4400.9,6.47581e-08,33,52.9182891845703,14.9804906845093,54.5364379882813,54.9978256225586,224.415115356445,0,0,0.604539345210581,12.3734630454969,12.6713969146837,49.9584514456216,31.4877685701286,intermitent (64%),intermitent (99%),cone_jet,,,experiment_7_sample_7.npy
1187,"2026-04-14T14:49:25,776",experiment,7,4600,4600.78,8.35223e-08,33,44.0045585632324,14.8726444244385,44.6207237243652,46.4499359130859,221.195541381836,0,0,0.617900406774702,7.40364984280124,10.8251972302478,50.6375585041406,31.0178826179224,intermitent (67%),intermitent (95%),cone_jet,,,experiment_7_sample_8.npy
1188,"2026-04-14T14:49:30,811",experiment,7,4800,4800.68,1.21137e-07,33,63.5295944213867,14.9820652008057,64.4521560668945,65.2722854614258,224.462280273438,0,0,0.569076433540343,9.15898908841763,11.9513715793364,53.4508137765985,31.3408567525973,intermitent (59%),intermitent (94%),cone_jet,,,experiment_7_sample_9.npy
1189,"2026-04-14T14:49:35,842",experiment,7,5000,5000.92,1.26636e-07,33,101.453643798828,15.0660200119019,99.1571655273438,102.566200256348,226.984954833984,0,0,0.418234057556826,11.9907589275014,13.1200795124442,54.5162395739685,32.0309154783182,intermitent (37%),intermitent (93%),cone_jet,,,experiment_7_sample_10.npy
1190,"2026-04-14T14:49:40,880",experiment,7,5200,5200.9,1.12148e-07,33,77.9941482543945,14.9939632415771,79.3257293701172,79.4223251342773,224.818923950195,0,0,0.642404349570724,8.5224486647329,11.9407135762413,54.4209281337675,32.3766962922912,intermitent (50%),intermitent (69%),cone_jet,,,experiment_7_sample_11.npy
1191,"2026-04-14T14:49:45,920",experiment,7,5400,5400.72,9.97554e-08,33,57.1842308044434,15.4971570968628,59.4942932128906,59.2469291687012,240.161880493164,0,0,0.652519133639781,10.270374696384,13.0985939562297,55.8703104767534,32.0965347496569,intermitent (54%),intermitent (58%),multi_jet,,,experiment_7_sample_12.npy
1192,"2026-04-14T14:49:50,957",experiment,7,5600,5600.68,1.61022e-07,33,66.5887908935547,14.9891338348389,64.4521560668945,68.2549743652344,224.674133300781,0,0,0.629259404552677,9.46437128629347,11.0451966229422,52.0747939019103,31.5191002862764,multi_jet (37%),multi_jet (84%),multi_jet,,,experiment_7_sample_13.npy
1193,"2026-04-14T14:49:56,027",experiment,7,5800,5800.68,1.81968e-07,33,53.6839904785156,18.7894687652588,54.5364379882813,56.8771858215332,353.044128417969,0,0,0.952786326352975,9.8518493572962,13.033669740953,52.7623555871622,31.9312111197432,intermitent (61%),intermitent (90%),multi_jet,,,experiment_7_sample_14.npy
1194,"2026-04-14T14:50:01,078",experiment,7,6000,6000.87,1.64688e-07,33,110.832122802734,14.850492477417,109.072875976563,111.822616577148,220.537124633789,0,0,0.438253672644906,8.03873010416751,12.4947080999992,50.6425715095215,31.1207325004558,multi_jet (51%),multi_jet (95%),multi_jet,,,experiment_7_sample_15.npy
1195,"2026-04-14T14:50:06,103",experiment,7,6200,6200.82,1.91656e-07,33,117.847389221191,15.2484540939331,118.988586425781,118.829803466797,232.515365600586,0,0,0.542854268195648,11.801591192158,14.703631559708,56.1552811071701,32.7919549602447,multi_jet (49%),multi_jet (86%),multi_jet,,,experiment_7_sample_16.npy
1196,"2026-04-14T14:50:11,129",experiment,7,6400,6400.74,2.36428e-07,33,123.994438171387,15.3128862380981,123.946449279785,124.936408996582,234.484497070313,0,0,0.581888938873875,13.4999111555974,13.2941567907874,56.4806827109978,32.0335405407728,multi_jet (50%),multi_jet (87%),multi_jet,,,experiment_7_sample_17.npy
1197,"2026-04-14T14:50:16,154",experiment,7,6600,6600.61,2.30755e-07,33,109.632217407227,15.2133150100708,109.072875976563,110.682739257813,231.444961547852,0,0,0.743620920535297,10.612210764459,13.9194811966979,54.9744787378355,32.8328263445394,multi_jet (56%),multi_jet (72%),multi_jet,,,experiment_7_sample_18.npy
1198,"2026-04-14T14:50:21,171",experiment,7,6800,6800.55,3.07732e-07,33,312.712646484375,15.5349903106689,312.345062255859,313.098266601563,241.335922241211,0,0,0.665904564122374,17.8000649473209,13.9277686028884,54.4722254051835,31.3323714052634,multi_jet (99%),multi_jet (100%),multi_jet,,,experiment_7_sample_19.npy
1199,"2026-04-14T14:50:26,199",experiment,7,7000,7000.9,7.88007e-07,33,439.706268310547,15.9684352874756,441.249359130859,439.996124267578,254.990921020508,0,0,0.917139368073683,12.6357518917064,13.7507557458072,54.5969955190767,31.7075283563153,multi_jet (100%),multi_jet (100%),multi_jet,,,experiment_7_sample_20.npy
1200,"2026-04-14T14:50:31,230",experiment,7,7200,7200.8,6.29951e-07,33,454.643402099609,15.7786140441895,456.122924804688,454.917114257813,248.96467590332,0,0,0.682208271185747,12.9887869292584,16.1965667160263,55.0138789131077,31.5380613450717,multi_jet (100%),multi_jet (100%),multi_jet,,,experiment_7_sample_21.npy
1201,"2026-04-14T14:50:36,267",experiment,7,7400,7400.7,8.28852e-07,33,489.684753417969,22.8486995697021,490.827941894531,490.217529296875,522.063110351563,0,0,1.38607446119394,12.2090668241945,13.0932096634754,53.245939704803,32.364205011262,multi_jet (100%),multi_jet (100%),multi_jet,,,experiment_7_sample_22.npy
1202,"2026-04-14T14:50:41,298",experiment,7,7600,7600.59,1.1303e-06,33,834.092468261719,35.6437911987305,827.962280273438,834.853759765625,1270.47998046875,0,0,2.34719009965312,11.211941690422,15.1125407601999,54.1543139840591,31.3090679055975,multi_jet (100%),multi_jet (100%),multi_jet,,,experiment_7_sample_23.npy
1203,"2026-04-14T14:50:46,334",experiment,7,7800,7800.52,1.18685e-06,33,1656.17565917969,275.495086669922,1660.88244628906,1678.93286132813,75897.5390625,0,0,165.443675560744,14.4639543195564,13.5957628700964,52.2386617724326,32.1062441208147,multi_jet (99%),multi_jet (100%),multi_jet,,,experiment_7_sample_24.npy
1204,"2026-04-14T14:50:51,366",experiment,7,8000,8000.64,1.38715e-06,33,1188.60412597656,18.1601009368896,1189.88598632813,1188.74304199219,329.789245605469,0,0,1.08222443248076,9.09843286795009,13.1677424452557,51.3779466853425,31.5105706506329,multi_jet (100%),multi_jet (100%),multi_jet,,,experiment_7_sample_25.npy
1205,"2026-04-14T14:50:56,399",experiment,7,8200,8200.65,1.53098e-06,33,1263.22253417969,15.6477365493774,1264.25378417969,1263.31958007813,244.851654052734,0,0,0.892439409860696,13.2578949115551,15.195723121945,56.7325395604466,32.9387040213225,multi_jet (100%),multi_jet (100%),multi_jet,,,experiment_7_sample_26.npy
1206,"2026-04-14T14:51:01,436",experiment,7,8400,8400.63,1.59416e-06,33,1522.76501464844,16.4280414581299,1522.06237792969,1522.85363769531,269.880523681641,0,0,0.838184592048632,15.9810110494084,16.5731864608105,55.8640448443502,31.3224440074044,multi_jet (100%),multi_jet (100%),multi_jet,,,experiment_7_sample_27.npy
1207,"2026-04-14T14:51:06,465",experiment,7,8600,8600.45,1.7736e-06,33,1566.03356933594,15.6512889862061,1566.68322753906,1566.11193847656,244.962844848633,0,0,0.843421659007591,11.7578690970033,12.9436745540398,54.4871672973892,32.004222682039,multi_jet (100%),multi_jet (100%),multi_jet,,,experiment_7_sample_28.npy
1208,"2026-04-14T14:51:11,496",experiment,7,8800,8800.38,1.94195e-06,33,1656.88830566406,15.5161600112915,1655.92456054688,1656.96118164063,240.751220703125,0,0,0.778584761997819,10.1960460176064,12.1500346497648,52.7146485042915,31.8919599652301,multi_jet (100%),multi_jet (100%),multi_jet,,,experiment_7_sample_29.npy
1209,"2026-04-14T14:51:16,518",experiment,7,9000,9000.61,1.96491e-06,33,1561.58203125,16.9041194915771,1561.72521972656,1561.67346191406,285.749267578125,0,0,0.867234145659884,12.5656457372829,16.8426298570772,53.8695818549739,32.3779371446769,multi_jet (100%),multi_jet (100%),multi_jet,,,experiment_7_sample_30.npy
1210,"2026-04-14T14:51:38,686",experiment,7,3000,3001.15,6.3449e-08,36,11.4297466278076,15.5328378677368,9.91571617126465,19.2849216461182,241.26904296875,0,0,0.610251917904399,16.0406242692197,16.7720088277407,57.5545321503114,33.3015859871105,dripping (92%),dripping (100%),dripping,,,experiment_7_sample_31.npy
1211,"2026-04-14T14:51:43,741",experiment,7,3200,3201.05,8.07295e-08,36,16.7826480865479,15.235933303833,14.8735733032227,22.666955947876,232.133666992188,0,0,0.490417551829049,10.9094004330313,15.4797446382072,54.6416563972206,30.8751524108439,intermitent (71%),intermitent (89%),dripping,,,experiment_7_sample_32.npy
1212,"2026-04-14T14:51:48,773",experiment,7,3400,3400.93,9.16388e-08,36,-11.6991577148438,15.4993152618408,-9.91571617126465,19.4190368652344,240.228775024414,0,0,0.410662872475076,13.56122047728,15.1179429889356,56.3982785599149,31.9013081086684,dripping (78%),dripping (94%),dripping,,,experiment_7_sample_33.npy
1213,"2026-04-14T14:51:53,809",experiment,7,3600,3600.84,1.17821e-07,36,67.5908737182617,15.0578641891479,69.4100112915039,69.2478637695313,226.739273071289,0,0,0.535431032163153,11.933982966765,12.3687596927428,52.7222580120182,31.3721845650775,intermitent (77%),intermitent (100%),intermitent,,,experiment_7_sample_34.npy
1214,"2026-04-14T14:51:58,854",experiment,7,3800,3800.82,1.31087e-07,36,37.3754081726074,14.9711456298828,39.6628646850586,40.2623443603516,224.135192871094,0,0,0.752811482984348,9.21300714713127,14.0214525216632,52.6012108987145,31.7297547245202,intermitent (88%),intermitent (100%),intermitent,,,experiment_7_sample_35.npy
1215,"2026-04-14T14:52:03,898",experiment,7,4000,4001,1.46534e-07,36,-6.11006355285645,15.4853439331055,-4.95785808563232,16.6471843719482,239.795883178711,0,0,0.656717530333116,12.43552940531,13.8182380351902,59.7986649637807,32.3642504870332,dripping (59%),dripping (57%),intermitent,,,experiment_7_sample_36.npy
1216,"2026-04-14T14:52:08,957",experiment,7,4200,4200.89,1.6879e-07,36,19.4717884063721,15.1451625823975,19.8314323425293,24.6683311462402,229.375961303711,0,0,0.765184151348835,8.78582341576583,13.80315275383,50.7884457821878,31.3291837663142,intermitent (78%),intermitent (99%),intermitent,,,experiment_7_sample_37.npy
1217,"2026-04-14T14:52:13,993",experiment,7,4400,4400.95,1.94012e-07,36,82.0510635375977,15.24143409729,84.2835845947266,83.4546508789063,232.301315307617,0,0,0.618726406496741,14.4637027930652,13.4273159851065,55.4325541810225,32.9617068425239,intermitent (55%),intermitent (100%),undefined,,,experiment_7_sample_38.npy
1218,"2026-04-14T14:52:19,066",experiment,7,4600,4600.82,1.81532e-07,36,51.1961288452148,15.7167806625366,49.5785827636719,53.5542793273926,247.017196655273,0,0,0.491259484092067,9.22035546434227,15.4219090711814,51.1677534981218,31.550746326846,intermitent (75%),intermitent (100%),intermitent,,,experiment_7_sample_39.npy
1219,"2026-04-14T14:52:24,115",experiment,7,4800,4800.71,1.87816e-07,36,30.9662857055664,15.5234279632568,29.7471466064453,34.6393966674805,240.976806640625,0,0,0.712952257666772,10.1304669879388,11.7001691130549,53.263101911071,31.2787455986355,intermitent (70%),intermitent (99%),intermitent,,,experiment_7_sample_40.npy
1220,"2026-04-14T14:52:29,157",experiment,7,5000,5000.95,1.98114e-07,36,11.3878021240234,15.4076623916626,9.91571617126465,19.1592826843262,237.396057128906,0,0,0.612911290070874,7.48214788073484,12.4335385192573,52.7634780739471,33.1489549784709,dripping (54%),dripping (41%),intermitent,,,experiment_7_sample_41.npy
1221,"2026-04-14T14:52:34,196",experiment,7,5200,5200.9,2.08063e-07,36,52.2600898742676,19.0414867401123,54.5364379882813,55.6209945678711,362.578186035156,0,0,0.847765948977748,9.46404419039954,12.7250734109039,54.4283669679702,31.392032827412,intermitent (70%),intermitent (100%),intermitent,,,experiment_7_sample_42.npy
1222,"2026-04-14T14:52:39,246",experiment,7,5400,5400.76,2.21678e-07,36,2.09866118431091,15.0800714492798,0,15.2254037857056,227.408554077148,0,0,0.611339177568037,8.59593439315935,14.2205457931223,55.9980136567543,32.1196552346806,dripping (49%),dripping (77%),intermitent,,,experiment_7_sample_43.npy
1223,"2026-04-14T14:52:44,295",experiment,7,5600,5600.71,2.69592e-07,36,107.007919311523,15.1935396194458,109.072875976563,108.081176757813,230.843643188477,0,0,0.522727552631805,13.6327774184862,14.4028335868054,52.9249067912864,31.2397498374904,multi_jet (38%),multi_jet (48%),cone_jet,,,experiment_7_sample_44.npy
1224,"2026-04-14T14:52:49,364",experiment,7,5800,5800.73,2.67934e-07,36,104.227462768555,15.3359975814819,104.115013122559,105.349685668945,235.192825317383,0,0,0.642843894642007,14.8202961647199,14.9954065814602,53.1144733857235,30.5732332115597,multi_jet (42%),intermitent (58%),cone_jet,,,experiment_7_sample_45.npy
1225,"2026-04-14T14:52:54,403",experiment,7,6000,6000.93,2.84342e-07,36,66.5056991577148,15.2625379562378,64.4521560668945,68.2345428466797,232.945053100586,0,0,0.745423941006472,12.9329140905005,13.6307282627689,54.262362678455,32.3507444911763,intermitent (36%),multi_jet (58%),multi_jet,,,experiment_7_sample_46.npy
1226,"2026-04-14T14:52:59,480",experiment,7,6200,6200.84,3.09477e-07,36,99.0342025756836,15.4424848556519,99.1571655273438,100.23095703125,238.470336914063,0,0,0.615271227305539,13.3076256236862,14.4948915311966,55.6886055040484,32.0517258858506,multi_jet (47%),multi_jet (82%),multi_jet,,,experiment_7_sample_47.npy
1227,"2026-04-14T14:53:04,532",experiment,7,6400,6400.79,3.22394e-07,36,107.65461730957,15.1388254165649,109.072875976563,108.713859558105,229.184020996094,0,0,0.789629773312516,9.93660131278021,14.2473508801416,54.3530684859522,32.3268627607887,multi_jet (51%),multi_jet (73%),multi_jet,,,experiment_7_sample_48.npy
1228,"2026-04-14T14:53:09,585",experiment,7,6600,6600.68,3.25012e-07,36,120.612983703613,15.0362386703491,118.988586425781,121.546615600586,226.088485717773,0,0,0.642598321023074,7.69619723908285,14.3696671858396,53.0537673241626,32.17894593707,multi_jet (61%),multi_jet (91%),multi_jet,,,experiment_7_sample_49.npy
1229,"2026-04-14T14:53:14,736",experiment,7,6800,6800.59,3.53987e-07,36,114.450859069824,15.2282276153564,114.030731201172,115.459503173828,231.89892578125,0,0,0.578970436585824,11.3295976142941,13.8979032611285,52.6505738184698,31.9861806621827,multi_jet (57%),multi_jet (96%),multi_jet,,,experiment_7_sample_50.npy
1230,"2026-04-14T14:53:19,825",experiment,7,7000,7000.91,3.67602e-07,36,110.902320861816,15.4700736999512,109.072875976563,111.976112365723,239.323165893555,0,0,0.726713280790211,17.3045427895114,15.8793440671339,55.0521666554836,32.037830734717,multi_jet (62%),multi_jet (97%),multi_jet,,,experiment_7_sample_51.npy
1231,"2026-04-14T14:53:24,874",experiment,7,7200,7200.86,3.75632e-07,36,120.967262268066,14.9942378997803,118.988586425781,121.893020629883,224.827163696289,0,0,0.477322857465539,9.3044635285654,13.9470884507364,52.1353840864499,31.0845775192783,multi_jet (64%),multi_jet (99%),multi_jet,,,experiment_7_sample_52.npy
1232,"2026-04-14T14:53:29,923",experiment,7,7400,7400.75,3.93261e-07,36,167.574325561523,15.261118888855,168.567169189453,168.267791748047,232.901763916016,0,0,1.19533284799211,11.0499267608675,16.1019578868123,54.0990570072402,31.5221227445124,multi_jet (94%),multi_jet (100%),multi_jet,,,experiment_7_sample_53.npy
1233,"2026-04-14T14:53:34,972",experiment,7,7600,7600.65,4.11764e-07,36,147.956253051758,15.1269311904907,148.735748291016,148.7275390625,228.824035644531,0,0,0.620556245629552,9.91453359381364,12.7830657296308,53.526347654186,32.1057713809604,multi_jet (90%),multi_jet (100%),multi_jet,,,experiment_7_sample_54.npy
1234,"2026-04-14T14:53:40,024",experiment,7,7800,7800.58,4.87431e-07,36,317.370147705078,15.2025871276855,317.302917480469,317.734039306641,231.118667602539,0,0,0.965075977129925,13.6796431956804,13.6680116027502,52.9499384318753,30.6939907876639,multi_jet (96%),multi_jet (100%),multi_jet,,,experiment_7_sample_55.npy
1235,"2026-04-14T14:53:45,067",experiment,7,8000,8000.69,6.95059e-07,36,286.930084228516,14.9777183532715,287.555755615234,287.320739746094,224.332046508789,0,0,1.39143089575428,8.1407031104323,12.769115307193,51.6288210484055,31.8927695279296,multi_jet (95%),multi_jet (100%),multi_jet,,,experiment_7_sample_56.npy
1236,"2026-04-14T14:53:50,103",experiment,7,8200,8200.72,4.95286e-07,36,347.68896484375,15.7833309173584,347.050079345703,348.046997070313,249.113525390625,0,0,0.763872260856108,14.3917275763846,15.4580782503999,54.9477729973166,31.700779533299,multi_jet (100%),multi_jet (100%),multi_jet,,,experiment_7_sample_57.npy
1237,"2026-04-14T14:53:55,142",experiment,7,8400,8400.65,6.20089e-07,36,407.188568115234,15.1743831634521,406.544372558594,407.471221923828,230.261917114258,0,0,0.714219945817183,12.1014861272306,13.7230204426048,54.856674045175,32.1942351590316,multi_jet (95%),multi_jet (100%),multi_jet,,,experiment_7_sample_58.npy
1238,"2026-04-14T14:54:00,171",experiment,7,8600,8600.5,7.59555e-07,36,528.740295410156,19.5681552886963,530.490844726563,529.102294921875,382.912719726563,0,0,1.33944756217141,15.6211960600499,13.4652444850577,53.8076853005032,30.8664289028979,multi_jet (100%),multi_jet (100%),multi_jet,,,experiment_7_sample_59.npy
1239,"2026-04-14T14:54:05,194",experiment,7,8800,8800.41,8.55383e-07,36,498.168853759766,36.7995071411133,495.785797119141,499.526153564453,1354.20373535156,0,0,2.22181737631038,7.73653174178643,12.2492266659647,55.7204963927659,31.8947066714246,multi_jet (100%),multi_jet (100%),multi_jet,,,experiment_7_sample_60.npy
1240,"2026-04-14T14:54:10,232",experiment,7,9000,9000.64,9.74514e-07,36,600.670654296875,15.6435766220093,599.900817871094,600.874389648438,244.721496582031,0,0,2.06793245875974,10.2157828631905,12.473409260596,54.7550589256227,31.3389857241196,multi_jet (100%),multi_jet (100%),multi_jet,,,experiment_7_sample_61.npy
1241,"2026-04-14T14:54:32,320",experiment,7,3000,3001.17,6.28381e-08,40,23.9243431091309,15.4383144378662,24.7892913818359,28.4730701446533,238.341552734375,0,0,0.574227712247361,14.4588387258115,16.3210883870521,57.2353830622094,32.480571374256,intermitent (82%),intermitent (99%),dripping,,,experiment_7_sample_62.npy
1242,"2026-04-14T14:54:37,358",experiment,7,3200,3201.09,8.03804e-08,40,-2.85106587409973,15.5109224319458,0,15.7707738876343,240.588714599609,0,0,0.425041339028282,12.7451841405034,13.6366616472915,56.37457555525,33.4141362724013,dripping (67%),dripping (98%),dripping,,,experiment_7_sample_63.npy
1243,"2026-04-14T14:54:42,395",experiment,7,3400,3400.95,8.97188e-08,40,-6.22796201705933,15.7251758575439,-4.95785808563232,16.9135627746582,247.281143188477,0,0,0.516942717990416,18.8970399902896,15.3524858894389,57.9571097404919,32.4187738424605,dripping (85%),dripping (95%),dripping,,,experiment_7_sample_64.npy
1244,"2026-04-14T14:54:47,435",experiment,7,3600,3600.84,9.88827e-08,40,32.8059463500977,15.1021604537964,34.705005645752,36.1151695251465,228.075241088867,0,0,0.662547122126812,8.27106093070163,13.1874570965118,55.4938074901855,32.1118445348123,intermitent (83%),intermitent (100%),dripping,,,experiment_7_sample_65.npy
1245,"2026-04-14T14:54:52,482",experiment,7,3800,3800.81,1.18694e-07,40,58.5910758972168,15.3814382553101,59.4942932128906,60.5764198303223,236.588638305664,0,0,0.668479651758271,14.9929330384989,14.6691101971538,56.4285077915693,31.7132923096016,intermitent (81%),intermitent (100%),intermitent,,,experiment_7_sample_66.npy
1246,"2026-04-14T14:54:57,517",experiment,7,4000,4001.02,1.37458e-07,40,-2.24779367446899,15.3682298660278,0,15.5317440032959,236.182479858398,0,0,0.649804252504067,10.1481021075481,14.1430709003806,55.3995262423762,32.9355081020928,dripping (55%),dripping (92%),intermitent,,,experiment_7_sample_67.npy
1247,"2026-04-14T14:55:02,552",experiment,7,4200,4200.91,1.45924e-07,40,54.497371673584,15.3949089050293,54.5364379882813,56.6300888061523,237.003234863281,0,0,0.679539377073021,14.3630094081026,16.8517618558707,57.1278621271703,32.5869839950185,intermitent (75%),intermitent (100%),intermitent,,,experiment_7_sample_68.npy
1248,"2026-04-14T14:55:07,600",experiment,7,4400,4400.95,1.68091e-07,40,10.6072378158569,15.3980131149292,9.91571617126465,18.6979236602783,237.09880065918,0,0,0.766616310812801,13.901137120771,14.5474611012973,55.2975442515628,31.0445701040253,dripping (77%),dripping (96%),undefined,,,experiment_7_sample_69.npy
1249,"2026-04-14T14:55:12,673",experiment,7,4600,4600.82,1.86245e-07,40,34.4987602233887,15.6011667251587,34.705005645752,37.8623924255371,243.396392822266,0,0,0.623663163629011,15.9897122685533,19.079160500308,57.3932879451885,32.2642129229205,intermitent (66%),intermitent (99%),undefined,,,experiment_7_sample_70.npy
1250,"2026-04-14T14:55:17,713",experiment,7,4800,4800.72,2.1234e-07,40,52.3047103881836,15.3906745910645,54.5364379882813,54.5220603942871,236.87287902832,0,0,0.388933199801931,13.7295536628069,15.7802698609714,55.0913564766248,32.019080397849,intermitent (61%),intermitent (100%),undefined,,,experiment_7_sample_71.npy
1251,"2026-04-14T14:55:22,755",experiment,7,5000,5000.99,2.25257e-07,40,54.0492782592773,15.3477897644043,54.5364379882813,56.1861152648926,235.554656982422,0,0,0.41613851624378,13.2966367015193,14.7809217449088,55.658142876671,31.3987192646051,intermitent (52%),intermitent (91%),undefined,,,experiment_7_sample_72.npy
1252,"2026-04-14T14:55:27,786",experiment,7,5200,5200.94,2.01081e-07,40,86.2996520996094,18.0814933776855,84.2835845947266,88.1735229492188,326.9404296875,0,0,0.961954104438312,16.3079440338241,13.647595230304,52.8625613387767,32.0793915399742,intermitent (72%),intermitent (100%),intermitent,,,experiment_7_sample_73.npy
1253,"2026-04-14T14:55:32,827",experiment,7,5400,5400.8,2.12427e-07,40,36.9452667236328,15.7275276184082,34.705005645752,40.1535530090332,247.355133056641,0,0,0.880446980104891,13.2189927526295,15.6454923606497,55.5937918624991,32.0619144545185,intermitent (62%),intermitent (95%),intermitent,,,experiment_7_sample_74.npy
1254,"2026-04-14T14:55:37,868",experiment,7,5600,5600.73,2.16355e-07,40,-8.61249351501465,15.3728504180908,-9.91571617126465,17.6209964752197,236.324523925781,0,0,0.682283150716908,11.8115649126763,15.1698508208206,55.1458117626511,32.5932652732951,dripping (56%),dripping (69%),intermitent,,,experiment_7_sample_75.npy
1255,"2026-04-14T14:55:42,934",experiment,7,5800,5800.74,2.71425e-07,40,111.814872741699,15.3379688262939,114.030731201172,112.861938476563,235.253280639648,0,0,0.752560271696728,17.3504263466095,16.0038251586024,54.4919992311898,31.6090508126042,multi_jet (42%),intermitent (60%),cone_jet,,,experiment_7_sample_76.npy
1256,"2026-04-14T14:55:47,965",experiment,7,6000,6000.92,2.71774e-07,40,70.3026275634766,15.1580667495728,69.4100112915039,71.9181900024414,229.766998291016,0,0,0.799753886054659,8.92300822642657,13.0424327016419,54.7035659175087,31.7992594530617,multi_jet (41%),multi_jet (95%),cone_jet,,,experiment_7_sample_77.npy
1257,"2026-04-14T14:55:53,043",experiment,7,6200,6200.84,2.81462e-07,40,96.9204711914063,15.4165077209473,99.1571655273438,98.138916015625,237.668716430664,0,0,0.44068009472467,18.1078861792052,16.0650764474844,54.1049224754391,32.3548600990093,multi_jet (43%),multi_jet (76%),cone_jet,,,experiment_7_sample_78.npy
1258,"2026-04-14T14:55:58,077",experiment,7,6400,6400.8,2.85651e-07,40,74.1117477416992,15.0565757751465,74.3678741455078,75.625732421875,226.700485229492,0,0,0.457179838545787,9.126487227843,11.8352537183888,55.2595485500093,31.6732219755033,multi_jet (50%),multi_jet (89%),multi_jet,,,experiment_7_sample_79.npy
1259,"2026-04-14T14:56:03,116",experiment,7,6600,6600.68,3.05113e-07,40,108.564598083496,14.8827667236328,109.072875976563,109.579963684082,221.496734619141,0,0,0.596315341023433,8.23130132024351,12.2056956535669,51.7486712591461,31.0402469408699,multi_jet (62%),multi_jet (96%),multi_jet,,,experiment_7_sample_80.npy
1260,"2026-04-14T14:56:08,155",experiment,7,6800,6800.63,3.09914e-07,40,60.0478897094727,15.1800775527954,59.4942932128906,61.9369354248047,230.434753417969,0,0,0.719406548818202,14.7670596061649,14.4068796105353,52.7191554801059,31.7351242223597,multi_jet (42%),multi_jet (97%),multi_jet,,,experiment_7_sample_81.npy
1261,"2026-04-14T14:56:13,214",experiment,7,7000,7000.94,3.40198e-07,40,139.576095581055,15.1149835586548,138.820022583008,140.392120361328,228.462738037109,0,0,0.616397904886568,11.5584295945115,12.4804135396348,55.6522260543394,31.6539276877442,multi_jet (78%),multi_jet (99%),multi_jet,,,experiment_7_sample_82.npy
1262,"2026-04-14T14:56:18,266",experiment,7,7200,7200.88,3.53726e-07,40,129.388885498047,15.3078460693359,128.904312133789,130.291275024414,234.330154418945,0,0,0.774707456942455,16.1513191734637,15.1932197924991,53.3593192158143,31.0368872923787,multi_jet (68%),multi_jet (99%),multi_jet,,,experiment_7_sample_83.npy
1263,"2026-04-14T14:56:23,288",experiment,7,7400,7400.77,3.7537e-07,40,156.095581054688,15.1911239624023,153.693603515625,156.833038330078,230.770233154297,0,0,0.719510341332917,13.0927463312265,14.0499594758972,54.356065638819,31.2319956719504,multi_jet (90%),multi_jet (100%),multi_jet,,,experiment_7_sample_84.npy
1264,"2026-04-14T14:56:28,327",experiment,7,7600,7600.66,3.88985e-07,40,165.487258911133,15.2566013336182,163.609313964844,166.189041137695,232.763885498047,0,0,0.540645013985433,12.2021144061197,15.2331481706982,54.7985622806993,32.0427561662498,multi_jet (93%),multi_jet (100%),multi_jet,,,experiment_7_sample_85.npy
1265,"2026-04-14T14:56:33,358",experiment,7,7800,7800.56,4.15167e-07,40,127.997619628906,15.1601829528809,128.904312133789,128.892288208008,229.831161499023,0,0,0.868063695029973,8.85441486645255,12.4750996321169,54.8117301595934,32.1472998762021,multi_jet (64%),multi_jet (97%),multi_jet,,,experiment_7_sample_86.npy
1266,"2026-04-14T14:56:38,406",experiment,7,8000,8000.71,4.20142e-07,40,198.884674072266,15.277027130127,198.314331054688,199.470550537109,233.387557983398,0,0,0.846512750029312,11.9528234087921,13.2912149736704,55.4104823783069,30.9799389804055,multi_jet (94%),multi_jet (100%),multi_jet,,,experiment_7_sample_87.npy
1267,"2026-04-14T14:56:43,450",experiment,7,8200,8200.76,4.45888e-07,40,147.218627929688,15.2993793487549,148.735748291016,148.011489868164,234.070999145508,0,0,0.717790732920124,8.85125156317492,16.1786180294375,56.5576429625902,32.3502398961524,multi_jet (85%),multi_jet (100%),multi_jet,,,experiment_7_sample_88.npy
1268,"2026-04-14T14:56:48,503",experiment,7,8400,8400.69,5.77237e-07,40,229.669479370117,15.4303846359253,228.061462402344,230.187255859375,238.096755981445,0,0,1.07346895248332,13.3644791224001,13.8649982267464,54.6445154065399,31.6811203420825,multi_jet (100%),multi_jet (100%),multi_jet,,,experiment_7_sample_89.npy
1269,"2026-04-14T14:56:53,570",experiment,7,8600,8600.52,5.56815e-07,40,515.938781738281,17.5347156524658,515.617248535156,516.236694335938,307.466247558594,0,0,1.0887637839681,10.4557524746679,14.0944709944652,52.6965875372262,31.8717299042231,multi_jet (100%),multi_jet (100%),multi_jet,,,experiment_7_sample_90.npy
1270,"2026-04-14T14:56:58,621",experiment,7,8800,8800.43,7.21154e-07,40,474.006652832031,15.7556400299072,475.954345703125,474.268402099609,248.240203857422,0,0,0.879331443030068,13.9018312141498,14.981714102492,53.7230628283841,31.3401089551658,multi_jet (100%),multi_jet (100%),multi_jet,,,experiment_7_sample_91.npy
1271,"2026-04-14T14:57:03,690",experiment,7,9000,9000.64,7.74392e-07,40,475.224884033203,17.7637100219727,475.954345703125,475.556732177734,315.549407958984,0,0,0.964671013662505,13.3033938982918,14.9341212337553,57.5194589766406,32.0267699426045,multi_jet (100%),multi_jet (100%),multi_jet,,,experiment_7_sample_92.npy
1272,"2026-04-14T15:00:24,016",experiment,8,3000,3001.02,-4.44185e-08,45,-19.6653442382813,15.3260679244995,-19.8314323425293,24.9321899414063,234.888366699219,0,0,0.477888972501312,11.4204989368477,14.6243545510649,55.8161497146137,31.8991435858914,intermitent (62%),dripping (96%),unconclusive,,,experiment_8_sample_0.npy
1273,"2026-04-14T15:00:29,359",experiment,8,3200,3201.05,-2.75761e-08,45,-7.23321771621704,15.4830617904663,-9.91571617126465,17.0893115997314,239.725204467773,0,0,0.659989183246927,16.4350135661616,13.6461717884545,55.4971962159125,33.3345760524289,dripping (72%),dripping (98%),unconclusive,,,experiment_8_sample_1.npy
1274,"2026-04-14T15:00:34,412",experiment,8,3400,3400.95,1.25676e-08,45,25.8793258666992,14.8729476928711,24.7892913818359,29.8486843109131,221.204559326172,0,0,0.506098754678532,8.1030230213392,13.6145661925955,53.0992843857413,31.4286891879838,intermitent (83%),intermitent (100%),unconclusive,,,experiment_8_sample_2.npy
1275,"2026-04-14T15:00:39,463",experiment,8,3600,3600.82,8.93697e-08,45,-15.3635091781616,15.3979082107544,-14.8735733032227,21.7516212463379,237.095581054688,0,0,0.448084143480329,10.6159140497217,14.126241142596,57.3773529857108,32.7322793525417,intermitent (45%),intermitent (70%),unconclusive,,,experiment_8_sample_3.npy
1276,"2026-04-14T15:00:44,535",experiment,8,3800,3800.83,1.22272e-07,45,39.2334136962891,15.276026725769,39.6628646850586,42.1024703979492,233.356979370117,0,0,0.69985271448056,16.4147072457895,13.2677886839699,52.2498812653749,30.7277540506583,intermitent (91%),intermitent (100%),intermitent,,,experiment_8_sample_4.npy
1277,"2026-04-14T15:00:49,318",experiment,8,4000,4001.01,1.23232e-07,45,-3.01586508750916,15.1755094528198,0,15.472282409668,230.296081542969,0,0,0.560395406688259,8.43414196793548,13.8592508581505,54.6545923313719,32.2026036841756,dripping (52%),dripping (66%),intermitent,,,experiment_8_sample_5.npy
1278,"2026-04-14T15:00:54,079",experiment,8,4200,4200.89,1.32047e-07,45,0.057808592915535,15.2982530593872,0,15.2983617782593,234.036560058594,0,0,0.576297489400518,8.8392865985201,14.0135844863303,54.9011916675344,33.1664999443716,dripping (53%),dripping (92%),intermitent,,,experiment_8_sample_6.npy
1279,"2026-04-14T15:00:58,851",experiment,8,4400,4400.96,1.44353e-07,45,7.66633605957031,15.5837526321411,9.91571617126465,17.3673839569092,242.853332519531,0,0,0.69469841507515,14.6576619622146,17.7379378568519,56.0290388536971,31.718980077531,dripping (64%),dripping (84%),intermitent,,,experiment_8_sample_7.npy
1280,"2026-04-14T15:01:03,610",experiment,8,4600,4600.86,1.59975e-07,45,56.6034698486328,15.0211296081543,54.5364379882813,58.5626754760742,225.634338378906,0,0,0.529784308478061,8.80288522654144,11.8217101420059,52.8755901071349,31.0787949969242,intermitent (58%),intermitent (99%),intermitent,,,experiment_8_sample_8.npy
1281,"2026-04-14T15:01:08,366",experiment,8,4800,4800.73,1.76295e-07,45,33.7257308959961,15.013671875,34.705005645752,36.9165992736816,225.410354614258,0,0,0.819948861903184,9.06431831230801,12.7646377887605,53.3111481479545,31.8641336826542,intermitent (67%),intermitent (98%),intermitent,,,experiment_8_sample_9.npy
1282,"2026-04-14T15:01:13,146",experiment,8,5000,5000.97,1.97416e-07,45,55.7639045715332,15.1193408966064,54.5364379882813,57.7772216796875,228.594482421875,0,0,0.526923788515587,11.0867569459779,13.2151163421844,55.0394925679171,32.4430598413321,intermitent (54%),intermitent (44%),intermitent,,,experiment_8_sample_10.npy
1283,"2026-04-14T15:01:17,915",experiment,8,5200,5200.94,2.11118e-07,45,85.6903305053711,15.0853137969971,84.2835845947266,87.0080413818359,227.566680908203,0,0,0.653449814221141,9.99628672064643,12.8831343028483,54.5697768452317,31.2445811238339,intermitent (51%),intermitent (96%),undefined,,,experiment_8_sample_11.npy
1284,"2026-04-14T15:01:22,681",experiment,8,5400,5400.8,1.99598e-07,45,34.665641784668,16.6698169708252,34.705005645752,38.4654312133789,277.8828125,0,0,0.646556709294333,11.5693196369796,14.0479357833446,55.0069664925446,31.4470427742827,intermitent (62%),intermitent (94%),intermitent,,,experiment_8_sample_12.npy
1285,"2026-04-14T15:01:27,450",experiment,8,5600,5600.75,2.06143e-07,45,50.8607788085938,15.2130279541016,49.5785827636719,53.0872421264648,231.436233520508,0,0,0.556827601865135,13.2339528171306,13.9148948739759,52.4462324846547,31.2521455486467,intermitent (44%),multi_jet (84%),intermitent,,,experiment_8_sample_13.npy
1286,"2026-04-14T15:01:32,265",experiment,8,5800,5800.75,2.16005e-07,45,31.880615234375,15.9681406021118,29.7471466064453,35.6560668945313,254.981506347656,0,0,0.586136198665992,16.5294376352207,15.107273565207,55.1324102872176,32.0802809973437,intermitent (62%),intermitent (90%),intermitent,,,experiment_8_sample_14.npy
1287,"2026-04-14T15:01:37,028",experiment,8,6000,6000.96,2.24558e-07,45,47.9505195617676,15.1104793548584,49.5785827636719,50.275032043457,228.326599121094,0,0,0.582397455348216,9.55423745388661,16.4143318567995,53.7436514968021,31.093529709622,intermitent (48%),intermitent (50%),intermitent,,,experiment_8_sample_15.npy
1288,"2026-04-14T15:01:41,802",experiment,8,6200,6200.87,2.32413e-07,45,76.1675720214844,15.1524267196655,74.3678741455078,77.6601257324219,229.596038818359,0,0,0.570171811668079,11.640223693527,13.4834086762393,54.9100568152704,32.2413751731431,multi_jet (48%),multi_jet (90%),intermitent,,,experiment_8_sample_16.npy
1289,"2026-04-14T15:01:46,568",experiment,8,6400,6400.8,2.40617e-07,45,98.5564727783203,16.6916580200195,99.1571655273438,99.9599304199219,278.611419677734,0,0,0.801429921841233,10.1999002033568,14.8670347430408,55.0657982834296,30.4871700410855,multi_jet (60%),intermitent (73%),intermitent,,,experiment_8_sample_17.npy
1290,"2026-04-14T15:01:51,338",experiment,8,6600,6600.71,2.88095e-07,45,60.8884506225586,15.2893190383911,59.4942932128906,62.7787055969238,233.763275146484,0,0,0.62956066974173,16.3278504503975,14.6860025338385,53.8787529724198,31.3806198546165,multi_jet (42%),multi_jet (96%),cone_jet,,,experiment_8_sample_18.npy
1291,"2026-04-14T15:01:56,086",experiment,8,6800,6800.63,2.95426e-07,45,109.739807128906,15.3217096328735,109.072875976563,110.804244995117,234.754776000977,0,0,0.688848551864319,11.3355521876924,15.5177543621214,54.6371073915588,32.4254387683795,multi_jet (58%),multi_jet (98%),cone_jet,,,experiment_8_sample_19.npy
1292,"2026-04-14T15:02:00,846",experiment,8,7000,7000.93,2.94815e-07,45,112.605842590332,14.98792552948,114.030731201172,113.598915100098,224.637924194336,0,0,0.504183159763402,12.2097306108793,14.3424231443131,53.720766234732,31.0866030412983,multi_jet (60%),multi_jet (97%),cone_jet,,,experiment_8_sample_20.npy
1293,"2026-04-14T15:02:05,613",experiment,8,7200,7200.88,3.01884e-07,45,102.458602905273,15.0125350952148,104.115013122559,103.552597045898,225.376205444336,0,0,0.91125032827483,6.99741853407674,12.4598625203845,52.9992463940955,31.6306464770289,multi_jet (64%),multi_jet (96%),multi_jet,,,experiment_8_sample_21.npy
1294,"2026-04-14T15:02:10,385",experiment,8,7400,7400.76,3.08604e-07,45,54.8241958618164,15.0709676742554,54.5364379882813,56.8579444885254,227.134078979492,0,0,0.826116272758817,9.79226548615212,14.4825443439013,52.6063492279065,30.6632913208915,intermitent (40%),intermitent (55%),multi_jet,,,experiment_8_sample_22.npy
1295,"2026-04-14T15:02:15,148",experiment,8,7600,7600.66,3.40285e-07,45,106.300926208496,15.2804584503174,104.115013122559,107.393577575684,233.492401123047,0,0,0.795535688888667,10.0907672810566,14.1518466443826,57.2846688331394,31.3734618585255,multi_jet (62%),multi_jet (97%),multi_jet,,,experiment_8_sample_23.npy
1296,"2026-04-14T15:02:19,907",experiment,8,7800,7800.59,3.79734e-07,45,118.396919250488,15.1389141082764,118.988586425781,119.360870361328,229.186706542969,0,0,0.784742843030414,11.8240090789382,13.9615681877747,54.2379280445297,31.381463886837,multi_jet (58%),multi_jet (91%),multi_jet,,,experiment_8_sample_24.npy
1297,"2026-04-14T15:02:24,666",experiment,8,8000,8000.71,3.94658e-07,45,121.688743591309,14.9315423965454,123.946449279785,122.60139465332,222.950958251953,0,0,0.730518989079017,8.00027850413407,13.2224885127835,52.7604041002722,31.4209176938587,multi_jet (62%),multi_jet (93%),multi_jet,,,experiment_8_sample_25.npy
1298,"2026-04-14T15:02:29,427",experiment,8,8200,8200.77,4.19269e-07,45,155.47297668457,15.2673463821411,153.693603515625,156.220794677734,233.091873168945,0,0,0.362318396751726,14.0131378782187,15.4758678874324,54.7956060527342,31.8616781214912,multi_jet (91%),multi_jet (100%),multi_jet,,,experiment_8_sample_26.npy
1299,"2026-04-14T15:02:34,181",experiment,8,8400,8400.68,4.19967e-07,45,156.091812133789,15.1682395935059,153.693603515625,156.827072143555,230.075500488281,0,0,0.629161613498011,8.72373056882889,14.2780141074252,55.5585061776396,31.0648070206467,multi_jet (92%),multi_jet (100%),multi_jet,,,experiment_8_sample_27.npy
1300,"2026-04-14T15:02:38,958",experiment,8,8600,8600.51,4.49816e-07,45,143.682098388672,15.1244325637817,143.777877807617,144.475921630859,228.748458862305,0,0,0.606326393200536,8.95784654691442,14.5173169786335,53.2848153269508,31.6520467680913,multi_jet (84%),multi_jet (100%),multi_jet,,,experiment_8_sample_28.npy
1301,"2026-04-14T15:02:43,716",experiment,8,8800,8800.43,4.51212e-07,45,158.1357421875,15.3902025222778,158.651458740234,158.882888793945,236.858322143555,0,0,0.839122005865021,11.6524394729444,14.7731339733685,54.9401719305416,32.1938471146941,multi_jet (96%),multi_jet (100%),multi_jet,,,experiment_8_sample_29.npy
1302,"2026-04-14T15:02:48,490",experiment,8,9000,9000.68,4.76522e-07,45,177.908752441406,15.4281911849976,178.482894897461,178.576477050781,238.029083251953,0,0,0.840650693816161,13.1883911167108,15.9264420940414,55.880398055199,31.7640248721263,multi_jet (97%),multi_jet (100%),multi_jet,,,experiment_8_sample_30.npy
1303,"2026-04-14T15:03:10,386",experiment,8,3000,3001.17,5.32378e-08,50,-22.415864944458,15.4056434631348,-24.7892913818359,27.1993522644043,237.333847045898,0,0,0.355855956420454,12.0249125345951,15.1065080229394,56.7523930810644,32.2557273823044,intermitent (61%),dripping (98%),dripping,,,experiment_8_sample_31.npy
1304,"2026-04-14T15:03:15,129",experiment,8,3200,3201.11,7.22638e-08,50,23.3360424041748,15.1300973892212,24.7892913818359,27.8117008209229,228.919845581055,0,0,0.551661564698197,12.4168469187074,12.6713948828506,53.5835723077501,31.1035519668321,intermitent (84%),intermitent (99%),dripping,,,experiment_8_sample_32.npy
1305,"2026-04-14T15:03:19,895",experiment,8,3400,3400.99,8.23877e-08,50,27.6922168731689,15.0989418029785,29.7471466064453,31.5410346984863,227.978057861328,0,0,0.598394598575119,10.0493079479617,13.0717462848086,52.0416079601476,32.5416154150319,intermitent (81%),intermitent (100%),dripping,,,experiment_8_sample_33.npy
1306,"2026-04-14T15:03:24,643",experiment,8,3600,3600.86,8.87588e-08,50,-9.88686084747314,15.4140644073486,-9.91571617126465,18.3123836517334,237.593383789063,0,0,0.49463611588932,8.61571086968817,14.3764771030055,57.6956497553551,32.5814828839269,dripping (71%),dripping (88%),dripping,,,experiment_8_sample_34.npy
1307,"2026-04-14T15:03:29,421",experiment,8,3800,3800.86,9.46935e-08,50,-10.9668798446655,15.6325178146362,-9.91571617126465,19.095760345459,244.375625610352,0,0,0.500200051269984,13.9147736752162,16.7436283300372,58.8143516586061,32.6733070220226,dripping (77%),dripping (94%),dripping,,,experiment_8_sample_35.npy
1308,"2026-04-14T15:03:34,186",experiment,8,4000,4001.07,1.06126e-07,50,25.1450653076172,15.2131862640381,24.7892913818359,29.3890342712402,231.441040039063,0,0,0.445712454115654,9.37749883823256,14.2315004940575,56.1590815094373,31.1799825177355,intermitent (79%),intermitent (100%),dripping,,,experiment_8_sample_36.npy
1309,"2026-04-14T15:03:38,932",experiment,8,4200,4200.93,1.19217e-07,50,-9.11373233795166,15.5914936065674,-9.91571617126465,18.0597553253174,243.094665527344,0,0,0.447830996217009,16.5109740717922,14.913895849814,56.8982297148931,32.8039458899434,dripping (66%),dripping (78%),intermitent,,,experiment_8_sample_37.npy
1310,"2026-04-14T15:03:43,704",experiment,8,4400,4400.98,1.38156e-07,50,28.9368343353271,15.201319694519,29.7471466064453,32.6867027282715,231.080123901367,0,0,0.598936946750621,14.6148027463856,14.5278165713352,54.7668913068828,32.3841153817836,intermitent (69%),intermitent (99%),intermitent,,,experiment_8_sample_38.npy
1311,"2026-04-14T15:03:48,455",experiment,8,4600,4600.88,1.52207e-07,50,15.7507171630859,15.4920644760132,14.8735733032227,22.0927410125732,240.00407409668,0,0,0.899491674956844,13.9416793866247,14.4483427025167,54.8494140264694,31.6627378814759,intermitent (63%),intermitent (100%),intermitent,,,experiment_8_sample_39.npy
1312,"2026-04-14T15:03:53,233",experiment,8,4800,4800.76,1.66084e-07,50,32.939811706543,15.3034515380859,34.705005645752,36.321159362793,234.19563293457,0,0,0.694975016230689,11.4877220329726,15.2607843377892,57.9276203628728,31.8771468303375,intermitent (66%),intermitent (100%),intermitent,,,experiment_8_sample_40.npy
1313,"2026-04-14T15:03:58,022",experiment,8,5000,5000.99,1.79263e-07,50,22.5137329101563,15.2379083633423,24.7892913818359,27.1856956481934,232.193862915039,0,0,0.705952707203369,13.7839343806616,17.2476095648654,54.0328332982941,31.248121481908,intermitent (66%),intermitent (99%),undefined,,,experiment_8_sample_41.npy
1314,"2026-04-14T15:04:02,782",experiment,8,5200,5200.95,2.08413e-07,50,59.1499214172363,15.2976360321045,59.4942932128906,61.0960807800293,234.017654418945,0,0,0.561544020022633,11.7263759305196,14.5838040477236,55.9532587940725,32.4018278726319,intermitent (46%),intermitent (76%),intermitent,,,experiment_8_sample_42.npy
1315,"2026-04-14T15:04:07,546",experiment,8,5400,5400.81,2.24558e-07,50,43.8260765075684,15.1426572799683,44.6207237243652,46.3683624267578,229.300079345703,0,0,0.719435280030805,14.0649008673079,15.13893737913,54.460246623017,30.7389936847691,intermitent (53%),intermitent (65%),intermitent,,,experiment_8_sample_43.npy
1316,"2026-04-14T15:04:12,337",experiment,8,5600,5600.75,2.12078e-07,50,88.2897262573242,16.4706211090088,89.2414474487305,89.8129119873047,271.281372070313,0,0,0.578046296827366,11.7914825210653,12.8650126020191,52.7011873210735,31.0651710368649,intermitent (49%),intermitent (81%),intermitent,,,experiment_8_sample_44.npy
1317,"2026-04-14T15:04:17,125",experiment,8,5800,5800.76,2.17751e-07,50,0.235994026064873,15.2982931137085,0,15.3001136779785,234.037780761719,0,0,0.896787637992589,11.2747642948333,13.8858679208728,55.8859277648047,32.6064183868562,dripping (46%),dripping (75%),intermitent,,,experiment_8_sample_45.npy
1318,"2026-04-14T15:04:21,887",experiment,8,6000,6000.95,2.61301e-07,50,112.09349822998,15.3432865142822,114.030731201172,113.138710021973,235.416442871094,0,0,0.637073132672402,14.4400194345939,13.2968353549515,57.697021872132,31.4738746483817,multi_jet (45%),multi_jet (56%),cone_jet,,,experiment_8_sample_46.npy
1319,"2026-04-14T15:04:26,663",experiment,8,6200,6200.89,2.7928e-07,50,120.340202331543,14.9516201019287,118.988586425781,121.265472412109,223.550933837891,0,0,0.787938986803994,8.79144410020206,12.4056252643061,54.021273514173,31.5055611536662,multi_jet (52%),multi_jet (82%),cone_jet,,,experiment_8_sample_47.npy
1320,"2026-04-14T15:04:31,425",experiment,8,6400,6400.83,2.88095e-07,50,116.578178405762,15.1868581771851,118.988586425781,117.56322479248,230.640655517578,0,0,0.777781243284444,13.2100682884909,14.7524839625115,51.5923810371492,32.1308171690919,multi_jet (53%),multi_jet (93%),cone_jet,,,experiment_8_sample_48.npy
1321,"2026-04-14T15:04:36,219",experiment,8,6600,6600.72,2.90102e-07,50,105.2392578125,15.3742036819458,104.115013122559,106.356330871582,236.366134643555,0,0,0.476244379294012,13.982947797553,13.0741380360648,56.3084316584099,31.703919061945,multi_jet (56%),multi_jet (89%),cone_jet,,,experiment_8_sample_49.npy
1322,"2026-04-14T15:04:40,999",experiment,8,6800,6800.65,3.03193e-07,50,119.488838195801,15.2289381027222,118.988586425781,120.45539855957,231.920562744141,0,0,0.595518401711013,12.521152913695,13.2729435273719,52.517084816489,32.8374171539171,multi_jet (61%),multi_jet (94%),cone_jet,,,experiment_8_sample_50.npy
1323,"2026-04-14T15:04:45,764",experiment,8,7000,7000.94,3.12706e-07,50,84.9066772460938,14.9274873733521,84.2835845947266,86.2089080810547,222.829879760742,0,0,0.595793689521426,8.75064209720745,13.2267834200966,53.0901749930198,31.2456283384063,multi_jet (62%),multi_jet (92%),cone_jet,,,experiment_8_sample_51.npy
1324,"2026-04-14T15:04:50,545",experiment,8,7200,7200.92,3.14714e-07,50,45.459098815918,17.1372032165527,44.6207237243652,48.5820236206055,293.683746337891,0,0,0.694399220956549,10.5208284095606,12.8125918756669,52.3076393478475,30.8228034547469,intermitent (54%),intermitent (87%),undefined,,,experiment_8_sample_52.npy
1325,"2026-04-14T15:04:55,327",experiment,8,7400,7400.78,3.21085e-07,50,119.467620849609,15.9296569824219,118.988586425781,120.524955749512,253.753967285156,0,0,0.931812824587523,11.5517634701462,14.0531885560703,55.1239175712182,30.617000641583,multi_jet (66%),multi_jet (98%),multi_jet,,,experiment_8_sample_53.npy
1326,"2026-04-14T15:05:00,106",experiment,8,7600,7600.66,3.33391e-07,50,141.370635986328,15.3793935775757,143.777877807617,142.204727172852,236.525756835938,0,0,0.609542662405721,13.3132485240475,16.3289077603283,55.8893893658743,32.1370496702135,multi_jet (82%),multi_jet (100%),multi_jet,,,experiment_8_sample_54.npy
1327,"2026-04-14T15:05:04,839",experiment,8,7800,7800.58,3.46918e-07,50,92.1348495483398,15.3445911407471,94.1993026733398,93.4038925170898,235.456466674805,0,0,0.708637505889451,14.6253491920491,13.4492388861123,55.1487213923377,31.5679374273247,multi_jet (59%),multi_jet (96%),multi_jet,,,experiment_8_sample_55.npy
1328,"2026-04-14T15:05:09,603",experiment,8,8000,8000.73,3.6481e-07,50,143.879318237305,15.1277265548706,143.777877807617,144.672409057617,228.848098754883,0,0,0.517669251550719,11.086100340074,12.8283588374523,54.6117553259182,31.7060407789322,multi_jet (89%),multi_jet (99%),multi_jet,,,experiment_8_sample_56.npy
1329,"2026-04-14T15:05:14,361",experiment,8,8200,8200.76,3.80432e-07,50,154.515426635742,15.081805229187,153.693603515625,155.249710083008,227.460845947266,0,0,0.692033347017492,9.781378878818,11.5562494363797,54.600439596899,30.9015461174469,multi_jet (91%),multi_jet (100%),multi_jet,,,experiment_8_sample_57.npy
1330,"2026-04-14T15:05:19,116",experiment,8,8400,8400.69,4.0164e-07,50,155.90837097168,14.9857301712036,153.693603515625,156.626922607422,224.57209777832,0,0,0.77452178249616,8.86392923274204,11.6255406846993,54.10119483702,32.1375079145124,multi_jet (92%),multi_jet (100%),multi_jet,,,experiment_8_sample_58.npy
1331,"2026-04-14T15:05:23,881",experiment,8,8600,8600.53,4.01203e-07,50,140.526519775391,15.2533302307129,138.820022583008,141.351928710938,232.664077758789,0,0,0.539774187979141,10.9007982701484,15.533324697817,55.4780692502465,32.2438052278613,multi_jet (77%),multi_jet (99%),multi_jet,,,experiment_8_sample_59.npy
1332,"2026-04-14T15:05:28,645",experiment,8,8800,8800.46,4.25815e-07,50,149.464645385742,15.4106035232544,148.735748291016,150.25700378418,237.486694335938,0,0,0.691127143349083,13.3191031550192,13.5572027685101,55.0634330438518,32.5729707697265,multi_jet (92%),multi_jet (100%),multi_jet,,,experiment_8_sample_60.npy
1333,"2026-04-14T15:05:33,413",experiment,8,9000,9000.68,4.29044e-07,50,181.180862426758,15.0934076309204,183.44075012207,181.808456420898,227.810958862305,0,0,0.751548934841089,9.68703247397927,14.3952066142076,55.4867477560782,31.6079029288224,multi_jet (94%),multi_jet (100%),multi_jet,,,experiment_8_sample_61.npy
1334,"2026-04-14T15:05:55,325",experiment,8,3000,3001.21,3.97974e-08,60,-4.70877552032471,15.7915954589844,-4.95785808563232,16.4786834716797,249.374481201172,0,0,0.661116512393331,21.8618769378225,15.5847876750906,56.0004518478459,32.8088355610859,dripping (91%),dripping (100%),dripping,,,experiment_8_sample_62.npy
1335,"2026-04-14T15:06:00,094",experiment,8,3200,3201.1,5.79506e-08,60,24.8367881774902,15.0611600875854,24.7892913818359,29.0465908050537,226.83854675293,0,0,0.431897554664105,10.425115306837,14.169912870033,53.2677092594664,31.7122591820009,intermitent (81%),intermitent (100%),dripping,,,experiment_8_sample_63.npy
1336,"2026-04-14T15:06:04,862",experiment,8,3400,3400.98,6.89473e-08,60,-23.5044097900391,15.36510181427,-24.7892913818359,28.0810222625732,236.086364746094,0,0,0.62692458389231,14.8298416053932,14.3506829890797,56.0701197262972,31.468456846119,intermitent (61%),intermitent (80%),dripping,,,experiment_8_sample_64.npy
1337,"2026-04-14T15:06:09,639",experiment,8,3600,3600.89,7.30492e-08,60,28.001485824585,15.1927137374878,29.7471466064453,31.8575229644775,230.818557739258,0,0,0.590204940164214,11.8241226996286,14.1293870295773,55.6162913269934,31.8154789350081,intermitent (78%),intermitent (100%),dripping,,,experiment_8_sample_65.npy
1338,"2026-04-14T15:06:14,403",experiment,8,3800,3800.85,8.08167e-08,60,11.5063953399658,15.6844730377197,9.91571617126465,19.4525012969971,246.002700805664,0,0,0.437506917313028,17.7548102481725,18.9553602217193,59.0010367322045,32.4358434678564,dripping (86%),dripping (89%),dripping,,,experiment_8_sample_66.npy
1339,"2026-04-14T15:06:19,184",experiment,8,4000,4001.03,8.91079e-08,60,-6.65661859512329,15.2757368087769,-4.95785808563232,16.6630954742432,233.34814453125,0,0,0.472090866490342,9.19372892932148,14.5271311659983,55.5744267728856,32.4626035914925,dripping (52%),intermitent (64%),dripping,,,experiment_8_sample_67.npy
1340,"2026-04-14T15:06:23,946",experiment,8,4200,4200.94,9.32971e-08,60,-21.3186893463135,15.4065399169922,-19.8314323425293,26.3030052185059,237.361480712891,0,0,0.663387530478312,16.8787722935079,15.4367373646156,52.6000041673616,31.8890990986995,intermitent (71%),intermitent (99%),dripping,,,experiment_8_sample_68.npy
1341,"2026-04-14T15:06:28,713",experiment,8,4400,4400.98,1.00017e-07,60,25.701732635498,14.9145765304565,24.7892913818359,29.7157154083252,222.444595336914,0,0,0.834222908642413,9.67993933940823,13.0939180217629,53.529136260157,31.6196100401195,intermitent (73%),intermitent (100%),dripping,,,experiment_8_sample_69.npy
1342,"2026-04-14T15:06:33,486",experiment,8,4600,4600.87,1.19043e-07,60,2.69320750236511,15.1791543960571,4.95785808563232,15.4162282943726,230.406723022461,0,0,0.506704618476405,10.3609030096986,12.773806795006,55.7131860269144,33.4194492241557,dripping (42%),dripping (58%),intermitent,,,experiment_8_sample_70.npy
1343,"2026-04-14T15:06:38,248",experiment,8,4800,4800.77,1.25501e-07,60,32.8501739501953,15.3534822463989,34.705005645752,36.261043548584,235.729415893555,0,0,0.648865308605365,14.6057753126978,15.3526966396819,56.6694267950498,32.3456618289749,intermitent (62%),intermitent (98%),intermitent,,,experiment_8_sample_71.npy
1344,"2026-04-14T15:06:43,005",experiment,8,5000,5001.02,1.36061e-07,60,79.5542831420898,15.0901880264282,79.3257293701172,80.9728240966797,227.713760375977,0,0,0.721386093570529,10.5726292632559,14.8672614427116,53.3638931802986,30.5652877120545,intermitent (57%),intermitent (98%),intermitent,,,experiment_8_sample_72.npy
1345,"2026-04-14T15:06:47,722",experiment,8,5200,5200.98,1.46185e-07,60,19.1740207672119,15.1621131896973,19.8314323425293,24.4444828033447,229.889678955078,0,0,0.770759141170717,8.38129630079171,13.9582729870903,54.5249928531455,32.7427723472497,intermitent (48%),intermitent (89%),intermitent,,,experiment_8_sample_73.npy
1346,"2026-04-14T15:06:52,484",experiment,8,5400,5400.81,1.60411e-07,60,85.3526000976563,15.1312713623047,84.2835845947266,86.6834564208984,228.955383300781,0,0,0.77458137915245,10.8134100124234,13.6290033263015,55.4049715555225,30.8339044120844,intermitent (43%),intermitent (93%),intermitent,,,experiment_8_sample_74.npy
1347,"2026-04-14T15:06:57,261",experiment,8,5600,5600.74,1.74375e-07,60,17.3882007598877,15.1639060974121,19.8314323425293,23.0714874267578,229.944046020508,0,0,0.425205812366364,12.51636197234,13.169610925065,56.6004463755748,31.2023242424818,intermitent (40%),intermitent (73%),intermitent,,,experiment_8_sample_75.npy
1348,"2026-04-14T15:07:02,039",experiment,8,5800,5800.76,1.78477e-07,60,71.6845779418945,15.1655197143555,69.4100112915039,73.2712249755859,229.99299621582,0,0,0.771960364058506,10.6025886473317,11.8567311536246,56.3188421844891,32.0120530886473,multi_jet (43%),intermitent (54%),intermitent,,,experiment_8_sample_76.npy
1349,"2026-04-14T15:07:06,795",experiment,8,6000,6000.95,2.00121e-07,60,57.1007385253906,15.250732421875,54.5364379882813,59.1022796630859,232.584838867188,0,0,0.846984609002393,14.0038599015902,13.2926390387135,53.1984076591599,31.8738805435065,intermitent (36%),multi_jet (55%),undefined,,,experiment_8_sample_77.npy
1350,"2026-04-14T15:07:11,558",experiment,8,6200,6200.89,2.05358e-07,60,39.8366851806641,15.2730283737183,39.6628646850586,42.6641159057617,233.265396118164,0,0,0.690694997897017,16.1970968879085,12.3515977282793,55.1150906109295,31.4819860175584,intermitent (46%),intermitent (90%),undefined,,,experiment_8_sample_78.npy
1351,"2026-04-14T15:07:16,327",experiment,8,6400,6400.83,2.03438e-07,60,71.6211166381836,15.9012365341187,69.4100112915039,73.3650741577148,252.849319458008,0,0,0.569388304631214,16.770663134524,16.1502617907887,57.2302169710185,31.6952844818866,multi_jet (61%),multi_jet (96%),undefined,,,experiment_8_sample_79.npy
1352,"2026-04-14T15:07:21,100",experiment,8,6600,6600.71,2.08413e-07,60,108.293800354004,15.2241010665894,109.072875976563,109.358673095703,231.773239135742,0,0,0.597813091529775,10.980341496566,12.871867063024,56.502489509639,32.0291052389854,multi_jet (56%),multi_jet (94%),intermitent,,,experiment_8_sample_80.npy
1353,"2026-04-14T15:07:25,871",experiment,8,6800,6800.64,2.16791e-07,60,30.0841846466064,15.3556308746338,29.7471466064453,33.7765197753906,235.795394897461,0,0,0.657914797282473,13.2404085437684,13.5252230264693,56.6506712441629,31.5585417092278,intermitent (54%),intermitent (99%),intermitent,,,experiment_8_sample_81.npy
1354,"2026-04-14T15:07:30,637",experiment,8,7000,7000.95,2.26042e-07,60,111.755378723145,14.9729223251343,114.030731201172,112.753944396973,224.188415527344,0,0,0.596096855721734,9.14234082165378,12.2657864994074,54.9598599580058,31.3692261422852,multi_jet (63%),multi_jet (96%),cone_jet,,,experiment_8_sample_82.npy
1355,"2026-04-14T15:07:35,398",experiment,8,7200,7200.91,2.47861e-07,60,73.8550262451172,15.0308494567871,74.3678741455078,75.3690338134766,225.92643737793,0,0,0.409430053545768,8.81781271661053,13.67459527423,51.6450551671623,31.1516973552847,multi_jet (53%),multi_jet (99%),intermitent,,,experiment_8_sample_83.npy
1356,"2026-04-14T15:07:40,162",experiment,8,7400,7400.77,2.7448e-07,60,81.2060470581055,14.8997135162354,79.3257293701172,82.561637878418,222.00146484375,0,0,0.744630650568031,8.52960091348623,12.0845294367445,52.7724811530609,30.9705937120018,multi_jet (61%),multi_jet (94%),cone_jet,,,experiment_8_sample_84.npy
1357,"2026-04-14T15:07:44,950",experiment,8,7600,7600.66,2.76836e-07,60,109.601577758789,15.2300901412964,109.072875976563,110.654693603516,231.955642700195,0,0,0.617436246151157,10.9097823993309,15.0868496108515,57.3979931730375,31.1070796846403,multi_jet (60%),multi_jet (97%),cone_jet,,,experiment_8_sample_85.npy
1358,"2026-04-14T15:07:49,715",experiment,8,7800,7800.58,2.88793e-07,60,82.2520523071289,15.0395421981812,84.2835845947266,83.61572265625,226.187835693359,0,0,0.711203327342584,11.2275351829343,14.4203811466077,53.4349801569951,31.0933569974297,multi_jet (53%),multi_jet (93%),cone_jet,,,experiment_8_sample_86.npy
1359,"2026-04-14T15:07:54,491",experiment,8,8000,8000.7,2.88007e-07,60,92.4218063354492,15.0484685897827,94.1993026733398,93.6389236450195,226.456420898438,0,0,0.669277428754089,8.22497170553766,13.5050011607923,54.0297535647623,31.0383558158467,multi_jet (64%),multi_jet (98%),undefined,,,experiment_8_sample_87.npy
1360,"2026-04-14T15:07:59,276",experiment,8,8200,8200.73,2.99528e-07,60,60.6771392822266,15.6515893936157,59.4942932128906,62.6632919311523,244.972244262695,0,0,0.764810332117805,10.7633792496067,14.3509639299592,55.3790076325227,32.4498049467533,multi_jet (45%),multi_jet (60%),multi_jet,,,experiment_8_sample_88.npy
1361,"2026-04-14T15:08:04,044",experiment,8,8400,8400.68,3.21085e-07,60,130.401977539063,15.1960000991821,128.904312133789,131.284393310547,230.918426513672,0,0,0.711955595342296,8.57369257549087,14.5045658208756,56.0865337300776,31.5416239132524,multi_jet (63%),multi_jet (99%),multi_jet,,,experiment_8_sample_89.npy
1362,"2026-04-14T15:08:08,818",experiment,8,8600,8600.49,3.04153e-07,60,83.8468933105469,15.1232070922852,84.2835845947266,85.1998443603516,228.711395263672,0,0,0.550066435258299,6.7268399476622,12.1044841854528,55.0804817939203,31.651197659289,multi_jet (60%),multi_jet (88%),multi_jet,,,experiment_8_sample_90.npy
1363,"2026-04-14T15:08:13,580",experiment,8,8800,8800.45,3.17245e-07,60,135.288345336914,15.3873205184937,133.862167358398,136.160583496094,236.769622802734,0,0,0.782348316637905,8.67047908035593,13.9492414970931,52.9909468691338,31.3583531883953,multi_jet (76%),multi_jet (95%),multi_jet,,,experiment_8_sample_91.npy
1364,"2026-04-14T15:08:18,355",experiment,8,9000,9000.68,3.31907e-07,60,99.5242385864258,15.2770547866821,99.1571655273438,100.689933776855,233.388412475586,0,0,0.622025298988253,10.6208130739101,12.7955200561284,51.8859344881996,31.1270678911114,multi_jet (63%),multi_jet (91%),multi_jet,,,experiment_8_sample_92.npy
1365,"2026-04-14T15:48:41,898",experiment,9,3000,3001.04,5.41105e-08,70,1.31750130653381,15.5742111206055,0,15.6298398971558,242.556060791016,0,0,0.623472721119181,14.9164303233495,15.8578502213115,57.2848513540128,33.8843260226523,dripping (90%),dripping (100%),dripping,,,experiment_9_sample_0.npy
1366,"2026-04-14T15:48:47,299",experiment,9,3200,3201.06,5.73397e-08,70,24.8625640869141,15.0877656936646,24.7892913818359,29.0824337005615,227.640686035156,0,0,0.490132979075692,9.72483285067696,11.6010716963738,53.7242789413305,31.876967661207,intermitent (79%),intermitent (99%),dripping,,,experiment_9_sample_1.npy
1367,"2026-04-14T15:48:52,366",experiment,9,3400,3400.95,"6,69E-05",70,31.9437770843506,15.0881862640381,29.7471466064453,35.3278694152832,227.653366088867,0,0,0.786699458879434,10.2954797541219,9.91816371067958,55.6296137728197,31.5091776143176,intermitent (79%),intermitent (100%),dripping,,,experiment_9_sample_2.npy
1368,"2026-04-14T15:48:57,428",experiment,9,3600,3600.85,6.91219e-08,70,31.7857208251953,14.9233598709106,29.7471466064453,35.1146507263184,222.706665039063,0,0,0.600696617246793,8.97315272267114,11.7501530974231,53.0650885846476,31.3920603562319,intermitent (78%),intermitent (100%),dripping,,,experiment_9_sample_3.npy
1369,"2026-04-14T15:49:02,532",experiment,9,3800,3800.83,7.52311e-08,70,2.20991563796997,15.2920274734497,0,15.4508848190308,233.846115112305,0,0,0.392685868615458,11.0470978866309,11.6700840386321,57.6533414061843,32.9004297042453,dripping (53%),dripping (84%),dripping,,,experiment_9_sample_4.npy
1370,"2026-04-14T15:49:07,580",experiment,9,4000,4001.05,8.11658e-08,70,32.124641418457,15.3270978927612,29.7471466064453,35.5937118530273,234.919921875,0,0,0.508045123106948,16.390979744143,15.1871468526306,53.6443665578242,31.8488206363414,intermitent (81%),intermitent (100%),dripping,,,experiment_9_sample_5.npy
1371,"2026-04-14T15:49:12,651",experiment,9,4200,4200.92,8.70133e-08,70,28.1071872711182,15.3608541488647,29.7471466064453,32.0307655334473,235.955825805664,0,0,0.748951709588057,17.1990119340839,13.8828245421365,55.308858849055,32.2297436514274,intermitent (84%),intermitent (100%),dripping,,,experiment_9_sample_6.npy
1372,"2026-04-14T15:49:17,705",experiment,9,4400,4401,9.60899e-08,70,31.2513618469238,15.1125965118408,29.7471466064453,34.7136611938477,228.390563964844,0,0,0.558790354034808,10.8602554385316,13.9772086515406,54.4633273423161,31.5939719289322,intermitent (64%),intermitent (100%),dripping,,,experiment_9_sample_7.npy
1373,"2026-04-14T15:49:22,755",experiment,9,4600,4600.85,1.02286e-07,70,-10.1613283157349,15.4030094146729,-9.91571617126465,18.4527854919434,237.252700805664,0,0,0.522844255276741,10.6644041009068,12.9668265047691,55.9982247687772,33.46811524609,dripping (63%),dripping (67%),dripping,,,experiment_9_sample_8.npy
1374,"2026-04-14T15:49:27,824",experiment,9,4800,4800.75,1.12497e-07,70,13.0624685287476,15.3369045257568,14.8735733032227,20.1456871032715,235.220626831055,0,0,0.417055989092772,12.7104924876546,14.6821895134263,55.4045693729221,32.2150467430397,dripping (43%),dripping (68%),intermitent,,,experiment_9_sample_9.npy
1375,"2026-04-14T15:49:32,859",experiment,9,5000,5001,1.28469e-07,70,29.6695079803467,15.2050113677979,29.7471466064453,33.3387451171875,231.1923828125,0,0,0.624796268482909,13.1331088562102,13.0972675436952,55.0269206683338,31.387152455738,intermitent (66%),intermitent (100%),intermitent,,,experiment_9_sample_10.npy
1376,"2026-04-14T15:49:37,942",experiment,9,5200,5200.94,1.31261e-07,70,34.1802635192871,15.2841033935547,34.705005645752,37.4418792724609,233.603805541992,0,0,0.612279617379324,10.964639599504,13.9534246648509,56.2340699074969,32.0753997008443,intermitent (58%),intermitent (99%),intermitent,,,experiment_9_sample_11.npy
1377,"2026-04-14T15:49:43,012",experiment,9,5400,5400.79,1.47844e-07,70,19.1729297637939,15.1852149963379,19.8314323425293,24.4579639434814,230.590744018555,0,0,0.513168450534538,11.4799958397541,12.7348803243093,55.2626259821558,31.9715236814395,intermitent (42%),intermitent (65%),intermitent,,,experiment_9_sample_12.npy
1378,"2026-04-14T15:49:48,122",experiment,9,5600,5600.75,1.50113e-07,70,37.2243881225586,15.2999639511108,39.6628646850586,40.2460479736328,234.088882446289,0,0,0.517651386331788,11.9762628513939,14.062327331491,55.6043966667142,31.491092438349,intermitent (55%),intermitent (84%),intermitent,,,experiment_9_sample_13.npy
1379,"2026-04-14T15:49:53,176",experiment,9,5800,5800.77,1.62157e-07,70,44.3968238830566,15.1615161895752,44.6207237243652,46.9142799377441,229.87158203125,0,0,0.753811999463941,13.6103283465641,11.5884751828243,54.0077423408085,32.5135786011375,intermitent (48%),intermitent (54%),intermitent,,,experiment_9_sample_14.npy
1380,"2026-04-14T15:49:58,253",experiment,9,6000,6000.96,1.81706e-07,70,33.6658401489258,15.2374172210693,34.705005645752,36.9535865783691,232.17887878418,0,0,0.813050827467683,12.4903301785299,13.3676088751071,54.2493084032102,30.8861365333759,intermitent (49%),intermitent (98%),intermitent,,,experiment_9_sample_15.npy
1381,"2026-04-14T15:50:03,299",experiment,9,6200,6200.89,2.08238e-07,70,66.3368301391602,15.0488376617432,64.4521560668945,68.0223693847656,226.467514038086,0,0,0.826981662275871,8.8509655865231,10.890741347361,55.3004848981256,33.0122015603789,multi_jet (45%),multi_jet (75%),intermitent,,,experiment_9_sample_16.npy
1382,"2026-04-14T15:50:08,354",experiment,9,6400,6400.83,1.95234e-07,70,44.5192832946777,15.0379629135132,44.6207237243652,46.9904975891113,226.140319824219,0,0,0.714409206283251,9.658022619551,11.4409158066148,52.256473249126,32.724243456294,intermitent (44%),intermitent (51%),intermitent,,,experiment_9_sample_17.npy
1383,"2026-04-14T15:50:13,397",experiment,9,6600,6600.69,2.01256e-07,70,49.2329216003418,15.232569694519,49.5785827636719,51.5355339050293,232.031173706055,0,0,0.649665629640336,12.4718202000809,13.1710250826057,54.7167103278485,32.6194357595901,intermitent (47%),intermitent (61%),undefined,,,experiment_9_sample_18.npy
1384,"2026-04-14T15:50:18,433",experiment,9,6800,6800.63,2.14435e-07,70,38.991569519043,15.1324892044067,39.6628646850586,41.8250503540039,228.992233276367,0,0,0.714957568653922,8.99806089239515,12.0461520919819,57.998964162225,31.8875736032091,intermitent (49%),intermitent (87%),intermitent,,,experiment_9_sample_19.npy
1385,"2026-04-14T15:50:23,482",experiment,9,7000,7000.95,2.20282e-07,70,43.0109062194824,15.8818626403809,44.6207237243652,45.8494453430176,252.23356628418,0,0,0.683016547925827,12.4933015330339,13.2290190329773,56.4678364147495,31.3658123233513,intermitent (52%),intermitent (97%),undefined,,,experiment_9_sample_20.npy
1386,"2026-04-14T15:50:28,528",experiment,9,7200,7200.88,2.59643e-07,70,80.1994018554688,15.2098865509033,79.3257293701172,81.6289443969727,231.340637207031,0,0,0.866299905981572,16.565508589678,12.741927264432,52.8061549489214,32.0474070549334,multi_jet (59%),multi_jet (97%),undefined,,,experiment_9_sample_21.npy
1387,"2026-04-14T15:50:33,587",experiment,9,7400,7400.76,2.74218e-07,70,106.840263366699,15.2813472747803,109.072875976563,107.927558898926,233.519561767578,0,0,0.776774777937612,10.9196725504854,12.3486640470184,54.7672089732636,32.956160901159,multi_jet (57%),multi_jet (93%),intermitent,,,experiment_9_sample_22.npy
1388,"2026-04-14T15:50:38,642",experiment,9,7600,7600.68,2.63658e-07,70,110.531776428223,15.4850912094116,109.072875976563,111.611206054688,239.788040161133,0,0,0.767096659810972,20.5307467323535,14.9965628932942,56.857485439694,31.3652993658375,multi_jet (65%),multi_jet (96%),intermitent,,,experiment_9_sample_23.npy
1389,"2026-04-14T15:50:43,700",experiment,9,7800,7800.61,2.92284e-07,70,63.1331634521484,15.1591672897339,64.4521560668945,64.9276275634766,229.800354003906,0,0,0.868784905338791,9.11301556501023,12.0912184748127,51.482121311233,31.4024663363493,multi_jet (46%),multi_jet (93%),undefined,,,experiment_9_sample_24.npy
1390,"2026-04-14T15:50:48,764",experiment,9,8000,8000.74,2.96822e-07,70,68.506591796875,14.8704137802124,69.4100112915039,70.1019439697266,221.129196166992,0,0,0.855014361807096,7.3342816869498,10.3683113988425,53.2892574473446,32.3948745055601,multi_jet (41%),intermitent (52%),undefined,,,experiment_9_sample_25.npy
1391,"2026-04-14T15:50:53,830",experiment,9,8200,8200.76,3.12532e-07,70,113.961418151855,15.8150720596313,114.030731201172,115.053565979004,250.116516113281,0,0,0.865896313985516,11.5021099177124,11.3807546632794,53.9218521905687,32.6585286389165,multi_jet (71%),multi_jet (93%),multi_jet,,,experiment_9_sample_26.npy
1392,"2026-04-14T15:50:58,878",experiment,9,8400,8400.7,3.4334e-07,70,89.3535003662109,15.3605680465698,89.2414474487305,90.664176940918,235.947036743164,0,0,0.905469137649492,16.7685085755847,15.6276097699304,55.4488306159338,32.1556221739426,multi_jet (68%),multi_jet (93%),multi_jet,,,experiment_9_sample_27.npy
1393,"2026-04-14T15:51:03,927",experiment,9,8600,8600.53,3.58875e-07,70,119.107177734375,14.9994897842407,118.988586425781,120.047927856445,224.984680175781,0,0,1.08889496578007,9.23265153402415,10.6171908389042,51.8887632082415,32.8652555347586,multi_jet (62%),multi_jet (75%),multi_jet,,,experiment_9_sample_28.npy
1394,"2026-04-14T15:51:08,981",experiment,9,8800,8800.45,4.13596e-07,70,168.605743408203,15.4012174606323,168.567169189453,169.307693481445,237.197494506836,0,0,0.971234221372337,11.5980737311913,14.815026630196,56.6311274343174,31.9015952766197,multi_jet (97%),multi_jet (100%),multi_jet,,,experiment_9_sample_29.npy
1395,"2026-04-14T15:51:14,031",experiment,9,9000,9000.66,4.09756e-07,70,179.621795654297,16.349983215332,178.482894897461,180.364395141602,267.321929931641,0,0,0.835846987711698,8.41086369066443,13.1777023443062,56.3953321155873,32.2199047230598,multi_jet (99%),multi_jet (100%),multi_jet,,,experiment_9_sample_30.npy
1396,"2026-04-14T15:51:36,232",experiment,9,3000,3001.16,2.26042e-08,80,3.23440742492676,15.432578086853,4.95785808563232,15.7678747177124,238.164474487305,0,0,0.260780744923401,12.5986121370878,12.9674249702917,59.0091032075388,32.767940266471,dripping (71%),dripping (100%),dripping,,,experiment_9_sample_31.npy
1397,"2026-04-14T15:51:41,284",experiment,9,3200,3201.1,3.34263e-08,80,17.1395130157471,15.2579917907715,14.8735733032227,22.9470958709717,232.80632019043,0,0,0.523356258231909,10.4880405633321,13.4350206742142,55.7016232523376,32.9929626225741,intermitent (72%),intermitent (98%),dripping,,,experiment_9_sample_32.npy
1398,"2026-04-14T15:51:46,343",experiment,9,3400,3400.97,4.01465e-08,80,11.8370847702026,15.1152009963989,9.91571617126465,19.1985912322998,228.469314575195,0,0,0.524418132218144,7.90759225481899,12.8691109255531,54.9356525945245,33.573141643247,dripping (64%),dripping (59%),dripping,,,experiment_9_sample_33.npy
1399,"2026-04-14T15:51:51,399",experiment,9,3600,3600.87,4.68667e-08,80,-5.19811582565308,15.267297744751,-4.95785808563232,16.127950668335,233.090393066406,0,0,0.756458023103417,9.84017071592191,11.7176608387879,56.4915367708554,32.8908556064849,dripping (58%),intermitent (85%),dripping,,,experiment_9_sample_34.npy
1400,"2026-04-14T15:51:56,448",experiment,9,3800,3800.83,5.22778e-08,80,-18.764102935791,15.0909366607666,-19.8314323425293,24.0796184539795,227.736358642578,0,0,0.557260434163621,10.2433172177986,12.1770291895783,52.9967820236336,32.9112349524084,intermitent (62%),intermitent (98%),dripping,,,experiment_9_sample_35.npy
1401,"2026-04-14T15:52:01,503",experiment,9,4000,4001.05,5.96962e-08,80,13.4151697158813,15.494421005249,14.8735733032227,20.4949722290039,240.077087402344,0,0,1.00614702750785,21.5607621840341,15.7538825124764,53.1716894855458,32.6769630719218,dripping (47%),intermitent (70%),dripping,,,experiment_9_sample_36.npy
1402,"2026-04-14T15:52:06,547",experiment,9,4200,4200.93,6.79e-08,80,-18.6431331634521,15.2299013137817,-19.8314323425293,24.0731449127197,231.949905395508,0,0,0.849236431593073,11.8797027115339,12.6423921988662,53.5219085171238,32.7244054252114,intermitent (68%),intermitent (99%),dripping,,,experiment_9_sample_37.npy
1403,"2026-04-14T15:52:11,619",experiment,9,4400,4401,7.49693e-08,80,30.6833896636963,15.101752281189,29.7471466064453,34.1984405517578,228.062927246094,0,0,0.603280795560752,10.6981531237467,13.3405472514876,53.9429797728178,32.4330648175732,intermitent (64%),intermitent (99%),dripping,,,experiment_9_sample_38.npy
1404,"2026-04-14T15:52:16,687",experiment,9,4600,4600.86,8.2475e-08,80,-17.6943969726563,15.0489768981934,-19.8314323425293,23.2285041809082,226.471694946289,0,0,0.554825343073565,7.04847363571877,10.8783968881795,54.0872841529169,31.6086823307153,intermitent (54%),intermitent (94%),dripping,,,experiment_9_sample_39.npy
1405,"2026-04-14T15:52:21,774",experiment,9,4800,4800.76,9.07661e-08,80,24.2747650146484,15.133936882019,24.7892913818359,28.6059455871582,229.036056518555,0,0,0.761543872495044,9.83462767059541,11.3668226003012,55.4267856320876,31.857513305439,intermitent (59%),intermitent (95%),dripping,,,experiment_9_sample_40.npy
1406,"2026-04-14T15:52:26,850",experiment,9,5000,5001,9.65263e-08,80,27.499849319458,15.1754655838013,29.7471466064453,31.4091777801514,230.29475402832,0,0,0.815218084891696,11.2846780233646,13.9146168288186,55.0627483001787,32.0746462922435,intermitent (65%),intermitent (98%),intermitent,,,experiment_9_sample_41.npy
1407,"2026-04-14T15:52:31,922",experiment,9,5200,5200.95,1.11188e-07,80,-3.91769933700562,15.3782367706299,-4.95785808563232,15.869421005249,236.490158081055,0,0,0.490840901068594,10.1747979322934,13.8790233540758,55.5783006384743,33.0366403670874,dripping (46%),dripping (76%),intermitent,,,experiment_9_sample_42.npy
1408,"2026-04-14T15:52:36,978",experiment,9,5400,5400.79,1.17035e-07,80,0.898462951183319,14.9669666290283,0,14.9939098358154,224.010101318359,0,0,0.728189741359274,7.83361846501001,11.3558993073061,53.013439697743,32.6044291225132,dripping (36%),dripping (80%),intermitent,,,experiment_9_sample_43.npy
1409,"2026-04-14T15:52:42,043",experiment,9,5600,5600.74,1.35538e-07,80,43.253345489502,15.141996383667,44.6207237243652,45.8271942138672,229.280044555664,0,0,0.508981606298217,11.8288641285433,13.2403210121124,55.1515918965374,31.7449272816266,intermitent (52%),intermitent (57%),intermitent,,,experiment_9_sample_44.npy
1410,"2026-04-14T15:52:47,121",experiment,9,5800,5800.76,1.43393e-07,80,24.0856704711914,16.3358955383301,24.7892913818359,29.1029376983643,266.861511230469,0,0,0.816797042865146,10.5247070188075,12.4607687394922,53.3263078466674,30.5094990635126,intermitent (61%),intermitent (95%),intermitent,,,experiment_9_sample_45.npy
1411,"2026-04-14T15:52:52,221",experiment,9,6000,6000.97,1.44964e-07,80,13.8430347442627,15.4274768829346,14.8735733032227,20.7276763916016,238.007034301758,0,0,0.702530369130928,14.8921688583988,12.5583994000289,56.0954303317975,31.9365136965272,intermitent (45%),intermitent (99%),intermitent,,,experiment_9_sample_46.npy
1412,"2026-04-14T15:52:57,283",experiment,9,6200,6200.89,1.56484e-07,80,61.9960289001465,14.9739608764648,59.4942932128906,63.7787399291992,224.219512939453,0,0,0.656696764712418,7.5315369669463,11.9884381844752,53.5885585822582,31.7582310927356,multi_jet (44%),multi_jet (94%),intermitent,,,experiment_9_sample_47.npy
1413,"2026-04-14T15:53:02,343",experiment,9,6400,6400.82,1.68441e-07,80,78.8788299560547,15.3165998458862,79.3257293701172,80.3521423339844,234.598220825195,0,0,0.709632872354623,15.0432843821268,11.9142405601224,55.3726648639049,31.492623761172,multi_jet (53%),multi_jet (73%),intermitent,,,experiment_9_sample_48.npy
1414,"2026-04-14T15:53:07,393",experiment,9,6600,6600.71,1.87903e-07,80,57.1476402282715,15.1792478561401,59.4942932128906,59.1292037963867,230.409576416016,0,0,0.503188587781984,10.5215157610684,12.0606034628274,55.3911563044175,31.9632727444667,multi_jet (39%),multi_jet (72%),intermitent,,,experiment_9_sample_49.npy
1415,"2026-04-14T15:53:12,456",experiment,9,6800,6800.61,1.94187e-07,80,86.5644989013672,15.1689748764038,84.2835845947266,87.8835067749023,230.097793579102,0,0,0.874312251989362,11.8644355719374,12.0974924912374,54.3484700333848,32.9906061567068,multi_jet (57%),multi_jet (82%),intermitent,,,experiment_9_sample_50.npy
1416,"2026-04-14T15:53:17,514",experiment,9,7000,7000.97,1.91743e-07,80,108.596321105957,15.1724710464478,109.072875976563,109.651107788086,230.203872680664,0,0,0.801346297656518,13.3822003046827,12.2223958977523,53.920133335281,31.4810388214482,multi_jet (57%),multi_jet (73%),undefined,,,experiment_9_sample_51.npy
1417,"2026-04-14T15:53:22,571",experiment,9,7200,7200.89,1.98201e-07,80,113.685668945313,15.0063772201538,114.030731201172,114.671806335449,225.191360473633,0,0,0.598766721569614,9.43861320011307,12.2814717848981,52.2790581436756,31.4533533119301,multi_jet (69%),multi_jet (99%),undefined,,,experiment_9_sample_52.npy
1418,"2026-04-14T15:53:27,643",experiment,9,7400,7400.79,2.06143e-07,80,72.9581527709961,15.1469583511353,74.3678741455078,74.5139083862305,229.430358886719,0,0,0.961265469824487,10.8164037737135,12.6065469966561,54.164729932288,32.5095021220608,multi_jet (48%),multi_jet (82%),intermitent,,,experiment_9_sample_53.npy
1419,"2026-04-14T15:53:32,699",experiment,9,7600,7600.67,2.23598e-07,80,43.4418449401855,17.2137241363525,44.6207237243652,46.7279968261719,296.312286376953,0,0,1.26516698871306,16.4022088655034,14.0282641055202,53.3757846424744,31.2759524949355,multi_jet (46%),intermitent (99%),intermitent,,,experiment_9_sample_54.npy
1420,"2026-04-14T15:53:37,751",experiment,9,7800,7800.59,2.31017e-07,80,120.839859008789,15.2851762771606,118.988586425781,121.802734375,233.636627197266,0,0,0.714849345315017,13.5177601912106,13.3277250338235,54.6866470578656,32.1262098565876,multi_jet (64%),multi_jet (98%),intermitent,,,experiment_9_sample_55.npy
1421,"2026-04-14T15:53:42,836",experiment,9,8000,8000.7,2.6165e-07,80,64.6908264160156,15.3136529922485,64.4521560668945,66.4786529541016,234.507965087891,0,0,0.668712475649386,11.2366035403366,13.4137873010192,57.9157750567107,31.9571300035728,multi_jet (48%),multi_jet (74%),intermitent,,,experiment_9_sample_56.npy
1422,"2026-04-14T15:53:47,896",experiment,9,8200,8200.75,2.89142e-07,80,50.5541915893555,15.3008346557617,49.5785827636719,52.8189468383789,234.11555480957,0,0,0.59202703999753,9.2119162302335,12.7383080152953,56.9149626599342,31.4186826425657,intermitent (41%),intermitent (86%),undefined,,,experiment_9_sample_57.npy
1423,"2026-04-14T15:53:52,957",experiment,9,8400,8400.71,3.0843e-07,80,73.1181869506836,16.6222457885742,74.3678741455078,74.9837875366211,276.299072265625,0,0,0.720032315899648,8.22990737154983,12.1656333460438,52.9083745707893,31.0041603137756,multi_jet (55%),multi_jet (99%),multi_jet,,,experiment_9_sample_58.npy
1424,"2026-04-14T15:53:58,024",experiment,9,8600,8600.54,2.71687e-07,80,73.4369812011719,15.867769241333,74.3678741455078,75.1317291259766,251.786087036133,0,0,0.96106490545444,10.5272842159458,11.8775962044246,54.0234366841851,32.5357499157785,multi_jet (61%),multi_jet (76%),multi_jet,,,experiment_9_sample_59.npy
1425,"2026-04-14T15:54:03,093",experiment,9,8800,8800.46,2.77622e-07,80,69.3862075805664,15.4574661254883,69.4100112915039,71.0871353149414,238.93327331543,0,0,0.957609744396797,15.7260559608438,15.2610854893317,57.4523050057539,31.909553263761,multi_jet (53%),multi_jet (77%),multi_jet,,,experiment_9_sample_60.npy
1426,"2026-04-14T15:54:08,168",experiment,9,9000,9000.69,2.75702e-07,80,75.0328216552734,15.3150577545166,74.3678741455078,76.5798645019531,234.550979614258,0,0,0.874770244941037,15.0073189385255,12.0922891108615,53.220487161938,32.8167896118498,multi_jet (57%),multi_jet (93%),multi_jet,,,experiment_9_sample_61.npy
1427,"2026-04-14T15:54:30,345",experiment,9,3000,3001.16,1.52731e-08,90,-7.41933488845825,15.5409889221191,-9.91571617126465,17.2211761474609,241.522338867188,0,0,0.427089906922423,12.9864778738198,15.1351190301266,56.9772952426894,34.0702832626951,dripping (82%),dripping (100%),unconclusive,,,experiment_9_sample_62.npy
1428,"2026-04-14T15:54:35,411",experiment,9,3200,3201.1,2.49606e-08,90,4.87040138244629,15.2026453018188,4.95785808563232,15.9637489318848,231.12043762207,0,0,0.598482536203158,12.7003343919613,12.6911897941088,55.6952452812231,32.5361407637722,dripping (73%),dripping (86%),unconclusive,,,experiment_9_sample_63.npy
1429,"2026-04-14T15:54:40,473",experiment,9,3400,3400.99,2.96735e-08,90,23.7458591461182,14.9773988723755,24.7892913818359,28.0746917724609,224.322463989258,0,0,0.725948465642816,8.11273624809343,11.1682592789258,56.4931998635505,32.5762365460135,intermitent (78%),intermitent (100%),dripping,,,experiment_9_sample_64.npy
1430,"2026-04-14T15:54:45,519",experiment,9,3600,3600.89,3.78774e-08,90,-15.9674758911133,15.4180917739868,-14.8735733032227,22.196346282959,237.717559814453,0,0,0.734864737536995,12.3847232628023,14.11085314015,54.6520321462347,32.2333144964536,intermitent (61%),intermitent (94%),dripping,,,experiment_9_sample_65.npy
1431,"2026-04-14T15:54:50,575",experiment,9,3800,3800.86,4.38993e-08,90,-9.05909729003906,15.6535577774048,-9.91571617126465,18.0859375,245.033874511719,0,0,0.580406552286125,15.1596065274996,14.997185020934,59.1892097423744,33.5798255386402,dripping (71%),dripping (53%),dripping,,,experiment_9_sample_66.npy
1432,"2026-04-14T15:54:55,630",experiment,9,4000,4001.05,4.77395e-08,90,19.0197315216064,15.264048576355,19.8314323425293,24.3873195648193,232.991180419922,0,0,0.694370606465613,16.4852190394175,12.2202730948876,56.7754641552238,31.0844649265178,intermitent (75%),intermitent (100%),dripping,,,experiment_9_sample_67.npy
1433,"2026-04-14T15:55:00,688",experiment,9,4200,4200.94,5.27141e-08,90,31.4550304412842,15.427188873291,29.7471466064453,35.0345115661621,237.998153686523,0,0,0.538689954332916,16.6274791896248,13.9453351133087,56.6063599441186,32.3980087766023,intermitent (74%),intermitent (100%),dripping,,,experiment_9_sample_68.npy
1434,"2026-04-14T15:55:05,776",experiment,9,4400,4401,6.01325e-08,90,-8.99781799316406,15.1569948196411,-9.91571617126465,17.6265487670898,229.734481811523,0,0,0.526083067641582,9.15924680928776,12.0254630168043,56.5292866529066,32.1433652754511,dripping (61%),dripping (74%),dripping,,,experiment_9_sample_69.npy
1435,"2026-04-14T15:55:10,840",experiment,9,4600,4600.87,6.79873e-08,90,13.1001491546631,15.5177545547485,14.8735733032227,20.3079948425293,240.800720214844,0,0,0.419822348052176,16.2626952440086,14.4679764357611,55.6191990537094,33.2795881968781,dripping (42%),intermitent (91%),dripping,,,experiment_9_sample_70.npy
1436,"2026-04-14T15:55:15,878",experiment,9,4800,4800.76,7.16528e-08,90,-18.7213668823242,15.4925956726074,-19.8314323425293,24.3004150390625,240.020523071289,0,0,0.987481977168257,15.5909008934737,14.460166445426,57.019829111707,32.2281297968215,intermitent (65%),intermitent (97%),dripping,,,experiment_9_sample_71.npy
1437,"2026-04-14T15:55:20,941",experiment,9,5000,5001.01,7.68894e-08,90,-19.4386692047119,15.4153699874878,-19.8314323425293,24.8091831207275,237.633636474609,0,0,0.757953620929145,15.4513609110072,12.7437653365906,55.8916693331186,32.3462169467872,intermitent (61%),intermitent (99%),dripping,,,experiment_9_sample_72.npy
1438,"2026-04-14T15:55:25,903",experiment,9,5200,5200.96,8.91079e-08,90,-18.0683193206787,15.2866086959839,-19.8314323425293,23.6673736572266,233.680404663086,0,0,0.775405778112895,10.7814373112122,14.6211417464202,56.6989203584243,33.5516543700518,intermitent (53%),intermitent (89%),dripping,,,experiment_9_sample_73.npy
1439,"2026-04-14T15:55:30,967",experiment,9,5400,5400.81,9.16388e-08,90,13.9933547973633,15.0642375946045,14.8735733032227,20.56077003479,226.931243896484,0,0,1.15964687816491,8.67714566513426,11.1830689226027,55.0489985115338,32.6853351862039,intermitent (47%),intermitent (52%),intermitent,,,experiment_9_sample_74.npy
1440,"2026-04-14T15:55:36,028",experiment,9,5600,5600.75,1.01762e-07,90,24.437780380249,15.2815256118774,24.7892913818359,28.8223896026611,233.525024414063,0,0,0.797543517895012,14.1667874145215,14.1443408950837,56.1342213270911,32.3962042603614,intermitent (52%),intermitent (95%),intermitent,,,experiment_9_sample_75.npy
1441,"2026-04-14T15:55:41,105",experiment,9,5800,5800.75,1.15901e-07,90,34.2853736877441,15.140811920166,34.705005645752,37.4797439575195,229.244186401367,0,0,0.930785499339323,9.73235348417844,13.7863656176893,55.0079400568721,31.6659346045624,intermitent (54%),intermitent (83%),intermitent,,,experiment_9_sample_76.npy
1442,"2026-04-14T15:55:46,210",experiment,9,6000,6000.94,1.28469e-07,90,36.658203125,15.0535430908203,34.705005645752,39.6286888122559,226.609161376953,0,0,0.732861380211647,9.71114437132439,14.6870941974531,52.2886456160107,32.2820006069307,intermitent (45%),multi_jet (58%),intermitent,,,experiment_9_sample_77.npy
1443,"2026-04-14T15:55:51,261",experiment,9,6200,6200.88,1.29952e-07,90,39.6195335388184,15.2666797637939,39.6628646850586,42.4591445922852,233.071517944336,0,0,0.898967337230727,10.7460319438024,13.0495465198304,57.68088706884,32.1699691297146,intermitent (47%),intermitent (95%),intermitent,,,experiment_9_sample_78.npy
1444,"2026-04-14T15:55:56,303",experiment,9,6400,6400.83,1.25763e-07,90,-2.15171027183533,15.1846199035645,0,15.336314201355,230.572677612305,0,0,1.00045380638359,9.98703148331965,11.5840005148606,54.2372890532757,32.8788476853761,intermitent (44%),intermitent (72%),intermitent,,,experiment_9_sample_79.npy
1445,"2026-04-14T15:56:01,382",experiment,9,6600,6600.69,1.36411e-07,90,0.622607827186584,15.1367311477661,0,15.1495294570923,229.120635986328,0,0,0.603792939602724,8.22886660179481,11.0063814215989,56.007693019857,32.829600200789,intermitent (46%),intermitent (78%),intermitent,,,experiment_9_sample_80.npy
1446,"2026-04-14T15:56:06,450",experiment,9,6800,6800.64,1.49676e-07,90,27.6512622833252,15.09437084198,29.7471466064453,31.502893447876,227.840042114258,0,0,0.898295822918293,11.1739893450224,11.6065989203678,52.5658109847499,32.7836762010904,intermitent (56%),intermitent (99%),intermitent,,,experiment_9_sample_81.npy
1447,"2026-04-14T15:56:11,511",experiment,9,7000,7000.95,1.50811e-07,90,91.2553176879883,15.3842906951904,89.2414474487305,92.5430221557617,236.676406860352,0,0,0.759486068364121,16.9103079662928,13.6072853611062,57.3494180742651,31.7950454746842,multi_jet (64%),multi_jet (92%),intermitent,,,experiment_9_sample_82.npy
1448,"2026-04-14T15:56:16,551",experiment,9,7200,7200.89,1.88601e-07,90,60.9495315551758,15.0660533905029,59.4942932128906,62.7840042114258,226.985977172852,0,0,0.723929661297228,10.447726585408,11.0283665006192,52.9338533271373,32.2221571623765,multi_jet (48%),multi_jet (98%),intermitent,,,experiment_9_sample_83.npy
1449,"2026-04-14T15:56:21,614",experiment,9,7400,7400.75,1.93663e-07,90,18.3303909301758,15.2651929855347,19.8314323425293,23.8543357849121,233.026123046875,0,0,0.664093650301286,12.3522306905341,14.2068400598871,54.4065217606941,32.3315405842558,intermitent (54%),intermitent (99%),undefined,,,experiment_9_sample_84.npy
1450,"2026-04-14T15:56:26,663",experiment,9,7600,7600.68,1.98114e-07,90,14.8543376922607,15.2995233535767,14.8735733032227,21.3243217468262,234.075424194336,0,0,1.04177908425126,15.3873465682635,16.1595240436842,55.0636899309792,31.5852444288225,intermitent (59%),intermitent (100%),undefined,,,experiment_9_sample_85.npy
1451,"2026-04-14T15:56:31,718",experiment,9,7800,7800.58,1.96979e-07,90,25.5303897857666,16.2910537719727,24.7892913818359,30.2852973937988,265.3984375,0,0,1.10641718672649,14.0063323316185,14.4713486704672,55.9102908564565,32.1838699785792,intermitent (62%),intermitent (100%),undefined,,,experiment_9_sample_86.npy
1452,"2026-04-14T15:56:36,773",experiment,9,8000,8000.71,2.28835e-07,90,102.651062011719,15.2447233200073,104.115013122559,103.776885986328,232.401580810547,0,0,1.00663631120719,7.88815463864092,11.6307810610876,56.3295994866477,31.851337870317,multi_jet (62%),multi_jet (89%),intermitent,,,experiment_9_sample_87.npy
1453,"2026-04-14T15:56:41,828",experiment,9,8200,8200.76,2.20893e-07,90,55.9491310119629,15.2643013000488,54.5364379882813,57.9940032958984,232.998886108398,0,0,0.993878715104422,11.504618281941,13.3263914900541,57.6465832590571,31.8631467693577,intermitent (41%),intermitent (49%),intermitent,,,experiment_9_sample_88.npy
1454,"2026-04-14T15:56:46,904",experiment,9,8400,8400.69,2.77884e-07,90,96.866828918457,15.5496892929077,99.1571655273438,98.1069564819336,241.792846679688,0,0,1.23543677840657,16.4450086398967,13.1440784874313,59.0600595579663,32.3306963545432,multi_jet (58%),multi_jet (73%),undefined,,,experiment_9_sample_89.npy
1455,"2026-04-14T15:56:51,975",experiment,9,8600,8600.52,2.57287e-07,90,68.1147232055664,18.2029457092285,69.4100112915039,70.5050506591797,331.347198486328,0,0,1.31287296158242,11.8518818662368,11.9030463335899,57.910089858414,32.1753039955494,intermitent (46%),intermitent (87%),undefined,,,experiment_9_sample_90.npy
1456,"2026-04-14T15:56:57,029",experiment,9,8800,8800.45,2.75527e-07,90,67.5856170654297,15.5402803421021,69.4100112915039,69.349235534668,241.500305175781,0,0,1.19339453861353,17.8928494729225,16.2627080128243,57.7505580643659,32.7759994820553,multi_jet (46%),intermitent (59%),undefined,,,experiment_9_sample_91.npy
1457,"2026-04-14T15:57:02,085",experiment,9,9000,9000.69,2.61476e-07,90,133.884475708008,15.156717300415,133.862167358398,134.739669799805,229.72607421875,0,0,1.06611207119051,11.8410880127549,13.2055138780958,53.1036980747575,31.4554990219349,multi_jet (60%),multi_jet (59%),undefined,,,experiment_9_sample_92.npy
